date,code,open,high,low,close,volume,amount,name
2024-01-02,sz300308,112.85,114.78,110.53,110.61,14791052,1636038261.72,中际旭创
2024-01-03,sz300308,109.11,109.99,104.89,104.99,22108689,2321191258.1099997,中际旭创
2024-01-04,sz300308,104.7,105.67,102.36,104.0,16650744,1731677376.0,中际旭创
2024-01-05,sz300308,103.62,104.5,99.2,100.03,17552090,1755735562.7,中际旭创
2024-01-08,sz300308,99.8,101.11,97.82,98.8,13263010,1310385388.0,中际旭创
2024-01-09,sz300308,101.78,103.53,100.5,101.32,20001059,2026507297.8799999,中际旭创
2024-01-10,sz300308,101.33,102.71,98.3,100.0,13860209,1386020900.0,中际旭创
2024-01-11,sz300308,100.0,104.48,99.91,103.39,19289732,1994365391.48,中际旭创
2024-01-12,sz300308,102.63,102.98,99.56,100.56,13842001,1391951620.56,中际旭创
2024-01-15,sz300308,99.36,103.6,99.36,101.88,12647626,1288540136.8799999,中际旭创
2024-01-16,sz300308,100.89,101.26,98.4,100.29,16902585,1695160249.65,中际旭创
2024-01-17,sz300308,100.66,102.84,99.02,99.02,19193181,1900508782.62,中际旭创
2024-01-18,sz300308,97.04,109.95,96.83,109.83,37099766,4074667299.7799997,中际旭创
2024-01-19,sz300308,112.3,113.58,110.39,111.0,31897323,3540602853.0,中际旭创
2024-01-22,sz300308,116.0,116.5,110.99,111.6,32714966,3650990205.6,中际旭创
2024-01-23,sz300308,111.99,117.26,110.84,114.0,29756999,3392297886.0,中际旭创
2024-01-24,sz300308,113.65,114.18,108.98,113.7,26955248,3064811697.6,中际旭创
2024-01-25,sz300308,112.48,119.2,111.42,118.35,29700979,3515110864.6499996,中际旭创
2024-01-26,sz300308,117.99,118.0,113.8,115.96,23214974,2692008385.04,中际旭创
2024-01-29,sz300308,113.65,113.65,96.7,103.82,42655860,4428531385.2,中际旭创
2024-01-30,sz300308,103.0,105.8,100.73,101.2,21396846,2165360815.2000003,中际旭创
2024-01-31,sz300308,100.02,107.89,98.75,102.8,28299456,2909184076.7999997,中际旭创
2024-02-01,sz300308,103.79,116.0,101.55,111.05,35111551,3899137738.5499997,中际旭创
2024-02-02,sz300308,111.88,113.88,107.7,109.85,27957811,3071165538.35,中际旭创
2024-02-05,sz300308,108.0,117.43,107.87,112.0,36554728,4094129536.0,中际旭创
2024-02-06,sz300308,110.66,124.88,109.8,124.88,35496880,4432850374.4,中际旭创
2024-02-07,sz300308,123.1,125.99,121.59,124.61,27058041,3371702489.0099998,中际旭创
2024-02-08,sz300308,127.5,137.0,124.8,127.0,35591806,4520159362.0,中际旭创
2024-02-19,sz300308,138.0,152.4,133.86,152.4,41589102,6338179144.8,中际旭创
2024-02-20,sz300308,153.0,162.99,151.0,159.5,44837230,7151538185.0,中际旭创
2024-02-21,sz300308,152.0,154.03,147.3,149.96,45141645,6769441084.200001,中际旭创
2024-02-22,sz300308,158.05,159.64,149.47,154.51,41951491,6481924874.41,中际旭创
2024-02-23,sz300308,160.0,161.0,147.05,147.73,49034104,7243808183.919999,中际旭创
2024-02-26,sz300308,142.03,151.41,142.03,149.03,33292672,4961606908.16,中际旭创
2024-02-27,sz300308,147.46,164.7,146.02,161.94,45132277,7308720937.38,中际旭创
2024-02-28,sz300308,161.0,162.9,149.81,149.81,40110610,6008970484.1,中际旭创
2024-02-29,sz300308,153.0,158.8,151.0,155.16,36809385,5711344176.599999,中际旭创
2024-03-01,sz300308,156.03,163.52,156.03,161.1,37820658,6092908003.8,中际旭创
2024-03-04,sz300308,166.11,170.66,160.11,165.66,40503456,6709802520.96,中际旭创
2024-03-05,sz300308,163.3,179.9,162.62,169.16,46923422,7937566065.5199995,中际旭创
2024-03-06,sz300308,167.0,170.2,162.84,167.28,30407979,5086646727.12,中际旭创
2024-03-07,sz300308,170.0,174.77,164.0,164.14,30368922,4984754857.08,中际旭创
2024-03-08,sz300308,168.87,176.93,164.65,174.99,36453783,6379047487.17,中际旭创
2024-03-11,sz300308,167.03,170.97,164.28,170.6,34161721,5827989602.599999,中际旭创
2024-03-12,sz300308,169.8,171.59,159.77,164.85,36190452,5965996012.2,中际旭创
2024-03-13,sz300308,171.41,171.88,164.89,165.0,31768352,5241778080.0,中际旭创
2024-03-14,sz300308,162.0,172.0,162.0,169.53,31101666,5272665436.9800005,中际旭创
2024-03-15,sz300308,167.0,180.4,165.59,177.36,38974233,6912469964.88,中际旭创
2024-03-18,sz300308,178.75,186.08,177.59,179.99,32993596,5938517344.04,中际旭创
2024-03-19,sz300308,173.31,176.65,171.45,173.81,33277231,5783915520.11,中际旭创
2024-03-20,sz300308,172.0,175.66,166.0,168.96,32157969,5433410442.240001,中际旭创
2024-03-21,sz300308,169.24,172.66,166.33,167.68,25327281,4246878478.0800004,中际旭创
2024-03-22,sz300308,168.0,170.52,166.36,167.68,22615344,3792140881.92,中际旭创
2024-03-25,sz300308,167.96,171.88,164.0,166.51,22335677,3719113577.27,中际旭创
2024-03-26,sz300308,165.51,172.78,150.0,158.5,46524626,7374153221.0,中际旭创
2024-03-27,sz300308,160.78,161.97,152.76,154.2,29085648,4485006921.599999,中际旭创
2024-03-28,sz300308,155.01,159.88,151.13,154.69,26330865,4073121506.85,中际旭创
2024-03-29,sz300308,153.1,157.0,151.85,156.56,16722033,2618001486.48,中际旭创
2024-04-01,sz300308,157.79,163.88,155.77,163.0,21793143,3552282309.0,中际旭创
2024-04-02,sz300308,162.0,166.0,160.03,162.55,19455616,3162510380.8,中际旭创
2024-04-03,sz300308,159.0,160.55,155.63,156.1,16630436,2596011059.6,中际旭创
2024-04-08,sz300308,155.6,169.3,155.6,164.56,25924309,4266104289.04,中际旭创
2024-04-09,sz300308,164.0,165.98,160.23,164.9,17038329,2809620452.1,中际旭创
2024-04-10,sz300308,162.27,164.88,157.0,159.5,16849086,2687429217.0,中际旭创
2024-04-11,sz300308,161.0,164.58,159.79,160.15,14886291,2384039503.65,中际旭创
2024-04-12,sz300308,164.0,174.3,163.5,169.33,30735097,5204373975.01,中际旭创
2024-04-15,sz300308,167.79,172.54,166.56,169.5,17939594,3040761183.0,中际旭创
2024-04-16,sz300308,167.3,172.5,163.05,166.36,18793545,3126494146.2000003,中际旭创
2024-04-17,sz300308,168.33,176.05,166.0,174.61,21453565,3746006984.65,中际旭创
2024-04-18,sz300308,170.66,176.3,168.2,173.38,16413547,2845780778.86,中际旭创
2024-04-19,sz300308,172.15,175.24,163.9,170.7,21452837,3661999275.8999996,中际旭创
2024-04-22,sz300308,155.0,159.99,150.88,158.36,34918256,5529655020.160001,中际旭创
2024-04-23,sz300308,158.97,161.86,154.47,157.51,24066710,3790747492.1,中际旭创
2024-04-24,sz300308,159.77,169.0,157.86,168.27,27610733,4646058041.91,中际旭创
2024-04-25,sz300308,164.9,167.83,163.28,164.15,16671806,2736676954.9,中际旭创
2024-04-26,sz300308,170.99,187.98,170.6,184.86,40657835,7516007378.1,中际旭创
2024-04-29,sz300308,187.96,190.0,185.52,187.7,24975974,4687990319.8,中际旭创
2024-04-30,sz300308,187.5,192.88,186.1,186.31,16590148,3090910473.88,中际旭创
2024-05-06,sz300308,191.0,192.61,182.85,183.22,19870175,3640613463.5,中际旭创
2024-05-07,sz300308,187.78,188.72,172.1,176.79,30864435,5456523463.65,中际旭创
2024-05-08,sz300308,175.5,177.93,173.5,174.8,16068787,2808823967.6000004,中际旭创
2024-05-09,sz300308,173.9,174.6,168.22,173.18,18207993,3153260227.7400002,中际旭创
2024-05-10,sz300308,170.8,172.68,166.68,171.2,15323894,2623450652.7999997,中际旭创
2024-05-13,sz300308,172.5,176.0,170.46,171.55,16663990,2858707484.5,中际旭创
2024-05-14,sz300308,171.86,173.0,164.69,165.43,21466095,3551136095.8500004,中际旭创
2024-05-15,sz300308,165.01,171.21,164.5,166.77,15412144,2570283254.88,中际旭创
2024-05-16,sz300308,171.98,174.58,170.0,170.5,23207531,3956884035.5,中际旭创
2024-05-17,sz300308,167.8,173.31,164.23,170.58,19908093,3395922503.94,中际旭创
2024-05-20,sz300308,169.0,178.85,166.5,176.86,24224938,4284422534.6800003,中际旭创
2024-05-21,sz300308,176.66,180.3,175.75,177.43,13305216,2360744474.88,中际旭创
2024-05-22,sz300308,176.0,176.88,172.72,173.17,13940035,2413995860.95,中际旭创
2024-05-23,sz300308,178.0,179.67,168.88,173.79,22164506,3851969497.74,中际旭创
2024-05-24,sz300308,172.0,179.74,164.98,165.39,27366578,4526158335.42,中际旭创
2024-05-27,sz300308,166.11,170.89,165.0,168.39,16695123,2811291761.97,中际旭创
2024-05-28,sz300308,167.0,167.39,160.1,161.01,24734629,3982522615.29,中际旭创
2024-05-29,sz300308,165.0,166.0,160.47,161.0,15789813,2542159893.0,中际旭创
2024-05-30,sz300308,161.1,162.9,158.66,159.97,10958541,1753037803.77,中际旭创
2024-05-31,sz300308,157.0,162.68,154.54,157.27,14953577,2351749054.79,中际旭创
2024-06-03,sz300308,161.0,171.71,159.33,168.35,28507597,4799253954.95,中际旭创
2024-06-04,sz300308,170.0,174.99,169.4,173.0,20440158,3536147334.0,中际旭创
2024-06-05,sz300308,172.1,173.5,166.96,166.96,14107165,2355332268.4,中际旭创
2024-06-06,sz300308,123.3,129.92,123.3,125.42,40541005,5084652847.1,中际旭创
2024-06-07,sz300308,124.1,125.94,118.99,119.51,31591658,3775519047.58,中际旭创
2024-06-11,sz300308,118.99,121.66,117.39,119.01,19973543,2377051352.4300003,中际旭创
2024-06-12,sz300308,119.0,121.33,117.02,119.21,16624956,1981861004.76,中际旭创
2024-06-13,sz300308,120.87,126.43,119.68,123.7,30630949,3789048391.3,中际旭创
2024-06-14,sz300308,125.01,140.48,124.08,138.3,58687383,8116465068.900001,中际旭创
2024-06-17,sz300308,141.0,144.94,140.5,142.51,37826641,5390674608.91,中际旭创
2024-06-18,sz300308,142.58,151.49,142.58,146.91,34457834,5062200392.94,中际旭创
2024-06-19,sz300308,149.75,150.24,144.2,146.0,24641347,3597636662.0,中际旭创
2024-06-20,sz300308,146.0,148.96,144.66,144.7,20839844,3015525426.7999997,中际旭创
2024-06-21,sz300308,140.5,145.8,140.01,143.0,23695838,3388504834.0,中际旭创
2024-06-24,sz300308,145.2,146.49,139.55,140.21,20461306,2868879714.26,中际旭创
2024-06-25,sz300308,135.0,137.6,133.55,134.9,26448922,3567959577.8,中际旭创
2024-06-26,sz300308,138.0,140.77,137.6,140.0,26628316,3727964240.0,中际旭创
2024-06-27,sz300308,137.97,140.0,135.8,136.14,17307415,2356231478.1,中际旭创
2024-06-28,sz300308,136.0,141.84,135.75,137.88,22826311,3147291760.68,中际旭创
2024-07-01,sz300308,137.35,146.33,137.01,144.9,29649324,4296187047.6,中际旭创
2024-07-02,sz300308,144.98,147.66,142.7,145.61,22876893,3331104389.7300005,中际旭创
2024-07-03,sz300308,144.0,144.45,140.1,143.5,15117526,2169364981.0,中际旭创
2024-07-04,sz300308,145.8,147.35,143.01,143.01,17276664,2470735718.64,中际旭创
2024-07-05,sz300308,143.6,144.28,138.71,141.5,18038676,2552472654.0,中际旭创
2024-07-08,sz300308,146.09,147.0,142.39,144.39,20380790,2942782268.1,中际旭创
2024-07-09,sz300308,143.89,156.0,142.41,154.33,31006787,4785277437.71,中际旭创
2024-07-10,sz300308,154.0,157.97,152.58,157.53,23634459,3723136326.27,中际旭创
2024-07-11,sz300308,159.21,159.68,149.3,153.26,29084256,4457453074.559999,中际旭创
2024-07-12,sz300308,148.11,150.97,146.0,150.12,20031226,3007087647.12,中际旭创
2024-07-15,sz300308,148.0,151.37,145.3,149.58,17939747,2683427356.26,中际旭创
2024-07-16,sz300308,149.68,150.48,143.8,148.12,25208646,3733904645.52,中际旭创
2024-07-17,sz300308,146.98,147.47,140.43,141.71,28992286,4108496849.0600004,中际旭创
2024-07-18,sz300308,136.01,140.51,133.25,140.0,33790852,4730719280.0,中际旭创
2024-07-19,sz300308,137.2,139.3,134.96,134.98,22467107,3032610102.8599997,中际旭创
2024-07-22,sz300308,134.0,136.5,132.14,134.6,20627130,2776411698.0,中际旭创
2024-07-23,sz300308,137.0,137.08,130.9,130.92,20271751,2653977640.9199996,中际旭创
2024-07-24,sz300308,129.51,135.5,129.19,130.34,22128889,2884279392.26,中际旭创
2024-07-25,sz300308,126.7,127.38,120.85,122.27,34355360,4200629867.2,中际旭创
2024-07-26,sz300308,122.71,125.8,121.07,124.25,22474501,2792456749.25,中际旭创
2024-07-29,sz300308,123.99,131.31,123.16,129.59,26996345,3498456348.55,中际旭创
2024-07-30,sz300308,128.0,129.48,125.68,127.66,15853869,2023904916.54,中际旭创
2024-07-31,sz300308,126.38,130.0,123.1,129.5,28132675,3643181412.5,中际旭创
2024-08-01,sz300308,134.5,135.45,129.51,129.9,27979215,3634500028.5,中际旭创
2024-08-02,sz300308,122.38,124.22,118.68,118.98,37967625,4517388022.5,中际旭创
2024-08-05,sz300308,113.04,116.8,108.99,110.12,47058902,5182126288.24,中际旭创
2024-08-06,sz300308,114.9,117.24,112.92,114.48,33381785,3821546746.8,中际旭创
2024-08-07,sz300308,113.0,116.0,112.0,113.32,20635259,2338387549.8799996,中际旭创
2024-08-08,sz300308,110.0,112.29,109.0,110.5,20445152,2259189296.0,中际旭创
2024-08-09,sz300308,113.0,115.0,112.28,112.53,25518205,2871563608.65,中际旭创
2024-08-12,sz300308,112.35,115.4,112.35,113.35,17528998,1986911923.3,中际旭创
2024-08-13,sz300308,115.0,118.49,114.1,116.94,25479647,2979589920.18,中际旭创
2024-08-14,sz300308,120.02,120.5,115.78,115.78,20635483,2389176221.7400002,中际旭创
2024-08-15,sz300308,115.76,116.92,113.8,115.1,14976250,1723766375.0,中际旭创
2024-08-16,sz300308,118.2,121.89,118.2,119.96,27506293,3299654908.2799997,中际旭创
2024-08-19,sz300308,121.2,123.65,119.45,121.64,18725366,2277753520.2400002,中际旭创
2024-08-20,sz300308,123.99,125.18,121.25,121.69,16960535,2063927504.1499999,中际旭创
2024-08-21,sz300308,120.2,123.77,120.0,122.22,13381497,1635486563.34,中际旭创
2024-08-22,sz300308,122.46,123.27,120.47,121.39,10673465,1295651916.35,中际旭创
2024-08-23,sz300308,120.99,121.48,118.5,119.92,12275356,1472060691.52,中际旭创
2024-08-26,sz300308,121.8,122.37,112.86,114.34,26366268,3014719083.12,中际旭创
2024-08-27,sz300308,113.51,115.58,111.72,113.25,16377596,1854762747.0,中际旭创
2024-08-28,sz300308,113.0,115.51,111.23,112.56,14895224,1676606413.44,中际旭创
2024-08-29,sz300308,106.77,107.5,102.3,106.64,37485099,3997410957.36,中际旭创
2024-08-30,sz300308,106.42,110.9,106.33,108.9,31259546,3404164559.4,中际旭创
2024-09-02,sz300308,108.55,109.37,104.0,104.13,22085824,2299796853.12,中际旭创
2024-09-03,sz300308,104.15,106.11,103.2,105.31,13014877,1370596696.8700001,中际旭创
2024-09-04,sz300308,99.0,103.16,98.0,101.9,31225853,3181914420.7000003,中际旭创
2024-09-05,sz300308,101.89,104.01,100.41,101.67,18634620,1894581815.4,中际旭创
2024-09-06,sz300308,101.0,102.21,99.19,99.42,14485606,1440158948.52,中际旭创
2024-09-09,sz300308,98.6,102.3,97.76,102.0,19469552,1985894304.0,中际旭创
2024-09-10,sz300308,102.2,108.73,101.34,106.43,33098828,3522708264.0400004,中际旭创
2024-09-11,sz300308,108.38,109.15,105.56,106.18,19611607,2082360431.2600002,中际旭创
2024-09-12,sz300308,111.0,112.0,107.9,108.0,22198433,2397430764.0,中际旭创
2024-09-13,sz300308,108.3,116.7,108.27,115.94,35283994,4090826264.36,中际旭创
2024-09-18,sz300308,114.0,116.22,113.01,113.64,15117560,1717959518.4,中际旭创
2024-09-19,sz300308,114.12,114.59,106.66,110.03,27338454,3008050093.62,中际旭创
2024-09-20,sz300308,111.9,112.5,108.18,109.0,16076308,1752317572.0,中际旭创
2024-09-23,sz300308,108.18,111.21,107.49,108.9,12615349,1373811506.1000001,中际旭创
2024-09-24,sz300308,109.13,122.17,109.13,122.16,36020719,4400291033.04,中际旭创
2024-09-25,sz300308,125.69,126.5,121.61,121.99,28631151,3492714110.49,中际旭创
2024-09-26,sz300308,123.01,129.98,121.7,129.68,26838969,3480477499.92,中际旭创
2024-09-27,sz300308,128.79,137.68,126.06,133.6,49555524,6620618006.4,中际旭创
2024-09-30,sz300308,136.0,155.5,132.0,154.86,61306531,9493929390.660002,中际旭创
2024-10-08,sz300308,185.8,185.83,161.7,185.83,74989328,13935266822.240002,中际旭创
2024-10-09,sz300308,175.11,185.57,163.5,166.4,65754769,10941593561.6,中际旭创
2024-10-10,sz300308,168.2,169.69,157.0,162.71,46360897,7543381550.870001,中际旭创
2024-10-11,sz300308,159.01,168.3,156.69,159.64,35176110,5615514200.4,中际旭创
2024-10-14,sz300308,159.0,162.58,152.35,162.0,42267443,6847325766.0,中际旭创
2024-10-15,sz300308,161.0,167.06,157.68,157.8,32637433,5150186927.400001,中际旭创
2024-10-16,sz300308,151.86,154.73,147.66,148.7,37880480,5632827376.0,中际旭创
2024-10-17,sz300308,151.0,153.5,148.75,150.5,25106707,3778559403.5,中际旭创
2024-10-18,sz300308,150.0,177.0,149.66,168.0,58646401,9852595368.0,中际旭创
2024-10-21,sz300308,166.4,171.8,159.11,164.97,54772748,9035860237.56,中际旭创
2024-10-22,sz300308,169.0,170.33,163.5,170.0,40726439,6923494630.0,中际旭创
2024-10-23,sz300308,160.0,162.62,155.7,156.16,60557867,9456716510.72,中际旭创
2024-10-24,sz300308,154.85,165.98,154.5,157.1,44036428,6918122838.8,中际旭创
2024-10-25,sz300308,158.89,159.81,153.65,156.36,38942613,6089066968.68,中际旭创
2024-10-28,sz300308,156.37,156.75,148.1,150.54,40852110,6149876639.4,中际旭创
2024-10-29,sz300308,147.9,148.0,143.07,143.47,49801454,7145014605.38,中际旭创
2024-10-30,sz300308,143.0,145.5,139.32,141.25,36838890,5203493212.5,中际旭创
2024-10-31,sz300308,140.0,146.28,138.8,143.02,37454132,5356689958.64,中际旭创
2024-11-01,sz300308,141.48,145.86,139.51,140.73,29520830,4154466405.8999996,中际旭创
2024-11-04,sz300308,141.99,146.9,140.99,143.15,26075221,3732667886.15,中际旭创
2024-11-05,sz300308,143.15,148.83,142.5,148.29,44324009,6572807294.61,中际旭创
2024-11-06,sz300308,148.35,149.2,142.01,142.9,41890786,5986193319.400001,中际旭创
2024-11-07,sz300308,138.97,147.78,136.36,145.08,42156301,6116036149.080001,中际旭创
2024-11-08,sz300308,147.51,151.22,142.21,142.21,49400009,7025175279.89,中际旭创
2024-11-11,sz300308,141.0,147.2,138.02,144.9,43402414,6289009788.6,中际旭创
2024-11-12,sz300308,145.01,150.77,142.51,147.5,54581620,8050788950.0,中际旭创
2024-11-13,sz300308,146.52,158.08,144.1,156.3,67028063,10476486246.900002,中际旭创
2024-11-14,sz300308,154.75,156.57,148.09,148.81,39636138,5898253695.78,中际旭创
2024-11-15,sz300308,148.81,152.88,140.2,140.5,37995502,5338368031.0,中际旭创
2024-11-18,sz300308,139.0,139.96,130.88,132.01,40771630,5382262876.299999,中际旭创
2024-11-19,sz300308,133.33,136.67,129.87,134.8,29837101,4022041214.8,中际旭创
2024-11-20,sz300308,135.49,141.49,135.38,138.14,33693798,4654461255.719999,中际旭创
2024-11-21,sz300308,136.01,138.3,131.25,133.8,32328505,4325553969.0,中际旭创
2024-11-22,sz300308,133.8,138.98,131.78,132.28,30118768,3984110631.04,中际旭创
2024-11-25,sz300308,132.5,133.8,122.5,125.0,43013653,5376706625.0,中际旭创
2024-11-26,sz300308,124.0,129.0,123.5,127.04,31049679,3944551220.1600003,中际旭创
2024-11-27,sz300308,126.0,130.49,124.41,128.69,24617643,3168044477.67,中际旭创
2024-11-28,sz300308,127.42,127.89,124.3,124.79,25241152,3149843358.08,中际旭创
2024-11-29,sz300308,125.0,129.86,124.53,126.73,28490544,3610606641.12,中际旭创
2024-12-02,sz300308,127.99,134.16,127.45,132.03,34766323,4590197625.69,中际旭创
2024-12-03,sz300308,132.0,133.2,128.88,130.0,19942208,2592487040.0,中际旭创
2024-12-04,sz300308,129.58,131.38,127.3,128.02,18563323,2376476610.46,中际旭创
2024-12-05,sz300308,129.11,134.46,128.95,131.84,31761107,4187384346.88,中际旭创
2024-12-06,sz300308,132.06,134.2,130.79,131.51,20295620,2669076986.2,中际旭创
2024-12-09,sz300308,131.55,131.59,123.41,125.1,37629052,4707394405.2,中际旭创
2024-12-10,sz300308,128.85,128.86,121.52,123.15,45022510,5544522106.5,中际旭创
2024-12-11,sz300308,122.0,126.19,120.11,125.13,32730718,4095594743.3399997,中际旭创
2024-12-12,sz300308,125.0,131.62,124.88,130.17,45017407,5859915869.19,中际旭创
2024-12-13,sz300308,130.0,131.38,125.16,127.1,34654588,4404598134.8,中际旭创
2024-12-16,sz300308,127.97,128.23,122.28,122.8,29185463,3583974856.4,中际旭创
2024-12-17,sz300308,123.0,130.47,122.55,125.99,41261426,5198527061.74,中际旭创
2024-12-18,sz300308,127.2,127.5,122.66,123.43,26538861,3275691613.23,中际旭创
2024-12-19,sz300308,122.18,127.53,121.8,127.04,31095936,3950427709.44,中际旭创
2024-12-20,sz300308,126.31,129.99,126.31,127.1,29491021,3748308769.1,中际旭创
2024-12-23,sz300308,129.5,135.76,128.28,132.59,52194941,6920527227.190001,中际旭创
2024-12-24,sz300308,133.01,134.2,128.18,131.61,35099308,4619419925.88,中际旭创
2024-12-25,sz300308,131.22,137.94,130.69,134.99,36355930,4907686990.700001,中际旭创
2024-12-26,sz300308,135.87,141.5,133.56,140.8,42898226,6040070220.8,中际旭创
2024-12-27,sz300308,141.11,141.56,135.73,136.85,33332198,4561511296.3,中际旭创
2024-12-30,sz300308,138.0,138.3,130.08,131.18,36501513,4788268475.34,中际旭创
2024-12-31,sz300308,130.96,131.0,123.5,123.51,39387658,4864769639.58,中际旭创
2025-01-02,sz300308,122.8,125.8,120.7,122.11,26859647,3279831495.17,中际旭创
2025-01-03,sz300308,122.51,124.7,121.0,123.01,26789678,3295398290.78,中际旭创
2025-01-06,sz300308,124.88,128.28,124.5,125.49,26393200,3312082668.0,中际旭创
2025-01-07,sz300308,126.36,128.6,123.6,128.35,29200585,3747895084.75,中际旭创
2025-01-08,sz300308,125.88,125.9,121.72,124.22,28637118,3557302797.96,中际旭创
2025-01-09,sz300308,123.01,123.7,121.48,121.51,29351017,3566442075.67,中际旭创
2025-01-10,sz300308,121.44,121.44,112.8,113.13,53030279,5999315463.2699995,中际旭创
2025-01-13,sz300308,110.2,114.08,109.69,110.8,35746715,3960736022.0,中际旭创
2025-01-14,sz300308,110.9,114.5,108.78,114.35,38343364,4384563673.4,中际旭创
2025-01-15,sz300308,113.21,113.38,110.23,110.54,29329735,3242108906.9,中际旭创
2025-01-16,sz300308,111.88,120.37,110.7,119.49,71047774,8489498515.259999,中际旭创
2025-01-17,sz300308,120.0,120.58,115.15,116.9,44653942,5220045819.8,中际旭创
2025-01-20,sz300308,117.96,121.4,117.84,119.16,39065204,4655009708.64,中际旭创
2025-01-21,sz300308,122.0,122.96,118.38,119.56,38273868,4576023658.08,中际旭创
2025-01-22,sz300308,121.88,133.95,121.6,132.0,84480270,11151395640.0,中际旭创
2025-01-23,sz300308,132.58,134.67,127.31,127.75,60841961,7772560517.75,中际旭创
2025-01-24,sz300308,127.14,129.96,126.24,128.25,41111589,5272561289.25,中际旭创
2025-01-27,sz300308,123.0,123.0,114.82,114.82,68194240,7830062636.799999,中际旭创
2025-02-05,sz300308,109.0,109.0,95.82,98.25,97108077,9540868565.25,中际旭创
2025-02-06,sz300308,100.79,101.28,98.03,101.0,65465822,6612048022.0,中际旭创
2025-02-07,sz300308,102.0,109.4,101.71,107.78,76269859,8220365403.02,中际旭创
2025-02-10,sz300308,110.66,111.47,107.81,110.62,50515182,5587989432.84,中际旭创
2025-02-11,sz300308,111.02,113.88,109.6,111.5,43879471,4892561016.5,中际旭创
2025-02-12,sz300308,110.7,111.99,110.0,111.9,35424579,3964010390.1000004,中际旭创
2025-02-13,sz300308,111.0,111.33,108.06,108.12,39434996,4263711767.52,中际旭创
2025-02-14,sz300308,109.77,111.33,106.05,107.43,36238937,3893149001.9100003,中际旭创
2025-02-17,sz300308,108.61,117.86,108.6,115.56,71522444,8265133628.64,中际旭创
2025-02-18,sz300308,114.41,116.98,113.02,113.59,45956234,5220168620.06,中际旭创
2025-02-19,sz300308,114.15,114.66,111.46,114.24,37706356,4307574109.44,中际旭创
2025-02-20,sz300308,114.21,116.24,112.61,114.44,35372954,4048080855.7599998,中际旭创
2025-02-21,sz300308,115.89,120.7,114.8,118.73,57448644,6820877502.12,中际旭创
2025-02-24,sz300308,118.0,118.0,114.01,114.5,52055371,5960339979.5,中际旭创
2025-02-25,sz300308,111.01,113.12,110.5,111.35,45792824,5099030952.4,中际旭创
2025-02-26,sz300308,110.76,112.36,108.01,112.22,49434007,5547484265.54,中际旭创
2025-02-27,sz300308,113.8,114.83,107.53,108.18,52782129,5709970715.22,中际旭创
2025-02-28,sz300308,103.0,103.97,100.22,100.87,55544097,5602733064.39,中际旭创
2025-03-03,sz300308,102.44,104.48,100.12,102.77,42604042,4378417396.34,中际旭创
2025-03-04,sz300308,98.28,103.28,97.8,102.46,32135294,3292582223.24,中际旭创
2025-03-05,sz300308,102.98,104.97,102.39,103.46,25224888,2609766912.48,中际旭创
2025-03-06,sz300308,104.0,106.48,102.8,105.17,40955870,4307328847.9,中际旭创
2025-03-07,sz300308,103.77,103.79,101.86,102.24,32776847,3351104837.2799997,中际旭创
2025-03-10,sz300308,102.24,103.1,101.0,102.38,24064002,2463672524.7599998,中际旭创
2025-03-11,sz300308,100.0,101.81,99.4,101.78,20559951,2092591812.78,中际旭创
2025-03-12,sz300308,102.7,103.58,101.81,102.36,25600942,2620512423.12,中际旭创
2025-03-13,sz300308,103.75,104.88,101.8,102.49,27143580,2781945514.2,中际旭创
2025-03-14,sz300308,102.0,104.77,101.3,103.99,36706435,3817102175.6499996,中际旭创
2025-03-17,sz300308,105.0,105.81,104.0,104.26,26441529,2756793813.54,中际旭创
2025-03-18,sz300308,104.23,109.87,102.81,108.86,65239628,7101985904.08,中际旭创
2025-03-19,sz300308,106.68,106.68,104.78,104.98,35279116,3703601597.6800003,中际旭创
2025-03-20,sz300308,105.3,106.5,104.81,105.0,19889305,2088377025.0,中际旭创
2025-03-21,sz300308,104.32,104.96,102.11,102.45,22733325,2329029146.25,中际旭创
2025-03-24,sz300308,102.12,103.95,101.32,102.88,22978476,2364025610.88,中际旭创
2025-03-25,sz300308,103.69,104.8,101.93,102.0,20722318,2113676436.0,中际旭创
2025-03-26,sz300308,101.94,102.47,101.07,101.08,15909201,1608102037.08,中际旭创
2025-03-27,sz300308,99.58,100.48,97.52,99.12,24205905,2399289303.6,中际旭创
2025-03-28,sz300308,99.0,99.12,97.41,97.41,20128485,1960715723.85,中际旭创
2025-03-31,sz300308,97.0,98.98,96.69,98.64,18250700,1800249048.0,中际旭创
2025-04-01,sz300308,99.03,99.39,98.24,98.61,12295934,1212502051.74,中际旭创
2025-04-02,sz300308,98.88,101.38,98.32,99.76,21827933,2177554596.08,中际旭创
2025-04-03,sz300308,96.88,97.96,93.43,93.88,42498548,3989763686.24,中际旭创
2025-04-07,sz300308,80.1,82.5,75.1,75.1,61630666,4628463016.599999,中际旭创
2025-04-08,sz300308,75.19,76.76,70.47,72.28,69279183,5007499347.24,中际旭创
2025-04-09,sz300308,69.98,73.54,67.2,71.99,59550089,4287010907.1099997,中际旭创
2025-04-10,sz300308,80.18,81.5,77.1,77.49,70926883,5496124163.67,中际旭创
2025-04-11,sz300308,76.0,79.28,75.91,78.37,42893717,3361580601.29,中际旭创
2025-04-14,sz300308,81.0,84.5,80.9,81.54,54892718,4475952225.72,中际旭创
2025-04-15,sz300308,81.15,81.38,79.29,80.17,24980077,2002652773.0900002,中际旭创
2025-04-16,sz300308,78.53,78.71,76.66,77.99,26670094,2080000631.06,中际旭创
2025-04-17,sz300308,77.09,78.85,77.09,77.61,18492488,1435201993.68,中际旭创
2025-04-18,sz300308,77.61,79.27,77.55,79.14,25754846,2038238512.44,中际旭创
2025-04-21,sz300308,80.43,82.26,79.15,81.19,33202785,2695734114.15,中际旭创
2025-04-22,sz300308,80.0,80.58,79.11,80.07,23616441,1890968430.87,中际旭创
2025-04-23,sz300308,82.1,85.34,80.88,83.52,60823372,5079968029.44,中际旭创
2025-04-24,sz300308,83.0,84.16,81.26,81.33,30617372,2490110864.7599998,中际旭创
2025-04-25,sz300308,82.5,86.99,82.5,85.27,64475761,5497848140.469999,中际旭创
2025-04-28,sz300308,85.27,85.52,83.21,83.39,31121720,2595240230.8,中际旭创
2025-04-29,sz300308,83.35,84.23,82.42,83.09,20764694,1725338424.46,中际旭创
2025-04-30,sz300308,83.25,84.1,82.41,83.49,22442074,1873688758.26,中际旭创
2025-05-06,sz300308,85.17,87.19,85.15,86.65,34750081,3011094518.65,中际旭创
2025-05-07,sz300308,88.76,89.04,85.64,86.65,31463641,2726324492.65,中际旭创
2025-05-08,sz300308,88.86,98.0,88.13,96.49,99173499,9569250918.51,中际旭创
2025-05-09,sz300308,94.69,96.46,94.0,94.8,42305504,4010561779.2,中际旭创
2025-05-12,sz300308,98.8,99.06,95.1,97.27,46824959,4554663761.929999,中际旭创
2025-05-13,sz300308,100.8,100.8,96.41,96.43,52215667,5035156768.81,中际旭创
2025-05-14,sz300308,98.05,101.09,98.05,98.39,54556418,5367805967.02,中际旭创
2025-05-15,sz300308,98.0,98.08,94.1,94.12,43481983,4092524239.96,中际旭创
2025-05-16,sz300308,93.4,99.48,93.21,97.83,52169452,5103737489.16,中际旭创
2025-05-19,sz300308,96.69,97.4,95.22,95.28,30567106,2912433859.68,中际旭创
2025-05-20,sz300308,95.29,97.18,94.4,95.96,26424282,2535674100.72,中际旭创
2025-05-21,sz300308,95.63,97.3,94.65,95.73,26224172,2510439985.56,中际旭创
2025-05-22,sz300308,95.0,96.78,94.4,94.46,23977495,2264914177.7,中际旭创
2025-05-23,sz300308,94.41,95.36,91.7,91.87,27309887,2508959318.69,中际旭创
2025-05-26,sz300308,91.99,92.99,90.86,92.36,18761552,1732816942.72,中际旭创
2025-05-27,sz300308,90.99,92.18,88.88,90.16,27821888,2508421422.08,中际旭创
2025-05-28,sz300308,91.0,92.99,91.0,92.62,30626087,2836588177.94,中际旭创
2025-05-29,sz300308,93.6,96.59,93.28,94.94,42242218,4010476176.92,中际旭创
2025-05-30,sz300308,93.78,94.38,92.51,93.55,21296641,1992300765.55,中际旭创
2025-06-03,sz300308,92.5,93.22,91.75,91.76,18333010,1682236997.6000001,中际旭创
2025-06-04,sz300308,92.99,97.97,92.99,97.3,61162487,5951109985.099999,中际旭创
2025-06-05,sz300308,97.3,103.58,96.5,102.88,67768048,6971976778.24,中际旭创
2025-06-06,sz300308,102.0,104.45,101.25,103.45,46803762,4841849178.900001,中际旭创
2025-06-09,sz300308,105.31,111.16,105.11,108.55,72691572,7890670140.599999,中际旭创
2025-06-10,sz300308,108.1,109.73,106.61,107.77,47918671,5164195173.67,中际旭创
2025-06-11,sz300308,110.0,110.98,107.08,107.98,34304423,3704191595.54,中际旭创
2025-06-12,sz300308,107.1,119.2,107.0,116.0,86486899,10032480284.0,中际旭创
2025-06-13,sz300308,114.51,117.89,113.98,116.65,47488879,5539577735.35,中际旭创
2025-06-16,sz300308,116.92,123.45,116.9,120.57,59369856,7158223537.919999,中际旭创
2025-06-17,sz300308,121.01,122.2,117.9,119.36,35823676,4275913967.36,中际旭创
2025-06-18,sz300308,118.51,125.6,116.1,125.06,67826342,8482362330.52,中际旭创
2025-06-19,sz300308,124.56,130.79,123.6,128.3,62573477,8028177099.1,中际旭创
2025-06-20,sz300308,130.0,131.18,124.77,129.5,49300523,6384417728.5,中际旭创
2025-06-23,sz300308,127.3,129.33,122.68,127.09,53502446,6799625862.14,中际旭创
2025-06-24,sz300308,128.38,129.97,124.3,125.25,45000554,5636319388.5,中际旭创
2025-06-25,sz300308,127.0,128.69,123.2,125.73,49245712,6191663369.76,中际旭创
2025-06-26,sz300308,127.6,133.18,127.08,129.7,59978741,7779242707.699999,中际旭创
2025-06-27,sz300308,129.17,140.27,126.56,138.4,66277872,9172857484.800001,中际旭创
2025-06-30,sz300308,141.5,146.6,138.01,145.86,75214393,10970771362.980001,中际旭创
2025-07-01,sz300308,143.59,146.78,142.75,145.3,31959141,4643663187.3,中际旭创
2025-07-02,sz300308,142.5,142.6,138.13,138.93,36577096,5081655947.280001,中际旭创
2025-07-03,sz300308,141.47,143.84,139.49,142.26,38397875,5462481697.5,中际旭创
2025-07-04,sz300308,143.11,145.18,138.55,139.45,41874479,5839396096.549999,中际旭创
2025-07-07,sz300308,137.5,139.77,130.21,135.15,57520424,7773885303.6,中际旭创
2025-07-08,sz300308,134.76,145.26,133.82,144.88,53224112,7711109346.559999,中际旭创
2025-07-09,sz300308,145.0,149.36,144.05,145.3,41509561,6031339213.3,中际旭创
2025-07-10,sz300308,146.52,148.68,142.0,146.59,43540397,6382586796.2300005,中际旭创
2025-07-11,sz300308,144.74,147.88,142.55,145.28,31098862,4518042671.36,中际旭创
2025-07-14,sz300308,144.33,150.5,144.33,149.82,38853191,5820985075.62,中际旭创
2025-07-15,sz300308,155.3,174.99,155.3,174.81,92406424,16153566979.44,中际旭创
2025-07-16,sz300308,179.8,181.97,169.67,170.76,90585177,15468324824.519999,中际旭创
2025-07-17,sz300308,169.19,178.99,169.17,176.85,60463077,10692895167.449999,中际旭创
2025-07-18,sz300308,181.18,192.01,179.0,180.62,61156221,11046036637.02,中际旭创
2025-07-21,sz300308,179.89,188.4,177.18,187.95,59683509,11217515516.55,中际旭创
2025-07-22,sz300308,187.1,197.1,181.4,184.44,59291285,10935684605.4,中际旭创
2025-07-23,sz300308,179.0,187.88,176.0,186.18,40578373,7554881485.14,中际旭创
2025-07-24,sz300308,190.5,192.96,181.67,185.2,44208006,8187322711.2,中际旭创
2025-07-25,sz300308,186.0,189.9,184.51,185.22,28787743,5332065758.46,中际旭创
2025-07-28,sz300308,186.0,193.23,184.2,191.87,43894765,8422088560.55,中际旭创
2025-07-29,sz300308,198.01,210.99,198.01,209.93,58440368,12268386454.24,中际旭创
2025-07-30,sz300308,207.06,211.8,203.59,210.6,39050574,8224050884.4,中际旭创
2025-07-31,sz300308,221.0,228.6,215.93,217.61,64406594,14015518920.34,中际旭创
2025-08-01,sz300308,212.52,220.88,207.63,210.63,47594674,10024866184.619999,中际旭创
2025-08-04,sz300308,207.53,210.34,204.5,208.42,33083739,6895312882.379999,中际旭创
2025-08-05,sz300308,216.5,218.37,203.5,210.92,41413757,8734989626.439999,中际旭创
2025-08-06,sz300308,206.71,213.58,206.61,210.52,25530156,5374608441.12,中际旭创
2025-08-07,sz300308,210.52,216.0,197.2,208.46,45307651,9444832927.460001,中际旭创
2025-08-08,sz300308,207.0,213.88,205.0,209.3,32731508,6850704624.400001,中际旭创
2025-08-11,sz300308,210.0,220.5,209.99,214.75,35076252,7532625117.0,中际旭创
2025-08-12,sz300308,215.0,226.39,213.0,225.68,43082931,9722955868.08,中际旭创
2025-08-13,sz300308,226.75,252.96,224.0,252.0,55126547,13891889844.0,中际旭创
2025-08-14,sz300308,246.4,248.09,239.4,239.47,40760133,9760829049.51,中际旭创
2025-08-15,sz300308,241.47,245.45,235.11,238.05,35054080,8344623744.0,中际旭创
2025-08-18,sz300308,241.62,268.0,238.08,260.0,46984979,12216094540.0,中际旭创
2025-08-19,sz300308,260.0,277.58,258.9,275.5,40978934,11289696317.0,中际旭创
2025-08-20,sz300308,261.99,269.0,257.41,267.79,40819732,10931116032.28,中际旭创
2025-08-21,sz300308,272.8,274.6,256.1,265.22,39443593,10461229735.460001,中际旭创
2025-08-22,sz300308,259.11,280.88,259.0,278.9,38258165,10670202218.5,中际旭创
2025-08-25,sz300308,288.0,320.0,288.0,320.0,49806131,15937961920.0,中际旭创
2025-08-26,sz300308,313.6,322.8,306.0,314.0,36191921,11364263194.0,中际旭创
2025-08-27,sz300308,320.0,345.9,311.31,325.1,61074635,19855363838.5,中际旭创
2025-08-28,sz300308,322.87,359.58,322.45,359.03,58391643,20964351586.289997,中际旭创
2025-08-29,sz300308,352.0,367.7,344.97,354.92,49033310,17402902385.2,中际旭创
2025-09-01,sz300308,372.75,413.8,364.0,406.1,59865089,24311212642.9,中际旭创
2025-09-02,sz300308,402.02,419.6,373.87,384.0,78412730,30110488320.0,中际旭创
2025-09-03,sz300308,392.0,429.99,379.1,426.19,71235178,30359720511.82,中际旭创
2025-09-04,sz300308,436.0,448.0,363.88,369.14,93905671,34664339392.94,中际旭创
2025-09-05,sz300308,378.02,418.88,361.72,407.0,79255067,32256812269.0,中际旭创
2025-09-08,sz300308,394.0,394.0,344.0,369.99,74111648,27420568643.52,中际旭创
2025-09-09,sz300308,365.02,372.61,347.0,359.29,48063109,17268594432.61,中际旭创
2025-09-10,sz300308,378.0,395.48,370.58,385.0,62010239,23873942015.0,中际旭创
2025-09-11,sz300308,402.19,443.99,402.19,439.97,65680163,28897301315.11,中际旭创
2025-09-12,sz300308,417.0,431.99,410.0,422.09,47250565,19943990980.85,中际旭创
2025-09-15,sz300308,410.0,419.97,397.64,408.02,35752541,14587751778.82,中际旭创
2025-09-16,sz300308,410.03,421.97,396.22,411.42,44253263,18206677463.46,中际旭创
2025-09-17,sz300308,405.0,412.98,391.11,406.2,32431621,13173724450.199999,中际旭创
2025-09-18,sz300308,394.21,429.99,389.21,409.4,56160786,22992225788.399998,中际旭创
2025-09-19,sz300308,415.4,425.0,400.03,421.5,46653593,19664489449.5,中际旭创
2025-09-22,sz300308,417.29,421.8,394.68,418.0,41268476,17250222968.0,中际旭创
2025-09-23,sz300308,447.01,457.01,418.0,434.29,53444036,23210210394.440002,中际旭创
2025-09-24,sz300308,416.01,435.0,410.0,423.5,39338586,16659891171.0,中际旭创
2025-09-25,sz300308,416.01,442.96,404.0,434.6,50559151,21973007024.600002,中际旭创
2025-09-26,sz300308,429.05,442.3,413.7,413.7,35111815,14525757865.5,中际旭创
2025-09-29,sz300308,410.12,433.17,403.09,416.75,42905921,17881042576.75,中际旭创
2025-09-30,sz300308,418.51,435.0,398.06,403.68,39289331,15860317138.08,中际旭创
2025-10-09,sz300308,419.0,426.66,397.68,398.81,39090946,15589860174.26,中际旭创
2025-10-10,sz300308,399.01,407.8,381.01,390.0,38428592,14987150880.0,中际旭创
2025-10-13,sz300308,369.0,382.0,361.8,376.99,40931349,15430709259.51,中际旭创
2025-10-14,sz300308,385.0,385.94,344.0,346.1,51433907,17801275212.7,中际旭创
2025-10-15,sz300308,345.0,357.0,337.0,354.12,35317253,12506545632.36,中际旭创
2025-10-16,sz300308,351.14,379.3,350.03,366.97,34256818,12571224501.460001,中际旭创
2025-10-17,sz300308,367.17,381.91,360.0,373.6,46763644,17470897398.4,中际旭创
2025-10-20,sz300308,408.19,421.21,395.58,403.0,60155062,24242489986.0,中际旭创
2025-10-21,sz300308,410.0,451.48,405.0,441.5,56517865,24952637397.5,中际旭创
2025-10-22,sz300308,436.09,457.5,436.09,444.3,39749910,17660885013.0,中际旭创
2025-10-23,sz300308,441.08,443.0,425.7,440.88,27601113,12168778699.44,中际旭创
2025-10-24,sz300308,450.0,495.65,437.1,494.0,49102526,24256647844.0,中际旭创
2025-10-27,sz300308,503.98,515.0,495.56,508.94,45072389,22939141657.66,中际旭创
2025-10-28,sz300308,503.3,536.0,501.0,513.0,41796087,21441392631.0,中际旭创
2025-10-29,sz300308,538.01,542.01,506.16,520.72,41727105,21728138115.600002,中际旭创
2025-10-30,sz300308,516.51,538.0,509.0,514.74,45330984,23333670704.16,中际旭创
2025-10-31,sz300308,503.0,509.0,472.0,473.01,56301279,26631067979.79,中际旭创
2025-11-03,sz300308,470.67,483.4,457.51,480.0,39840875,19123620000.0,中际旭创
2025-11-04,sz300308,489.6,504.29,473.88,477.8,36085368,17241588830.4,中际旭创
2025-11-05,sz300308,462.02,480.0,458.79,477.01,26408751,12597238314.51,中际旭创
2025-11-06,sz300308,488.0,507.88,482.27,496.88,37325144,18546117550.72,中际旭创
2025-11-07,sz300308,491.0,499.79,479.0,490.05,24309960,11913095898.0,中际旭创
2025-11-10,sz300308,488.88,495.88,460.0,490.0,35211079,17253428710.0,中际旭创
2025-11-11,sz300308,493.68,499.66,464.0,468.05,32513112,15217762071.6,中际旭创
2025-11-12,sz300308,459.63,492.39,450.01,491.75,42302225,20802119143.75,中际旭创
2025-11-13,sz300308,489.28,489.28,470.01,481.0,31331746,15070569826.0,中际旭创
2025-11-14,sz300308,465.18,473.88,454.22,462.82,24727266,11444273250.119999,中际旭创
2025-11-17,sz300308,475.2,488.64,468.4,483.2,28246626,13648769683.199999,中际旭创
2025-11-18,sz300308,474.7,490.8,470.01,472.91,24067856,11381929780.960001,中际旭创
2025-11-19,sz300308,472.43,499.7,472.0,488.6,33786539,16508102955.400002,中际旭创
2025-11-20,sz300308,515.0,522.38,490.33,492.0,35352207,17393285844.0,中际旭创
2025-11-21,sz300308,472.99,483.0,460.0,464.01,41412280,19215712042.8,中际旭创
2025-11-24,sz300308,470.0,476.99,436.96,456.8,46425800,21207305440.0,中际旭创
2025-11-25,sz300308,477.01,494.8,470.01,479.66,43936481,21074572476.460003,中际旭创
2025-11-26,sz300308,475.2,556.88,470.4,543.22,62895148,34165902296.56,中际旭创
2025-11-27,sz300308,537.0,558.77,523.36,524.0,43732767,22915969908.0,中际旭创
2025-11-28,sz300308,527.2,529.8,508.6,514.5,32465730,16703618085.0,中际旭创
2025-12-01,sz300308,524.0,546.5,515.0,538.0,37286705,20060247290.0,中际旭创
2025-12-02,sz300308,542.0,551.13,535.5,542.0,27161533,14721550886.0,中际旭创
2025-12-03,sz300308,540.54,558.58,522.11,523.73,36832752,19290417204.96,中际旭创
2025-12-04,sz300308,517.37,536.53,512.34,535.5,26319447,14094063868.5,中际旭创
2025-12-05,sz300308,539.53,545.0,525.0,537.05,28282591,15189165496.55,中际旭创
2025-12-08,sz300308,543.0,585.0,539.0,570.0,40822440,23268790800.0,中际旭创
2025-12-09,sz300308,570.09,613.0,568.54,606.0,37129333,22500375798.0,中际旭创
2025-12-10,sz300308,609.06,620.0,589.5,616.0,30209433,18609010728.0,中际旭创
2025-12-11,sz300308,610.0,627.11,585.91,586.81,36353125,21332377281.249996,中际旭创
2025-12-12,sz300308,587.0,603.88,570.22,582.0,46878924,27283533768.0,中际旭创
2025-12-15,sz300308,570.0,588.0,568.0,570.86,30098736,17182164432.96,中际旭创
2025-12-16,sz300308,568.8,575.0,545.01,551.79,27970237,15433697074.23,中际旭创
2025-12-17,sz300308,557.0,592.07,556.66,589.98,32357008,19089987579.84,中际旭创
2025-12-18,sz300308,576.99,579.87,563.43,571.2,24162887,13801841054.400002,中际旭创
2025-12-19,sz300308,583.34,587.0,570.28,571.7,22442914,12830613933.800001,中际旭创
2025-12-22,sz300308,590.01,622.0,590.01,617.5,39441167,24354920622.5,中际旭创
2025-12-23,sz300308,625.0,628.99,614.0,621.0,23364201,14509168821.0,中际旭创
2025-12-24,sz300308,627.64,638.0,617.6,634.4,23509126,14914189534.4,中际旭创
2025-12-25,sz300308,645.0,658.8,618.41,639.8,25938711,16595587297.8,中际旭创
2025-12-26,sz300308,628.3,636.95,618.0,627.0,21376184,13402867368.0,中际旭创
2025-12-29,sz300308,627.64,633.69,612.73,618.0,24112583,14901576294.0,中际旭创
2025-12-30,sz300308,618.1,644.34,615.0,632.0,26114540,16504389280.0,中际旭创
2025-12-31,sz300308,629.0,633.0,608.0,610.0,22560412,13761851320.0,中际旭创
2026-01-05,sz300308,621.08,627.29,600.17,623.51,30204157,18832593931.07,中际旭创
2026-01-06,sz300308,606.0,615.8,590.2,605.25,33558327,20311177416.75,中际旭创
2026-01-07,sz300308,616.8,628.0,602.0,619.6,28001455,17349701518.0,中际旭创
2026-01-08,sz300308,611.1,616.0,592.0,595.45,29196168,17384858235.600002,中际旭创
2026-01-09,sz300308,575.94,595.0,561.61,583.2,38572337,22495386938.4,中际旭创
2026-01-12,sz300308,570.0,600.0,558.85,591.97,38360752,22708414361.440002,中际旭创
2026-01-13,sz300308,580.8,616.6,580.01,585.76,32055944,18777089757.44,中际旭创
2026-01-14,sz300308,595.35,600.88,567.01,593.0,41732994,24747665442.0,中际旭创
2026-01-15,sz300308,583.2,636.99,581.02,625.02,45903824,28690808076.48,中际旭创
2026-01-16,sz300308,635.97,645.0,615.02,617.0,37272376,22997055992.0,中际旭创
2026-01-19,sz300308,605.0,619.0,602.57,605.5,22307862,13507410441.0,中际旭创
2026-01-20,sz300308,605.52,608.0,580.0,585.0,26290035,15379670475.0,中际旭创
2026-01-21,sz300308,586.24,599.66,581.0,581.9,25095900,14603304210.0,中际旭创
2026-01-22,sz300308,590.08,624.5,585.0,621.0,40194425,24960737925.0,中际旭创
2026-01-23,sz300308,614.0,615.0,580.16,585.0,39656041,23198783985.0,中际旭创
2026-01-26,sz300308,580.0,598.0,572.01,589.8,26088115,15386770226.999998,中际旭创
2026-01-27,sz300308,589.96,630.0,586.7,615.6,38728671,23841369867.600002,中际旭创
2026-01-28,sz300308,632.0,644.98,623.0,628.0,32926375,20677763500.0,中际旭创
2026-01-29,sz300308,637.0,637.95,610.11,613.85,24894040,15281206454.0,中际旭创
2026-01-30,sz300308,616.2,653.58,605.93,649.0,35759200,23207720800.0,中际旭创
2026-02-02,sz300308,635.01,658.58,591.0,591.0,55998048,33094846368.0,中际旭创
2026-02-03,sz300308,607.0,618.8,576.0,589.7,42918019,25308755804.300003,中际旭创
2026-02-04,sz300308,570.0,574.55,525.13,560.0,52721001,29523760560.0,中际旭创
2026-02-05,sz300308,561.01,577.75,556.01,561.99,31867515,17909224754.85,中际旭创
2026-02-06,sz300308,548.11,561.88,530.3,540.01,32867590,17748827275.9,中际旭创
2026-02-09,sz300308,561.0,573.99,550.12,565.99,36663337,20751082108.63,中际旭创
2026-02-10,sz300308,561.55,573.68,555.5,555.71,21715825,12067701110.75,中际旭创
2026-02-11,sz300308,551.01,554.0,522.53,531.91,39713551,21124034912.41,中际旭创
2026-02-12,sz300308,535.0,546.38,523.38,527.46,30178611,15918010158.060001,中际旭创
2026-02-13,sz300308,524.0,543.8,515.0,531.0,26043610,13829156910.0,中际旭创
2026-02-24,sz300308,542.0,572.02,522.0,554.0,35655753,19753287162.0,中际旭创
2026-02-25,sz300308,550.0,569.86,548.0,566.07,21479209,12158735838.630001,中际旭创
2026-02-26,sz300308,566.07,574.0,559.0,572.22,25279991,14465716450.02,中际旭创
2026-02-27,sz300308,555.0,559.98,531.11,534.0,34712470,18536458980.0,中际旭创
2026-03-02,sz300308,520.0,580.0,520.0,570.58,49310342,28135494938.36,中际旭创
2026-03-03,sz300308,570.8,599.04,563.28,563.8,39310100,22163034380.0,中际旭创
2026-03-04,sz300308,554.02,563.5,536.5,539.0,30742945,16570447355.0,中际旭创
2026-03-05,sz300308,556.0,585.0,552.6,557.0,37900360,21110500520.0,中际旭创
2026-03-06,sz300308,553.0,559.98,537.06,545.48,21966767,11982432063.16,中际旭创
2026-03-09,sz300308,520.1,528.3,506.0,525.99,31474315,16555174946.85,中际旭创
2026-03-10,sz300308,540.0,548.98,530.02,547.0,28309414,15485249458.0,中际旭创
2026-03-11,sz300308,557.0,568.9,553.0,554.68,23897170,13255282255.599998,中际旭创
2026-03-12,sz300308,557.25,563.58,528.5,534.8,23911726,12787991064.8,中际旭创
2026-03-13,sz300308,526.5,548.88,525.01,542.02,21198169,11489831561.38,中际旭创
2026-03-16,sz300308,549.05,565.0,540.32,561.7,27431981,15408543727.7,中际旭创
2026-03-17,sz300308,570.0,577.88,539.0,543.0,30040984,16312254312.0,中际旭创
2026-03-18,sz300308,553.86,582.05,550.0,580.0,37780487,21912682460.0,中际旭创
2026-03-19,sz300308,580.0,592.8,569.9,575.2,33140756,19062562851.2,中际旭创
2026-03-20,sz300308,605.0,632.72,604.1,612.0,53853942,32958612504.0,中际旭创
2026-03-23,sz300308,590.31,618.1,585.0,599.62,37851991,22696810843.420002,中际旭创
2026-03-24,sz300308,599.0,605.0,577.0,603.19,28263565,17048299772.350002,中际旭创
2026-03-25,sz300308,625.0,635.0,616.05,628.4,33563126,21091068378.399998,中际旭创
2026-03-26,sz300308,626.89,645.0,612.83,614.2,26276923,16139286106.6,中际旭创
2026-03-27,sz300308,598.85,609.88,588.66,598.0,22432603,13414696594.0,中际旭创
2026-03-30,sz300308,585.0,595.58,579.0,589.08,20925480,12326781758.400002,中际旭创
2026-03-31,sz300308,571.0,585.9,555.0,569.41,26120231,14873120733.71,中际旭创
2026-04-01,sz300308,591.0,602.0,581.2,601.87,25540472,15372043882.64,中际旭创
2026-04-02,sz300308,593.01,596.77,578.69,582.0,17731014,10319450148.0,中际旭创
2026-04-03,sz300308,600.0,625.0,594.35,606.52,29027106,17605520331.12,中际旭创
2026-04-07,sz300308,608.0,636.66,597.7,619.53,23903065,14808665859.449999,中际旭创
2026-04-08,sz300308,653.53,688.26,643.0,688.14,39662974,27293678928.36,中际旭创
2026-04-09,sz300308,682.0,700.0,678.01,693.02,24961927,17299114649.54,中际旭创
2026-04-10,sz300308,700.0,743.04,694.01,734.65,33080075,24302277098.75,中际旭创
2026-04-13,sz300308,738.8,744.0,714.23,738.0,22887618,16891062084.0,中际旭创
2026-04-14,sz300308,750.0,786.22,748.78,773.0,29266836,22623264228.0,中际旭创
2026-04-15,sz300308,787.0,808.83,766.0,779.98,32345247,25228645755.06,中际旭创
2026-04-16,sz300308,772.37,810.11,762.35,809.61,28657012,23201003485.32,中际旭创
2026-04-17,sz300308,841.0,865.0,820.24,851.0,39857161,33918444011.0,中际旭创
2026-04-20,sz300308,849.0,878.98,840.58,850.0,27263113,23173646050.0,中际旭创
2026-04-21,sz300308,849.75,868.0,839.0,864.86,25113802,21719922797.72,中际旭创
2026-04-22,sz300308,859.3,893.2,854.0,886.62,29438293,26100579339.66,中际旭创
2026-04-23,sz300308,890.0,919.99,877.78,897.0,30986940,27795285180.0,中际旭创
2026-04-24,sz300308,900.25,915.0,854.53,886.99,38388441,34050163282.59,中际旭创
2026-04-27,sz300308,899.0,900.0,854.0,857.03,31814871,27266298893.129997,中际旭创
2026-04-28,sz300308,854.0,854.0,821.0,825.0,29510905,24346496625.0,中际旭创
2026-04-29,sz300308,816.23,863.0,816.23,846.0,25173087,21296431602.0,中际旭创
2026-04-30,sz300308,863.66,874.65,845.0,857.5,21270964,18239851630.0,中际旭创
2026-05-06,sz300308,888.5,889.0,840.45,856.0,30938572,26483417632.0,中际旭创
2026-05-07,sz300308,858.0,889.15,835.0,877.47,27719010,24322599704.7,中际旭创
2026-05-08,sz300308,864.95,898.95,861.56,886.0,19764077,17510972222.0,中际旭创
2026-05-11,sz300308,889.06,946.79,870.0,940.13,32265543,30333804940.59,中际旭创
2026-05-12,sz300308,961.0,1022.9,960.0,1017.99,34542136,35163549026.64,中际旭创
2026-05-13,sz300308,999.68,1052.2,991.12,1049.2,26000533,27279759223.600002,中际旭创
2026-05-14,sz300308,1065.0,1088.88,1025.1,1078.0,30057134,32401590452.0,中际旭创
2024-01-02,sz300502,48.76,50.35,47.8,47.97,30648429,1470205139.1299999,新易盛
2024-01-03,sz300502,47.5,47.74,45.45,46.52,39925614,1857339563.2800002,新易盛
2024-01-04,sz300502,46.69,47.93,45.88,47.58,36782357,1750104546.06,新易盛
2024-01-05,sz300502,47.29,47.29,44.44,44.72,38278473,1711813312.56,新易盛
2024-01-08,sz300502,44.61,45.61,43.55,43.96,28252968,1242000473.28,新易盛
2024-01-09,sz300502,45.25,46.29,44.8,45.33,39483207,1789773773.31,新易盛
2024-01-10,sz300502,45.0,45.7,43.81,44.39,27496779,1220582019.81,新易盛
2024-01-11,sz300502,44.11,46.56,44.1,45.91,35535140,1631418277.3999999,新易盛
2024-01-12,sz300502,45.92,45.94,43.62,44.21,30612916,1353397016.3600001,新易盛
2024-01-15,sz300502,43.64,47.55,43.61,46.85,56014429,2624275998.65,新易盛
2024-01-16,sz300502,46.43,47.8,45.8,47.79,34256026,1637095482.54,新易盛
2024-01-17,sz300502,48.1,49.99,47.86,48.27,49750804,2401471309.08,新易盛
2024-01-18,sz300502,47.84,52.77,46.8,52.54,69556277,3654486793.58,新易盛
2024-01-19,sz300502,52.09,52.77,50.97,51.04,46194611,2357772945.44,新易盛
2024-01-22,sz300502,53.0,54.5,51.93,52.51,68893147,3617579148.97,新易盛
2024-01-23,sz300502,52.11,55.63,52.0,54.79,60203585,3298554422.15,新易盛
2024-01-24,sz300502,54.45,54.7,50.5,53.56,61984735,3319902406.6,新易盛
2024-01-25,sz300502,52.2,55.49,51.59,54.6,61852807,3377163262.2000003,新易盛
2024-01-26,sz300502,53.11,54.09,51.3,52.0,41924316,2180064432.0,新易盛
2024-01-29,sz300502,51.18,51.18,43.0,44.7,59996976,2681864827.2000003,新易盛
2024-01-30,sz300502,44.19,46.18,42.24,42.99,44558234,1915558479.66,新易盛
2024-01-31,sz300502,41.98,44.87,41.52,42.4,44891205,1903387092.0,新易盛
2024-02-01,sz300502,41.8,47.4,41.22,45.47,59958830,2726328000.1,新易盛
2024-02-02,sz300502,45.45,47.6,44.37,45.5,48733839,2217389674.5,新易盛
2024-02-05,sz300502,45.0,48.49,43.74,46.32,56998259,2640159356.88,新易盛
2024-02-06,sz300502,44.4,52.38,44.21,51.8,59951181,3105471175.7999997,新易盛
2024-02-07,sz300502,51.29,53.05,50.9,52.7,46911796,2472251649.2000003,新易盛
2024-02-08,sz300502,54.2,58.57,53.66,54.9,57582496,3161279030.4,新易盛
2024-02-19,sz300502,58.95,65.88,57.22,65.88,78937991,5200434847.08,新易盛
2024-02-20,sz300502,63.0,65.8,62.0,63.0,63236149,3983877387.0,新易盛
2024-02-21,sz300502,60.99,61.57,59.27,59.52,54991809,3273112471.6800003,新易盛
2024-02-22,sz300502,62.0,62.29,57.84,60.06,56802954,3411585417.2400002,新易盛
2024-02-23,sz300502,61.5,62.78,59.3,59.96,56130868,3365606845.28,新易盛
2024-02-26,sz300502,58.11,62.68,58.07,60.72,46983858,2852859857.7599998,新易盛
2024-02-27,sz300502,59.67,65.0,59.12,63.73,63561737,4050789499.0099998,新易盛
2024-02-28,sz300502,62.61,63.59,57.95,57.95,57189075,3314106896.25,新易盛
2024-02-29,sz300502,58.31,61.02,58.25,60.05,41371482,2484357494.1,新易盛
2024-03-01,sz300502,60.3,66.06,60.28,64.8,72129805,4674011364.0,新易盛
2024-03-04,sz300502,66.1,71.38,64.12,69.45,64183673,4457556089.85,新易盛
2024-03-05,sz300502,68.29,73.96,67.86,68.68,69032128,4741126551.040001,新易盛
2024-03-06,sz300502,68.88,69.69,66.7,67.9,39358048,2672411459.2000003,新易盛
2024-03-07,sz300502,68.9,69.62,65.38,65.43,42392786,2773759987.9800005,新易盛
2024-03-08,sz300502,66.8,69.31,65.07,68.81,49619610,3414325364.1,新易盛
2024-03-11,sz300502,65.37,68.58,64.76,67.9,46968790,3189180841.0000005,新易盛
2024-03-12,sz300502,67.0,70.19,65.41,67.15,45578589,3060602251.3500004,新易盛
2024-03-13,sz300502,69.2,69.55,66.12,66.53,42656407,2837930757.71,新易盛
2024-03-14,sz300502,64.84,69.08,64.8,67.8,42317461,2869123855.7999997,新易盛
2024-03-15,sz300502,66.7,78.25,65.51,76.98,86247455,6639329085.900001,新易盛
2024-03-18,sz300502,77.0,82.18,76.32,79.4,74865623,5944330466.200001,新易盛
2024-03-19,sz300502,77.3,78.48,75.43,77.06,47949357,3694977450.42,新易盛
2024-03-20,sz300502,76.98,78.58,73.37,74.93,45320223,3395844309.3900003,新易盛
2024-03-21,sz300502,75.0,78.49,74.26,75.22,42320289,3183332138.58,新易盛
2024-03-22,sz300502,74.65,79.99,74.65,79.7,61302739,4885828298.3,新易盛
2024-03-25,sz300502,78.0,79.7,75.64,75.85,44067169,3342494768.6499996,新易盛
2024-03-26,sz300502,75.0,78.8,66.0,70.47,77210584,5441029854.48,新易盛
2024-03-27,sz300502,71.0,72.0,66.54,67.01,51006627,3417954075.2700005,新易盛
2024-03-28,sz300502,67.8,70.0,66.03,67.97,51349638,3490234894.86,新易盛
2024-03-29,sz300502,67.04,68.2,65.6,67.0,31664312,2121508904.0,新易盛
2024-04-01,sz300502,67.32,71.2,66.5,70.93,40659370,2883969114.1000004,新易盛
2024-04-02,sz300502,70.1,73.45,69.71,71.35,41333696,2949159209.6,新易盛
2024-04-03,sz300502,70.01,70.09,67.15,67.77,27640665,1873207867.05,新易盛
2024-04-08,sz300502,66.6,71.18,66.6,69.09,34378702,2375224521.1800003,新易盛
2024-04-09,sz300502,69.0,69.98,66.69,67.51,23976447,1618649936.97,新易盛
2024-04-10,sz300502,66.72,67.3,64.3,65.47,24010088,1571940461.36,新易盛
2024-04-11,sz300502,66.01,67.55,65.8,66.09,24825975,1640748687.75,新易盛
2024-04-12,sz300502,67.46,72.31,67.45,69.5,45746899,3179409480.5,新易盛
2024-04-15,sz300502,68.9,72.61,68.89,70.83,34329654,2431569392.82,新易盛
2024-04-16,sz300502,69.5,71.99,67.4,68.25,32046785,2187193076.25,新易盛
2024-04-17,sz300502,69.5,72.01,68.27,71.45,30875974,2206088342.3,新易盛
2024-04-18,sz300502,69.77,72.21,68.51,70.5,27429144,1933754652.0,新易盛
2024-04-19,sz300502,69.76,71.62,67.0,68.8,29035242,1997624649.6,新易盛
2024-04-22,sz300502,62.0,65.8,59.5,65.15,43242542,2817251611.3,新易盛
2024-04-23,sz300502,68.02,70.49,67.83,69.04,44068303,3042475639.1200004,新易盛
2024-04-24,sz300502,70.08,79.96,70.08,79.38,68268357,5419142178.66,新易盛
2024-04-25,sz300502,78.9,80.33,78.3,79.16,31722722,2511170673.52,新易盛
2024-04-26,sz300502,82.88,86.2,82.21,83.8,54453978,4563243356.4,新易盛
2024-04-29,sz300502,85.0,88.25,84.99,87.3,39880460,3481564158.0,新易盛
2024-04-30,sz300502,86.1,88.3,86.1,86.5,24575230,2125757395.0,新易盛
2024-05-06,sz300502,88.5,88.74,84.28,85.87,25946193,2227999592.9100003,新易盛
2024-05-07,sz300502,87.45,89.38,82.49,83.3,45454137,3786329612.1,新易盛
2024-05-08,sz300502,83.3,85.03,82.55,83.63,25254024,2111994027.12,新易盛
2024-05-09,sz300502,82.8,84.84,81.6,84.19,24335923,2048841357.37,新易盛
2024-05-10,sz300502,83.0,84.47,81.2,83.83,24409276,2046229607.08,新易盛
2024-05-13,sz300502,85.43,86.0,82.67,83.48,27296097,2278678177.56,新易盛
2024-05-14,sz300502,83.98,84.39,78.7,80.15,37898290,3037547943.5,新易盛
2024-05-15,sz300502,80.1,83.0,79.93,80.77,20324595,1641617538.1499999,新易盛
2024-05-16,sz300502,83.97,85.33,82.39,82.73,34287060,2836568473.8,新易盛
2024-05-17,sz300502,80.8,85.86,80.51,85.0,28825848,2450197080.0,新易盛
2024-05-20,sz300502,83.08,90.65,82.82,90.12,38840980,3500349117.6000004,新易盛
2024-05-21,sz300502,89.98,91.35,89.0,89.84,22934811,2060463420.24,新易盛
2024-05-22,sz300502,89.2,89.98,87.11,88.65,21427244,1899525180.6000001,新易盛
2024-05-23,sz300502,91.0,91.66,84.54,87.0,33839745,2944057815.0,新易盛
2024-05-24,sz300502,87.64,93.16,84.8,85.3,45010558,3839400597.4,新易盛
2024-05-27,sz300502,87.89,90.8,87.11,88.83,32446168,2882193103.44,新易盛
2024-05-28,sz300502,88.01,91.88,87.0,88.46,32599993,2883795380.7799997,新易盛
2024-05-29,sz300502,90.59,91.0,87.1,87.86,23238675,2041749985.5,新易盛
2024-05-30,sz300502,87.01,88.28,85.2,86.6,19425253,1682226909.8,新易盛
2024-05-31,sz300502,85.01,89.45,83.66,86.73,21592797,1872743283.8100002,新易盛
2024-06-03,sz300502,88.0,96.99,87.9,95.35,44802932,4271959566.2,新易盛
2024-06-04,sz300502,95.0,96.51,94.11,96.08,24003091,2306216983.2799997,新易盛
2024-06-05,sz300502,96.02,96.49,93.04,93.32,17332819,1617498669.08,新易盛
2024-06-06,sz300502,96.5,97.92,93.5,93.78,30703370,2879362038.6,新易盛
2024-06-07,sz300502,92.97,93.76,89.6,91.12,23363765,2128906266.8000002,新易盛
2024-06-11,sz300502,90.94,92.77,90.17,91.74,16590902,1522049349.48,新易盛
2024-06-12,sz300502,91.0,92.6,90.39,91.75,15131452,1388310721.0,新易盛
2024-06-13,sz300502,93.6,97.73,92.35,95.68,27738166,2653987722.88,新易盛
2024-06-14,sz300502,95.49,113.33,95.2,108.5,56262873,6104521720.5,新易盛
2024-06-17,sz300502,111.64,113.22,109.35,110.49,37337838,4125457720.62,新易盛
2024-06-18,sz300502,110.5,119.66,110.5,115.2,38114714,4390815052.8,新易盛
2024-06-19,sz300502,117.06,118.2,113.68,114.93,23050322,2649173507.46,新易盛
2024-06-20,sz300502,115.83,117.13,113.04,113.1,21455264,2426590358.4,新易盛
2024-06-21,sz300502,109.98,114.99,109.8,112.77,22598799,2548466563.23,新易盛
2024-06-24,sz300502,111.72,114.58,110.2,111.1,18195743,2021547047.3,新易盛
2024-06-25,sz300502,107.0,109.41,104.63,105.78,28626524,3028113708.7200003,新易盛
2024-06-26,sz300502,108.08,110.46,107.6,108.61,27442826,2980565331.86,新易盛
2024-06-27,sz300502,106.54,107.98,104.1,105.04,18740794,1968533001.7600002,新易盛
2024-06-28,sz300502,104.69,107.86,104.31,105.55,19237563,2030524774.6499999,新易盛
2024-07-01,sz300502,104.6,111.68,104.6,110.33,29510204,3255860807.32,新易盛
2024-07-02,sz300502,110.36,115.0,108.18,112.95,31901166,3603236699.7000003,新易盛
2024-07-03,sz300502,111.01,112.72,108.57,109.99,18968905,2086389860.9499998,新易盛
2024-07-04,sz300502,112.99,116.59,111.8,112.33,27927359,3137080236.47,新易盛
2024-07-05,sz300502,112.9,114.46,108.59,112.98,21323884,2409172414.32,新易盛
2024-07-08,sz300502,112.01,115.28,111.76,113.45,19424430,2203701583.5,新易盛
2024-07-09,sz300502,112.67,120.1,111.67,118.56,28571518,3387439174.08,新易盛
2024-07-10,sz300502,118.27,120.45,116.66,119.4,20339674,2428557075.6,新易盛
2024-07-11,sz300502,121.77,121.77,112.78,116.29,30582055,3556387175.9500003,新易盛
2024-07-12,sz300502,111.5,114.67,110.05,113.35,20848031,2363124313.85,新易盛
2024-07-15,sz300502,111.8,113.5,109.68,112.42,15642735,1758556268.7,新易盛
2024-07-16,sz300502,117.0,117.6,110.16,113.99,28691116,3270500312.8399997,新易盛
2024-07-17,sz300502,113.0,115.5,109.35,110.55,20586652,2275854378.6,新易盛
2024-07-18,sz300502,108.0,109.33,102.12,108.82,34944083,3802615112.06,新易盛
2024-07-19,sz300502,107.88,108.87,105.0,105.36,19781690,2084198858.4,新易盛
2024-07-22,sz300502,105.92,106.98,103.86,105.11,14824521,1558205402.31,新易盛
2024-07-23,sz300502,107.27,107.88,102.12,102.19,16476944,1683778907.36,新易盛
2024-07-24,sz300502,101.5,106.01,100.56,101.06,19456617,1966285714.02,新易盛
2024-07-25,sz300502,99.05,99.1,91.91,93.69,35545665,3330273353.85,新易盛
2024-07-26,sz300502,93.69,96.8,92.51,95.37,20878196,1991153552.52,新易盛
2024-07-29,sz300502,95.3,101.33,94.1,99.66,27150258,2705794712.2799997,新易盛
2024-07-30,sz300502,98.01,99.06,96.12,97.69,15714471,1535146671.99,新易盛
2024-07-31,sz300502,96.9,100.0,94.5,99.77,30782108,3071130915.16,新易盛
2024-08-01,sz300502,104.8,106.7,101.45,101.76,27947520,2843939635.2000003,新易盛
2024-08-02,sz300502,96.95,97.3,92.34,92.41,42753610,3950861100.1,新易盛
2024-08-05,sz300502,86.86,91.09,85.29,85.5,42171234,3605640507.0,新易盛
2024-08-06,sz300502,89.9,92.2,88.97,90.49,28564386,2584791289.14,新易盛
2024-08-07,sz300502,90.0,93.59,88.81,91.67,26405934,2420631969.78,新易盛
2024-08-08,sz300502,90.62,91.95,89.0,90.8,18190964,1651739531.2,新易盛
2024-08-09,sz300502,93.51,95.99,92.5,93.88,27909337,2620128557.56,新易盛
2024-08-12,sz300502,93.1,97.69,93.1,95.43,19597077,1870149058.1100001,新易盛
2024-08-13,sz300502,96.37,99.34,94.65,95.98,20814461,1997771966.78,新易盛
2024-08-14,sz300502,98.0,98.67,95.0,95.0,16275428,1546165660.0,新易盛
2024-08-15,sz300502,94.7,96.2,93.98,94.6,12955317,1225572988.1999998,新易盛
2024-08-16,sz300502,97.44,100.78,97.0,98.2,25327027,2487114051.4,新易盛
2024-08-19,sz300502,98.26,101.7,97.11,99.6,18398436,1832484225.6,新易盛
2024-08-20,sz300502,101.64,102.53,99.35,99.89,17226519,1720756982.91,新易盛
2024-08-21,sz300502,98.0,101.92,97.56,100.41,15135485,1519754048.85,新易盛
2024-08-22,sz300502,100.86,101.66,98.65,100.45,12028160,1208228672.0,新易盛
2024-08-23,sz300502,99.56,100.21,98.1,98.99,12225443,1210196602.57,新易盛
2024-08-26,sz300502,100.5,100.9,95.59,97.35,17459187,1699651854.4499998,新易盛
2024-08-27,sz300502,96.31,99.61,95.0,97.57,14817152,1445709520.6399999,新易盛
2024-08-28,sz300502,97.01,101.0,95.77,97.83,16080537,1573158934.71,新易盛
2024-08-29,sz300502,91.88,92.97,87.52,91.59,30288412,2774115655.08,新易盛
2024-08-30,sz300502,91.81,95.9,91.11,93.79,30804791,2889181347.8900003,新易盛
2024-09-02,sz300502,93.96,94.65,88.25,88.49,26303390,2327586981.1,新易盛
2024-09-03,sz300502,88.5,89.68,87.18,88.41,15217503,1345379440.23,新易盛
2024-09-04,sz300502,83.4,89.87,82.28,88.2,26058186,2298332005.2000003,新易盛
2024-09-05,sz300502,87.85,92.7,87.12,90.27,22213407,2005204249.8899999,新易盛
2024-09-06,sz300502,89.9,90.85,87.95,88.61,13072932,1158392504.52,新易盛
2024-09-09,sz300502,87.06,91.27,87.02,91.09,17718396,1613968691.64,新易盛
2024-09-10,sz300502,90.51,95.0,90.07,92.61,26755557,2477832133.77,新易盛
2024-09-11,sz300502,93.4,95.97,92.9,93.62,20512659,1920395135.5800002,新易盛
2024-09-12,sz300502,97.03,98.32,95.21,95.22,22576767,2149759753.74,新易盛
2024-09-13,sz300502,95.41,104.9,95.3,100.33,38327074,3845355334.42,新易盛
2024-09-18,sz300502,99.4,101.89,99.0,99.57,17544159,1746871911.6299999,新易盛
2024-09-19,sz300502,99.4,99.56,95.09,97.86,23357989,2285812803.54,新易盛
2024-09-20,sz300502,98.69,98.86,95.3,95.76,16825217,1611182779.92,新易盛
2024-09-23,sz300502,94.96,97.98,94.6,95.25,13134127,1251025596.75,新易盛
2024-09-24,sz300502,95.33,106.0,95.33,105.3,32068696,3376833688.7999997,新易盛
2024-09-25,sz300502,107.91,108.5,103.95,104.65,24847071,2600245980.15,新易盛
2024-09-26,sz300502,105.14,110.1,104.68,109.97,22986176,2527789774.72,新易盛
2024-09-27,sz300502,107.56,116.58,105.23,112.36,43903768,4933027372.48,新易盛
2024-09-30,sz300502,113.0,130.0,112.0,129.97,54989682,7147008969.54,新易盛
2024-10-08,sz300502,140.0,155.96,138.8,155.96,61422269,9579417073.24,新易盛
2024-10-09,sz300502,149.0,160.2,142.0,148.5,61065931,9068290753.5,新易盛
2024-10-10,sz300502,147.53,151.88,135.55,143.31,41939847,6010399473.57,新易盛
2024-10-11,sz300502,140.01,153.0,139.81,143.98,33577445,4834480531.099999,新易盛
2024-10-14,sz300502,142.0,149.25,135.59,148.53,42355900,6291121827.0,新易盛
2024-10-15,sz300502,146.61,149.9,141.89,141.89,34769507,4933445348.23,新易盛
2024-10-16,sz300502,136.0,139.3,131.8,133.45,36576707,4881161549.15,新易盛
2024-10-17,sz300502,135.0,136.68,133.17,134.36,25420104,3415445173.4400005,新易盛
2024-10-18,sz300502,134.0,153.97,133.51,146.95,53841939,7912072936.049999,新易盛
2024-10-21,sz300502,147.88,148.52,136.8,141.45,51219448,7244990919.599999,新易盛
2024-10-22,sz300502,144.0,145.12,138.19,141.75,36862654,5225281204.5,新易盛
2024-10-23,sz300502,134.2,140.33,130.85,135.32,37069525,5016248123.0,新易盛
2024-10-24,sz300502,134.05,142.88,133.66,139.52,37532418,5236522959.360001,新易盛
2024-10-25,sz300502,146.8,147.98,140.01,142.65,43866634,6257575340.1,新易盛
2024-10-28,sz300502,140.0,143.21,134.8,136.06,41480206,5643796828.36,新易盛
2024-10-29,sz300502,134.0,134.98,128.86,130.5,40075754,5229885897.0,新易盛
2024-10-30,sz300502,132.0,133.99,127.97,130.0,30589510,3976636300.0,新易盛
2024-10-31,sz300502,127.0,134.35,126.08,130.17,32954731,4289717334.2699995,新易盛
2024-11-01,sz300502,127.9,133.89,127.0,129.36,29794386,3854201772.9600005,新易盛
2024-11-04,sz300502,129.0,135.49,129.0,131.77,24565290,3236968263.3,新易盛
2024-11-05,sz300502,130.7,135.58,129.2,133.46,36752419,4904977839.740001,新易盛
2024-11-06,sz300502,134.0,134.16,126.09,127.49,42472992,5414881750.08,新易盛
2024-11-07,sz300502,124.95,134.0,123.74,131.9,36197473,4774446688.7,新易盛
2024-11-08,sz300502,134.1,141.52,129.76,129.92,49845397,6475913978.24,新易盛
2024-11-11,sz300502,128.22,135.2,126.49,132.87,39368941,5230951190.67,新易盛
2024-11-12,sz300502,133.0,136.88,130.51,132.7,37580504,4986932880.799999,新易盛
2024-11-13,sz300502,133.25,145.55,131.3,141.98,62294295,8844544004.099998,新易盛
2024-11-14,sz300502,139.67,141.09,135.48,136.1,35427340,4821660974.0,新易盛
2024-11-15,sz300502,135.51,139.77,127.18,127.72,37069143,4734470943.96,新易盛
2024-11-18,sz300502,125.72,127.84,119.2,121.0,33792464,4088888144.0,新易盛
2024-11-19,sz300502,122.44,128.59,121.11,125.0,29520799,3690099875.0,新易盛
2024-11-20,sz300502,125.0,129.55,124.25,126.47,26454910,3345752467.7,新易盛
2024-11-21,sz300502,123.9,127.68,121.81,123.65,29990455,3708319760.75,新易盛
2024-11-22,sz300502,122.79,125.5,118.0,118.0,29321533,3459940894.0,新易盛
2024-11-25,sz300502,118.0,118.66,111.33,113.38,30294286,3434766146.68,新易盛
2024-11-26,sz300502,113.0,117.65,112.0,115.46,24916292,2876835074.3199997,新易盛
2024-11-27,sz300502,114.8,116.39,112.68,116.26,24978692,2904022731.92,新易盛
2024-11-28,sz300502,115.99,115.99,111.48,111.88,28496566,3188195804.08,新易盛
2024-11-29,sz300502,112.0,117.5,112.0,114.95,29771380,3422220131.0,新易盛
2024-12-02,sz300502,116.72,121.96,115.04,120.71,35023911,4227736296.81,新易盛
2024-12-03,sz300502,120.08,121.21,116.6,118.53,21310278,2525907251.34,新易盛
2024-12-04,sz300502,117.44,119.29,116.3,117.33,16616810,1949650317.3,新易盛
2024-12-05,sz300502,119.0,123.87,118.94,121.08,32474532,3932016334.56,新易盛
2024-12-06,sz300502,120.5,123.95,120.5,120.9,20557889,2485448780.1,新易盛
2024-12-09,sz300502,120.9,120.9,115.01,116.0,25647086,2975061976.0,新易盛
2024-12-10,sz300502,119.57,120.38,114.68,116.85,30262504,3536173592.3999996,新易盛
2024-12-11,sz300502,115.99,126.45,114.0,123.91,44009804,5453254813.639999,新易盛
2024-12-12,sz300502,124.0,132.0,124.0,129.97,41114317,5343627780.49,新易盛
2024-12-13,sz300502,131.93,134.35,127.5,129.24,61489196,7946863691.040001,新易盛
2024-12-16,sz300502,133.1,134.8,124.76,132.18,46523903,6149529498.54,新易盛
2024-12-17,sz300502,130.1,141.16,130.1,133.7,39211934,5242635575.799999,新易盛
2024-12-18,sz300502,133.0,133.8,125.99,128.53,27671217,3556581521.01,新易盛
2024-12-19,sz300502,126.94,130.27,125.59,127.75,23008494,2939335108.5,新易盛
2024-12-20,sz300502,127.11,132.8,126.64,128.65,24937363,3208191749.9500003,新易盛
2024-12-23,sz300502,123.15,128.3,123.15,124.65,40187768,5009405281.2,新易盛
2024-12-24,sz300502,125.5,125.76,118.12,122.0,31445590,3836361980.0,新易盛
2024-12-25,sz300502,121.92,126.76,121.08,122.0,22108387,2697223214.0,新易盛
2024-12-26,sz300502,122.0,130.8,120.01,128.93,34632180,4465126967.400001,新易盛
2024-12-27,sz300502,129.9,132.49,126.61,129.42,24747953,3202880077.2599998,新易盛
2024-12-30,sz300502,129.0,129.58,120.2,120.44,34086561,4105385406.84,新易盛
2024-12-31,sz300502,120.0,120.26,115.58,115.58,24357767,2815270709.86,新易盛
2025-01-02,sz300502,115.01,118.43,112.5,113.47,20789909,2359030974.23,新易盛
2025-01-03,sz300502,113.8,119.92,112.9,116.0,28492390,3305117240.0,新易盛
2025-01-06,sz300502,117.75,120.98,115.0,117.02,23153484,2709420697.68,新易盛
2025-01-07,sz300502,118.0,120.27,114.49,120.0,22602760,2712331200.0,新易盛
2025-01-08,sz300502,117.02,117.92,113.96,117.02,18774528,2196995266.56,新易盛
2025-01-09,sz300502,115.98,116.98,113.0,114.74,20423318,2343371507.3199997,新易盛
2025-01-10,sz300502,113.71,113.76,108.26,108.26,28280870,3061686986.2000003,新易盛
2025-01-13,sz300502,108.19,112.64,108.19,110.29,23443626,2585597511.54,新易盛
2025-01-14,sz300502,109.78,113.83,106.2,113.69,28693032,3262110808.08,新易盛
2025-01-15,sz300502,112.54,113.53,109.76,111.7,20087319,2243753532.3,新易盛
2025-01-16,sz300502,113.0,120.04,111.8,118.68,42930032,5094936197.76,新易盛
2025-01-17,sz300502,117.48,121.04,117.01,119.43,27000476,3224666848.6800003,新易盛
2025-01-20,sz300502,120.94,129.29,120.94,127.65,32981075,4210034223.75,新易盛
2025-01-21,sz300502,136.0,136.0,131.0,133.2,36418464,4850939404.799999,新易盛
2025-01-22,sz300502,138.18,144.08,137.01,141.5,45064349,6376605383.5,新易盛
2025-01-23,sz300502,141.5,143.68,135.6,136.7,32827056,4487458555.2,新易盛
2025-01-24,sz300502,136.71,137.43,134.05,134.49,23664151,3182591667.9900002,新易盛
2025-01-27,sz300502,127.77,129.39,125.01,125.77,23485910,2953822900.7,新易盛
2025-02-05,sz300502,118.0,118.0,102.18,102.51,53391500,5473162665.0,新易盛
2025-02-06,sz300502,106.0,108.44,104.87,106.65,45227204,4823481306.6,新易盛
2025-02-07,sz300502,108.0,115.53,108.0,113.39,41008025,4649899954.75,新易盛
2025-02-10,sz300502,115.12,116.04,111.8,114.56,24688846,2828354197.76,新易盛
2025-02-11,sz300502,115.07,117.55,113.77,115.55,20875427,2412155589.85,新易盛
2025-02-12,sz300502,114.11,115.5,112.8,114.5,22440444,2569430838.0,新易盛
2025-02-13,sz300502,113.36,113.81,110.44,110.51,21399539,2364863054.8900003,新易盛
2025-02-14,sz300502,111.51,114.14,108.01,109.01,21620047,2356801323.4700003,新易盛
2025-02-17,sz300502,110.99,124.22,110.9,123.3,46922044,5785488025.2,新易盛
2025-02-18,sz300502,120.84,129.39,120.61,123.8,38382766,4751786430.8,新易盛
2025-02-19,sz300502,122.95,123.75,119.36,121.38,27485209,3336154668.42,新易盛
2025-02-20,sz300502,120.21,121.3,117.0,119.2,24414664,2910227948.8,新易盛
2025-02-21,sz300502,119.21,124.49,117.82,121.04,37542068,4544091910.72,新易盛
2025-02-24,sz300502,118.99,119.69,113.33,113.5,42723517,4849119179.5,新易盛
2025-02-25,sz300502,110.2,112.63,109.6,110.7,26091134,2888288533.8,新易盛
2025-02-26,sz300502,110.75,113.24,108.69,113.0,28102835,3175620355.0,新易盛
2025-02-27,sz300502,113.0,114.31,105.0,106.37,44482319,4731584272.03,新易盛
2025-02-28,sz300502,101.06,101.17,94.76,96.04,62377343,5990720021.72,新易盛
2025-03-03,sz300502,96.09,96.5,90.28,91.8,50552284,4640699671.2,新易盛
2025-03-04,sz300502,87.5,93.51,87.4,93.15,40045732,3730259935.8,新易盛
2025-03-05,sz300502,93.2,95.55,93.2,94.29,30677043,2892538384.4700003,新易盛
2025-03-06,sz300502,94.99,96.58,92.7,95.34,39838270,3798180661.8,新易盛
2025-03-07,sz300502,93.68,94.6,91.96,92.87,33393775,3101279884.25,新易盛
2025-03-10,sz300502,93.07,94.81,92.0,94.4,26229625,2476076600.0,新易盛
2025-03-11,sz300502,92.01,94.3,91.79,94.3,20628185,1945237845.5,新易盛
2025-03-12,sz300502,95.22,95.53,93.39,93.86,25990204,2439440547.44,新易盛
2025-03-13,sz300502,95.26,96.5,92.18,92.53,29462810,2726193809.3,新易盛
2025-03-14,sz300502,92.9,95.18,90.11,93.83,42132874,3953327567.42,新易盛
2025-03-17,sz300502,94.02,96.68,94.02,95.66,34337701,3284744477.66,新易盛
2025-03-18,sz300502,95.66,104.6,94.11,103.7,69016861,7157048485.7,新易盛
2025-03-19,sz300502,100.38,101.88,97.58,98.13,45180663,4433578460.19,新易盛
2025-03-20,sz300502,98.83,99.77,97.7,98.44,22774599,2241931525.56,新易盛
2025-03-21,sz300502,97.87,99.32,94.98,95.07,22932251,2180169102.5699997,新易盛
2025-03-24,sz300502,94.48,99.97,94.48,99.4,39772655,3953401907.0,新易盛
2025-03-25,sz300502,101.5,103.6,98.85,98.89,36945834,3653573524.26,新易盛
2025-03-26,sz300502,99.01,101.77,97.73,97.79,23336692,2282095110.6800003,新易盛
2025-03-27,sz300502,95.0,96.92,93.5,95.19,25618536,2438628441.84,新易盛
2025-03-28,sz300502,95.0,98.0,93.78,95.17,19607504,1866046155.68,新易盛
2025-03-31,sz300502,94.0,98.12,93.94,98.12,24393105,2393451462.6,新易盛
2025-04-01,sz300502,98.51,98.98,96.31,97.18,17813189,1731085707.0200002,新易盛
2025-04-02,sz300502,97.6,101.65,97.21,99.53,29975537,2983465197.61,新易盛
2025-04-03,sz300502,95.0,95.99,89.67,92.78,46570455,4320806814.9,新易盛
2025-04-07,sz300502,79.75,79.88,74.22,74.22,39917360,2962666459.2,新易盛
2025-04-08,sz300502,75.74,76.2,68.43,70.37,61995649,4362633820.13,新易盛
2025-04-09,sz300502,67.88,71.35,65.64,70.41,46094878,3245540359.98,新易盛
2025-04-10,sz300502,79.0,81.38,76.42,76.77,59635918,4578249424.86,新易盛
2025-04-11,sz300502,75.4,80.34,74.6,77.74,39684969,3085109490.06,新易盛
2025-04-14,sz300502,80.0,82.33,78.37,78.92,40597345,3203942467.4,新易盛
2025-04-15,sz300502,78.28,79.22,76.7,78.56,23998125,1885292700.0,新易盛
2025-04-16,sz300502,75.94,76.0,73.54,75.08,29213219,2193328482.52,新易盛
2025-04-17,sz300502,75.48,76.68,74.21,75.32,21141274,1592360757.6799998,新易盛
2025-04-18,sz300502,75.62,77.94,75.18,77.86,29424137,2290963306.82,新易盛
2025-04-21,sz300502,79.61,81.48,78.5,81.42,36380054,2962063996.68,新易盛
2025-04-22,sz300502,81.0,81.88,79.6,81.2,31109075,2526056890.0,新易盛
2025-04-23,sz300502,86.83,93.5,84.85,91.33,81842666,7474690685.78,新易盛
2025-04-24,sz300502,90.93,92.63,90.0,90.35,41444587,3744518435.45,新易盛
2025-04-25,sz300502,93.0,98.26,92.54,95.16,58314215,5549180699.4,新易盛
2025-04-28,sz300502,95.88,95.97,91.0,91.21,41062404,3745301868.8399997,新易盛
2025-04-29,sz300502,91.3,91.91,89.35,90.35,29624920,2676611522.0,新易盛
2025-04-30,sz300502,90.32,90.6,88.65,89.79,25408066,2281390246.1400003,新易盛
2025-05-06,sz300502,92.9,94.58,92.8,93.63,38707327,3624167027.0099998,新易盛
2025-05-07,sz300502,95.98,96.68,93.22,94.2,32991155,3107766801.0,新易盛
2025-05-08,sz300502,96.5,109.6,96.5,107.95,96572325,10424982483.75,新易盛
2025-05-09,sz300502,106.26,110.92,106.2,109.21,56095938,6126237388.98,新易盛
2025-05-12,sz300502,114.0,115.08,109.5,112.84,58771981,6631830336.04,新易盛
2025-05-13,sz300502,115.0,118.88,113.0,115.88,60381567,6997015983.96,新易盛
2025-05-14,sz300502,118.99,125.55,118.01,118.85,66509241,7904623292.849999,新易盛
2025-05-15,sz300502,119.99,120.0,115.2,115.89,47081106,5456229374.34,新易盛
2025-05-16,sz300502,115.82,121.56,114.82,118.6,37802844,4483417298.4,新易盛
2025-05-19,sz300502,118.5,119.5,115.5,115.98,27751376,3218604588.48,新易盛
2025-05-20,sz300502,116.76,118.08,115.4,116.53,20833885,2427772619.05,新易盛
2025-05-21,sz300502,117.52,118.3,114.31,116.76,21959942,2564042827.92,新易盛
2025-05-22,sz300502,115.5,120.99,114.9,117.72,32063179,3774477431.88,新易盛
2025-05-23,sz300502,117.1,118.51,115.47,115.93,19282435,2235412689.55,新易盛
2025-05-26,sz300502,117.0,117.6,113.4,115.76,21183155,2452162022.8,新易盛
2025-05-27,sz300502,114.12,115.05,108.88,112.13,36662379,4110952557.27,新易盛
2025-05-28,sz300502,81.03,85.8,81.03,84.62,58052498,4912402380.76,新易盛
2025-05-29,sz300502,86.0,89.88,85.0,87.16,62556630,5452435870.8,新易盛
2025-05-30,sz300502,85.0,88.57,84.51,88.27,38726535,3418391244.45,新易盛
2025-06-03,sz300502,87.15,88.16,85.84,86.36,30870325,2665961267.0,新易盛
2025-06-04,sz300502,88.5,93.88,88.5,92.55,63843108,5908679645.4,新易盛
2025-06-05,sz300502,94.4,98.46,92.33,96.9,55507036,5378631788.400001,新易盛
2025-06-06,sz300502,95.9,101.26,94.97,99.73,46692504,4656643423.92,新易盛
2025-06-09,sz300502,103.0,103.97,98.98,100.87,58334592,5884210295.04,新易盛
2025-06-10,sz300502,99.2,101.47,98.53,99.6,41723696,4155680121.6,新易盛
2025-06-11,sz300502,100.15,100.7,97.96,98.36,36102646,3551056260.56,新易盛
2025-06-12,sz300502,97.76,104.14,97.13,100.81,59807967,6029241153.27,新易盛
2025-06-13,sz300502,99.11,102.81,98.88,100.05,32909580,3292603479.0,新易盛
2025-06-16,sz300502,99.6,108.2,99.6,106.7,58445551,6236140291.7,新易盛
2025-06-17,sz300502,107.0,108.67,105.11,107.12,36414888,3900762802.56,新易盛
2025-06-18,sz300502,106.09,112.56,104.53,112.22,56397702,6328950118.44,新易盛
2025-06-19,sz300502,110.5,114.89,110.5,113.0,44547661,5033885693.0,新易盛
2025-06-20,sz300502,113.97,113.97,108.2,110.01,43076037,4738794830.37,新易盛
2025-06-23,sz300502,108.07,109.96,104.72,107.28,39966670,4287624357.6,新易盛
2025-06-24,sz300502,108.38,109.97,105.9,106.71,35081527,3743549746.1699996,新易盛
2025-06-25,sz300502,109.9,110.99,106.68,110.4,51364715,5670664536.0,新易盛
2025-06-26,sz300502,111.9,117.99,111.0,116.8,55644459,6499272811.2,新易盛
2025-06-27,sz300502,115.8,124.66,113.88,123.18,60622536,7467483984.4800005,新易盛
2025-06-30,sz300502,124.7,128.39,121.38,127.02,59381141,7542592529.82,新易盛
2025-07-01,sz300502,125.03,128.8,124.89,127.2,28989671,3687486151.2000003,新易盛
2025-07-02,sz300502,124.92,125.58,121.3,124.98,35024403,4377349886.940001,新易盛
2025-07-03,sz300502,127.42,130.97,126.05,129.66,45725982,5928830826.12,新易盛
2025-07-04,sz300502,129.82,132.28,127.33,128.35,43903020,5634952617.0,新易盛
2025-07-07,sz300502,126.5,128.89,121.4,126.49,40760076,5155742013.24,新易盛
2025-07-08,sz300502,126.48,135.0,126.05,134.98,47831456,6456289930.879999,新易盛
2025-07-09,sz300502,134.55,137.97,134.01,135.55,35895657,4865656306.35,新易盛
2025-07-10,sz300502,137.55,138.58,129.35,133.05,52501876,6985374601.8,新易盛
2025-07-11,sz300502,134.29,134.35,130.05,131.16,31889434,4182618163.44,新易盛
2025-07-14,sz300502,132.5,133.1,129.38,130.9,30361222,3974283959.8,新易盛
2025-07-15,sz300502,149.02,157.08,148.28,157.08,52532323,8251777296.840001,新易盛
2025-07-16,sz300502,161.71,179.28,161.0,169.8,114938625,19516578525.0,新易盛
2025-07-17,sz300502,167.01,185.0,167.01,183.5,67776128,12436919488.0,新易盛
2025-07-18,sz300502,186.5,191.0,180.0,182.32,64348991,11732108039.119999,新易盛
2025-07-21,sz300502,184.83,186.6,173.79,178.26,60642007,10810044167.82,新易盛
2025-07-22,sz300502,178.27,184.2,174.83,176.71,56295828,9948035765.880001,新易盛
2025-07-23,sz300502,172.61,175.55,169.8,174.2,43195628,7524678397.599999,新易盛
2025-07-24,sz300502,176.71,177.33,167.59,172.8,52664231,9100379116.800001,新易盛
2025-07-25,sz300502,172.3,175.73,172.2,172.97,28681657,4961066211.29,新易盛
2025-07-28,sz300502,172.96,179.76,170.18,177.8,64744705,11511608549.0,新易盛
2025-07-29,sz300502,178.27,194.43,178.23,193.39,77588423,15004825123.97,新易盛
2025-07-30,sz300502,188.0,192.37,183.83,190.35,57108186,10870543205.1,新易盛
2025-07-31,sz300502,199.0,200.88,188.1,189.21,74911172,14173942854.12,新易盛
2025-08-01,sz300502,185.14,191.6,180.44,183.12,50586343,9263371130.16,新易盛
2025-08-04,sz300502,179.64,185.34,177.83,184.5,33370543,6156865183.5,新易盛
2025-08-05,sz300502,189.0,190.01,176.3,182.45,44216574,8067313926.299999,新易盛
2025-08-06,sz300502,180.0,187.58,179.11,186.4,30918074,5763128993.6,新易盛
2025-08-07,sz300502,186.4,189.46,176.42,183.62,40613292,7457412677.04,新易盛
2025-08-08,sz300502,183.0,185.58,180.88,182.28,26191517,4774189718.76,新易盛
2025-08-11,sz300502,182.33,196.3,182.32,192.89,41604654,8025121710.059999,新易盛
2025-08-12,sz300502,193.38,205.0,193.2,204.9,51786686,10611091961.4,新易盛
2025-08-13,sz300502,206.0,238.6,204.61,236.56,60112024,14220100397.44,新易盛
2025-08-14,sz300502,233.3,239.8,230.66,231.06,44975726,10392091249.56,新易盛
2025-08-15,sz300502,230.01,237.21,226.89,233.2,40048328,9339270089.6,新易盛
2025-08-18,sz300502,233.34,251.66,227.86,244.29,49904050,12191060374.5,新易盛
2025-08-19,sz300502,244.29,263.6,241.52,256.79,45117554,11585736691.660002,新易盛
2025-08-20,sz300502,247.0,255.48,236.22,255.14,41824052,10670988627.279999,新易盛
2025-08-21,sz300502,255.81,262.6,246.22,257.86,39730356,10244869598.16,新易盛
2025-08-22,sz300502,254.21,279.0,254.21,273.81,46022274,12601358843.94,新易盛
2025-08-25,sz300502,283.32,304.08,275.78,296.12,58709956,17385192170.72,新易盛
2025-08-26,sz300502,298.0,300.9,282.04,282.04,48995724,13818753996.960001,新易盛
2025-08-27,sz300502,290.09,324.42,290.09,308.33,73510829,22665593905.57,新易盛
2025-08-28,sz300502,301.8,355.19,301.8,354.95,73004179,25912833336.05,新易盛
2025-08-29,sz300502,350.0,368.0,337.0,356.2,60879725,21685358045.0,新易盛
2025-09-01,sz300502,362.0,399.9,352.01,388.5,66046191,25658945203.5,新易盛
2025-09-02,sz300502,388.0,401.1,345.0,358.2,92619589,33176336779.8,新易盛
2025-09-03,sz300502,355.0,382.0,345.8,369.71,73612607,27215316933.969997,新易盛
2025-09-04,sz300502,383.0,393.71,309.0,312.1,104140314,32502191999.4,新易盛
2025-09-05,sz300502,321.0,354.0,310.0,349.25,84643485,29561737136.25,新易盛
2025-09-08,sz300502,339.99,340.0,295.16,314.5,79476720,24995428440.0,新易盛
2025-09-09,sz300502,307.02,320.31,305.0,315.32,53004985,16713531870.199999,新易盛
2025-09-10,sz300502,340.01,346.88,321.37,334.95,74575156,24978948502.2,新易盛
2025-09-11,sz300502,345.99,381.52,345.0,379.9,76090353,28906725104.699997,新易盛
2025-09-12,sz300502,360.0,365.99,352.8,357.98,57941996,20742075728.08,新易盛
2025-09-15,sz300502,343.01,355.98,338.0,350.3,37752426,13224674827.800001,新易盛
2025-09-16,sz300502,348.94,357.88,332.33,345.75,51092822,17665343206.5,新易盛
2025-09-17,sz300502,343.08,352.26,336.0,347.66,34392971,11957060297.86,新易盛
2025-09-18,sz300502,339.02,359.89,333.88,345.51,52509056,18142403938.56,新易盛
2025-09-19,sz300502,350.9,358.47,336.97,350.0,44482040,15568714000.0,新易盛
2025-09-22,sz300502,348.0,348.0,328.88,343.0,41011855,14067066265.0,新易盛
2025-09-23,sz300502,361.11,369.8,338.0,353.0,55574690,19617865570.0,新易盛
2025-09-24,sz300502,344.02,363.99,333.8,354.64,43971560,15594074038.4,新易盛
2025-09-25,sz300502,348.23,385.88,341.0,376.0,56432193,21218504568.0,新易盛
2025-09-26,sz300502,376.13,388.41,372.0,374.0,38610713,14440406662.0,新易盛
2025-09-29,sz300502,370.11,398.6,370.11,388.28,41373209,16064389590.519999,新易盛
2025-09-30,sz300502,389.0,395.0,363.0,365.77,49588233,18137887984.41,新易盛
2025-10-09,sz300502,374.0,374.77,350.0,351.15,52292141,18362385312.149998,新易盛
2025-10-10,sz300502,355.01,365.56,345.21,346.2,43954136,15216921883.199999,新易盛
2025-10-13,sz300502,328.12,348.6,325.2,348.6,44351947,15461088724.2,新易盛
2025-10-14,sz300502,355.7,355.7,315.68,316.5,61231792,19379862168.0,新易盛
2025-10-15,sz300502,321.3,324.33,310.0,322.59,35521127,11458760358.929998,新易盛
2025-10-16,sz300502,317.81,336.0,317.03,324.76,31175370,10124513161.199999,新易盛
2025-10-17,sz300502,322.5,326.66,314.22,316.31,30653561,9696027879.91,新易盛
2025-10-20,sz300502,335.01,345.75,324.58,329.24,48732624,16044729125.76,新易盛
2025-10-21,sz300502,330.01,375.58,324.33,365.42,61468967,22461989921.14,新易盛
2025-10-22,sz300502,360.31,373.77,360.31,362.83,38918229,14120701028.07,新易盛
2025-10-23,sz300502,360.2,363.0,340.0,347.76,33456268,11634751759.68,新易盛
2025-10-24,sz300502,355.0,378.2,345.01,372.97,54893569,20473654429.93,新易盛
2025-10-27,sz300502,390.0,414.0,381.0,403.95,58161738,23494434065.1,新易盛
2025-10-28,sz300502,395.0,423.2,395.0,410.62,48021506,19718590793.72,新易盛
2025-10-29,sz300502,428.0,433.33,399.31,406.1,56357787,22886897300.7,新易盛
2025-10-30,sz300502,382.0,394.87,372.48,374.0,78561225,29381898150.0,新易盛
2025-10-31,sz300502,371.84,373.0,342.1,344.31,58400410,20107845167.1,新易盛
2025-11-03,sz300502,339.98,350.5,335.85,346.76,38702931,13420628353.56,新易盛
2025-11-04,sz300502,349.11,359.63,345.0,348.04,34639620,12055973344.800001,新易盛
2025-11-05,sz300502,335.1,348.5,335.1,346.1,25761831,8916169709.1,新易盛
2025-11-06,sz300502,353.02,362.56,347.69,356.71,39446483,14070954950.929998,新易盛
2025-11-07,sz300502,350.1,358.0,344.11,349.79,29313991,10253740911.890001,新易盛
2025-11-10,sz300502,349.95,353.79,322.75,336.0,47260087,15879389232.0,新易盛
2025-11-11,sz300502,340.0,346.97,322.75,326.0,37609494,12260695044.0,新易盛
2025-11-12,sz300502,320.33,331.68,315.88,329.1,40497204,13327629836.400002,新易盛
2025-11-13,sz300502,328.8,328.88,317.55,325.85,27865564,9079994029.400002,新易盛
2025-11-14,sz300502,318.01,319.68,310.58,310.58,32676772,10148751847.76,新易盛
2025-11-17,sz300502,314.33,320.07,306.66,311.7,31986719,9970260312.3,新易盛
2025-11-18,sz300502,308.01,324.93,306.61,316.86,34407922,10902494164.92,新易盛
2025-11-19,sz300502,316.3,328.0,313.89,322.4,35095593,11314819183.199999,新易盛
2025-11-20,sz300502,338.52,343.28,324.25,327.74,39377620,12905621178.800001,新易盛
2025-11-21,sz300502,313.9,314.0,299.85,300.0,43700371,13110111300.0,新易盛
2025-11-24,sz300502,304.56,308.78,287.31,293.0,46835740,13722871820.0,新易盛
2025-11-25,sz300502,303.0,315.5,302.03,304.72,46420147,14145147193.840002,新易盛
2025-11-26,sz300502,302.0,341.61,297.55,331.12,67878578,22475954747.36,新易盛
2025-11-27,sz300502,324.0,364.9,323.5,340.8,63125316,21513107692.8,新易盛
2025-11-28,sz300502,340.0,357.77,338.0,347.8,41449168,14416020630.4,新易盛
2025-12-01,sz300502,352.0,361.0,343.57,355.61,38685890,13757089342.9,新易盛
2025-12-02,sz300502,355.62,369.11,351.49,365.0,37860549,13819100385.0,新易盛
2025-12-03,sz300502,371.8,392.8,370.0,373.13,58027711,21651879805.43,新易盛
2025-12-04,sz300502,367.13,375.91,362.78,374.25,33677454,12603787159.5,新易盛
2025-12-05,sz300502,381.65,386.0,373.73,377.51,35427159,13374106794.09,新易盛
2025-12-08,sz300502,375.12,415.51,375.03,404.52,55941327,22629385598.039997,新易盛
2025-12-09,sz300502,404.83,426.5,402.03,419.13,48343738,20262310907.94,新易盛
2025-12-10,sz300502,418.0,438.89,398.68,432.26,51510640,22265989246.399998,新易盛
2025-12-11,sz300502,428.53,451.71,415.0,416.51,61049264,25427628948.64,新易盛
2025-12-12,sz300502,417.0,439.55,417.0,428.0,58376870,24985300360.0,新易盛
2025-12-15,sz300502,411.88,443.0,410.0,426.81,38653159,16497554792.79,新易盛
2025-12-16,sz300502,420.98,425.98,401.8,407.2,38788498,15794676385.6,新易盛
2025-12-17,sz300502,408.51,446.33,408.5,446.1,49263895,21976623559.5,新易盛
2025-12-18,sz300502,437.21,443.6,423.5,425.5,40042065,17037898657.5,新易盛
2025-12-19,sz300502,436.0,449.09,425.51,434.3,35719127,15512816856.1,新易盛
2025-12-22,sz300502,451.17,466.66,447.0,462.99,39332418,18210516209.82,新易盛
2025-12-23,sz300502,462.9,468.81,454.1,458.0,29543421,13530886818.0,新易盛
2025-12-24,sz300502,459.99,461.99,447.0,453.51,29816263,13521973433.13,新易盛
2025-12-25,sz300502,456.0,464.55,441.0,447.99,28256808,12658767415.92,新易盛
2025-12-26,sz300502,441.0,450.0,435.79,445.3,24906944,11091062163.2,新易盛
2025-12-29,sz300502,440.0,450.98,433.67,444.5,24667645,10964768202.5,新易盛
2025-12-30,sz300502,440.0,454.88,436.71,446.0,25884954,11544689484.0,新易盛
2025-12-31,sz300502,445.0,451.29,430.0,430.88,28617821,12330846712.48,新易盛
2026-01-05,sz300502,437.01,440.85,416.68,426.63,35750112,15252070282.56,新易盛
2026-01-06,sz300502,410.0,421.38,405.5,417.55,40426191,16879956052.050001,新易盛
2026-01-07,sz300502,426.02,429.99,412.5,420.3,30330497,12747907889.1,新易盛
2026-01-08,sz300502,415.43,421.69,405.0,410.34,28938073,11874448874.82,新易盛
2026-01-09,sz300502,397.01,406.9,382.06,398.22,42295410,16842878170.2,新易盛
2026-01-12,sz300502,386.0,399.0,372.54,391.35,54267472,21237575167.2,新易盛
2026-01-13,sz300502,385.26,402.89,381.38,383.2,39660732,15197992502.4,新易盛
2026-01-14,sz300502,388.0,394.97,375.71,383.97,45117212,17323655891.64,新易盛
2026-01-15,sz300502,380.16,405.0,376.51,400.0,50545374,20218149600.0,新易盛
2026-01-16,sz300502,410.13,411.0,391.84,397.19,46760106,18572646502.14,新易盛
2026-01-19,sz300502,392.21,409.1,391.61,403.18,33836949,13642381097.82,新易盛
2026-01-20,sz300502,401.52,401.9,377.0,382.56,42398892,16220120123.52,新易盛
2026-01-21,sz300502,383.01,402.22,383.0,394.8,39179186,15467942632.800001,新易盛
2026-01-22,sz300502,395.29,411.98,393.0,409.7,43721218,17912583014.6,新易盛
2026-01-23,sz300502,405.86,405.86,380.5,383.02,50208995,19231049264.899998,新易盛
2026-01-26,sz300502,379.8,392.36,374.51,388.63,31978312,12427731392.56,新易盛
2026-01-27,sz300502,387.55,412.58,385.57,399.24,41420779,16536831807.960001,新易盛
2026-01-28,sz300502,405.0,409.11,393.0,393.05,35317597,13881581500.85,新易盛
2026-01-29,sz300502,400.01,405.0,392.31,393.0,33758223,13266981639.0,新易盛
2026-01-30,sz300502,388.49,425.0,387.8,419.49,50837380,21325772536.2,新易盛
2026-02-02,sz300502,457.24,472.0,435.39,439.0,77787974,34148920586.0,新易盛
2026-02-03,sz300502,457.0,460.0,411.49,429.1,65751558,28213993537.800003,新易盛
2026-02-04,sz300502,410.0,415.0,381.67,399.2,59655715,23814561428.0,新易盛
2026-02-05,sz300502,391.0,399.9,381.1,383.0,36506803,13982105549.0,新易盛
2026-02-06,sz300502,376.05,378.87,357.0,364.06,46150683,16801617652.98,新易盛
2026-02-09,sz300502,379.98,399.0,375.3,390.15,47393980,18490761297.0,新易盛
2026-02-10,sz300502,392.19,405.82,388.5,393.11,29301270,11518622249.7,新易盛
2026-02-11,sz300502,390.1,393.5,368.14,371.66,44280557,16457311814.62,新易盛
2026-02-12,sz300502,373.02,384.99,361.72,365.76,44615122,16318427022.72,新易盛
2026-02-13,sz300502,362.04,373.14,357.0,366.11,29831825,10921729450.75,新易盛
2026-02-24,sz300502,368.0,385.88,353.2,372.06,46519370,17307996802.2,新易盛
2026-02-25,sz300502,370.0,388.3,368.51,382.0,33978567,12979812594.0,新易盛
2026-02-26,sz300502,384.01,388.58,375.31,385.9,31663399,12218905674.099998,新易盛
2026-02-27,sz300502,371.0,372.74,358.02,359.86,50910073,18320498869.780003,新易盛
2026-03-02,sz300502,347.74,385.0,346.74,381.0,55207325,21033990825.0,新易盛
2026-03-03,sz300502,381.0,395.48,379.0,382.2,51145931,19547974828.2,新易盛
2026-03-04,sz300502,377.6,383.88,366.65,369.37,32612232,12045980133.84,新易盛
2026-03-05,sz300502,384.94,422.6,383.26,401.24,69677874,27957550163.760002,新易盛
2026-03-06,sz300502,393.22,412.0,387.09,402.0,40431543,16253480286.0,新易盛
2026-03-09,sz300502,380.0,387.32,369.32,384.0,44166394,16959895296.0,新易盛
2026-03-10,sz300502,394.75,401.0,382.59,397.33,42488136,16881811076.88,新易盛
2026-03-11,sz300502,400.01,408.0,392.2,393.23,33838170,13306183589.1,新易盛
2026-03-12,sz300502,400.01,404.85,375.67,378.77,34618693,13112522347.609999,新易盛
2026-03-13,sz300502,373.18,399.99,372.02,394.03,40773694,16066058646.82,新易盛
2026-03-16,sz300502,396.04,418.03,392.0,413.23,47224054,19514395834.420002,新易盛
2026-03-17,sz300502,422.01,426.88,385.93,389.33,45393436,17673026437.88,新易盛
2026-03-18,sz300502,399.2,431.35,398.0,430.9,60972697,26273135137.3,新易盛
2026-03-19,sz300502,427.01,450.81,427.01,440.4,54357233,23938925413.199997,新易盛
2026-03-20,sz300502,468.0,490.28,458.88,477.05,67192214,32054045688.7,新易盛
2026-03-23,sz300502,456.13,477.87,453.0,460.44,48083159,22139409729.96,新易盛
2026-03-24,sz300502,459.0,468.33,438.0,468.0,40686069,19041080292.0,新易盛
2026-03-25,sz300502,490.21,492.0,463.0,476.2,45816206,21817677297.2,新易盛
2026-03-26,sz300502,469.02,480.0,455.12,457.0,36509860,16685006020.0,新易盛
2026-03-27,sz300502,446.29,461.3,440.01,447.41,29831745,13347021030.45,新易盛
2026-03-30,sz300502,445.2,464.0,445.2,458.38,25525405,11700335143.9,新易盛
2026-03-31,sz300502,445.65,454.5,434.7,442.84,28328996,12545212588.64,新易盛
2026-04-01,sz300502,461.53,463.0,444.0,460.6,31264881,14400604188.6,新易盛
2026-04-02,sz300502,453.11,460.98,442.8,447.49,21813516,9761330274.84,新易盛
2026-04-03,sz300502,457.0,469.0,454.05,455.3,33635997,15314469434.1,新易盛
2026-04-07,sz300502,450.0,468.0,441.19,458.7,28417411,13035066425.699999,新易盛
2026-04-08,sz300502,475.1,502.0,469.09,501.5,46939851,23540335276.5,新易盛
2026-04-09,sz300502,491.3,497.8,488.0,490.0,29841603,14622385470.0,新易盛
2026-04-10,sz300502,493.0,528.0,485.0,522.5,44484391,23243094297.5,新易盛
2026-04-13,sz300502,518.0,522.0,500.01,512.72,37511302,19232794761.440002,新易盛
2026-04-14,sz300502,522.94,538.9,515.0,520.0,38773795,20162373400.0,新易盛
2026-04-15,sz300502,525.02,534.0,490.02,496.98,46064564,22893167016.72,新易盛
2026-04-16,sz300502,497.0,539.93,496.0,537.5,41860341,22499933287.5,新易盛
2026-04-17,sz300502,550.0,589.98,542.03,589.0,41619470,24513867830.0,新易盛
2026-04-20,sz300502,589.0,596.96,577.0,583.0,34250619,19968110877.0,新易盛
2026-04-21,sz300502,578.0,582.99,566.0,578.5,28754379,16634408251.5,新易盛
2026-04-22,sz300502,569.0,625.26,568.03,622.71,43344645,26991143887.95,新易盛
2026-04-23,sz300502,619.0,627.8,600.99,608.28,40177510,24439175782.8,新易盛
2026-04-24,sz300502,552.76,566.66,528.01,537.27,91387113,49099554201.51,新易盛
2026-04-27,sz300502,549.4,553.0,534.86,538.0,46808200,25182811600.0,新易盛
2026-04-28,sz300502,537.34,548.0,517.01,535.46,35795263,19166931525.98,新易盛
2026-04-29,sz300502,529.0,549.5,526.0,537.0,27564540,14802157980.0,新易盛
2026-04-30,sz300502,549.0,549.0,518.0,525.79,30209791,15884006009.89,新易盛
2026-05-06,sz300502,539.9,542.58,517.0,522.48,42093269,21992891187.12,新易盛
2026-05-07,sz300502,523.85,565.0,513.0,563.5,53393032,30086973532.0,新易盛
2026-05-08,sz300502,553.0,560.99,546.47,551.67,29800495,16440039076.65,新易盛
2026-05-11,sz300502,554.0,569.99,525.25,563.7,58107664,32755290196.800003,新易盛
2026-05-12,sz300502,575.0,599.75,570.91,592.52,52497316,31105709676.32,新易盛
2026-05-13,sz300502,585.11,630.79,582.18,628.99,42373883,26652748668.170002,新易盛
2026-05-14,sz300502,641.5,653.7,606.9,617.9,38229006,23621702807.399998,新易盛
2024-01-02,sz300394,90.85,93.22,89.01,90.0,8343001,750870090.0,天孚通信
2024-01-03,sz300394,89.08,90.1,86.77,88.16,10835042,955217302.7199999,天孚通信
2024-01-04,sz300394,88.0,88.77,86.0,87.3,7915568,691029086.4,天孚通信
2024-01-05,sz300394,87.2,87.6,83.52,84.25,8471867,713754794.75,天孚通信
2024-01-08,sz300394,84.52,86.36,82.9,83.77,9225684,772835548.68,天孚通信
2024-01-09,sz300394,86.5,87.79,84.5,85.49,12766615,1091417916.35,天孚通信
2024-01-10,sz300394,84.59,86.0,82.52,83.23,8575282,713720720.86,天孚通信
2024-01-11,sz300394,83.2,87.85,83.1,86.01,11328993,974406687.9300001,天孚通信
2024-01-12,sz300394,84.82,85.5,82.77,82.95,8563868,710372850.6,天孚通信
2024-01-15,sz300394,82.05,85.05,81.12,83.8,7764114,650632753.1999999,天孚通信
2024-01-16,sz300394,83.0,84.2,81.95,83.25,6603823,549768264.75,天孚通信
2024-01-17,sz300394,84.54,87.79,84.19,84.67,15302766,1295685197.22,天孚通信
2024-01-18,sz300394,82.88,93.97,81.53,92.99,22280141,2071830311.59,天孚通信
2024-01-19,sz300394,94.25,94.88,91.3,91.6,14760064,1352021862.3999999,天孚通信
2024-01-22,sz300394,96.9,98.84,93.16,94.12,21553302,2028596784.24,天孚通信
2024-01-23,sz300394,95.0,101.0,94.54,98.0,18611288,1823906224.0,天孚通信
2024-01-24,sz300394,98.0,98.79,92.17,96.53,16490316,1591810203.48,天孚通信
2024-01-25,sz300394,95.88,100.85,95.23,98.98,15585608,1542663479.8400002,天孚通信
2024-01-26,sz300394,96.86,96.88,93.7,94.2,11447947,1078396607.4,天孚通信
2024-01-29,sz300394,92.92,93.0,79.54,84.67,16085531,1361961909.77,天孚通信
2024-01-30,sz300394,84.26,87.22,84.26,84.8,10323660,875446368.0,天孚通信
2024-01-31,sz300394,83.5,89.0,81.83,85.87,13438609,1153973354.8300002,天孚通信
2024-02-01,sz300394,84.8,102.98,84.1,98.35,23421903,2303544160.0499997,天孚通信
2024-02-02,sz300394,98.51,100.99,95.23,99.0,16652139,1648561761.0,天孚通信
2024-02-05,sz300394,97.9,113.88,97.01,103.4,22033529,2278266898.6,天孚通信
2024-02-06,sz300394,100.0,114.5,99.68,114.5,21076345,2413241502.5,天孚通信
2024-02-07,sz300394,112.95,114.98,109.01,112.7,20376470,2296428169.0,天孚通信
2024-02-08,sz300394,115.91,122.52,107.1,108.8,24759839,2693870483.2,天孚通信
2024-02-19,sz300394,115.5,130.56,112.2,130.56,25018232,3266380369.92,天孚通信
2024-02-20,sz300394,127.3,133.0,125.58,128.65,21450938,2759663173.7000003,天孚通信
2024-02-21,sz300394,125.0,125.37,120.03,123.0,22252556,2737064388.0,天孚通信
2024-02-22,sz300394,127.43,129.0,118.25,123.66,23619989,2920847839.74,天孚通信
2024-02-23,sz300394,125.11,127.27,118.66,119.42,22287022,2661516167.2400002,天孚通信
2024-02-26,sz300394,115.0,122.09,114.0,118.99,16509385,1964451721.1499999,天孚通信
2024-02-27,sz300394,117.98,137.55,116.3,133.0,27902707,3711060031.0,天孚通信
2024-02-28,sz300394,131.51,133.59,124.03,124.7,21659834,2700981299.8,天孚通信
2024-02-29,sz300394,126.02,136.0,125.0,136.0,25272348,3437039328.0,天孚通信
2024-03-01,sz300394,135.0,139.99,131.69,136.88,23943838,3277432545.44,天孚通信
2024-03-04,sz300394,137.31,147.77,135.02,141.7,20369378,2886340862.6,天孚通信
2024-03-05,sz300394,140.0,148.02,134.86,135.6,24621224,3338637974.4,天孚通信
2024-03-06,sz300394,135.0,137.0,131.22,135.53,16071844,2178217017.32,天孚通信
2024-03-07,sz300394,136.06,139.99,132.2,133.17,13207009,1758777388.5299997,天孚通信
2024-03-08,sz300394,135.96,145.0,134.22,142.88,19078820,2725981801.6,天孚通信
2024-03-11,sz300394,135.9,138.96,132.6,138.8,17170302,2383237917.6000004,天孚通信
2024-03-12,sz300394,138.5,140.9,131.0,134.48,17212884,2314788640.3199997,天孚通信
2024-03-13,sz300394,139.0,141.8,136.0,137.1,18043785,2473802923.5,天孚通信
2024-03-14,sz300394,135.0,149.88,134.5,146.8,23048009,3383447721.2000003,天孚通信
2024-03-15,sz300394,146.8,158.8,144.5,156.01,23936825,3734384068.25,天孚通信
2024-03-18,sz300394,158.81,165.9,156.88,161.95,19626514,3178513942.2999997,天孚通信
2024-03-19,sz300394,161.0,165.53,154.94,162.55,17431327,2833462203.8500004,天孚通信
2024-03-20,sz300394,162.0,172.0,156.0,162.33,19419407,3152352338.3100004,天孚通信
2024-03-21,sz300394,162.73,166.88,160.0,160.71,14526735,2334591581.85,天孚通信
2024-03-22,sz300394,160.46,166.47,160.46,161.46,14444194,2332159563.2400002,天孚通信
2024-03-25,sz300394,159.3,162.22,155.5,156.6,12040338,1885516930.8,天孚通信
2024-03-26,sz300394,155.21,166.27,147.45,153.8,23463201,3608640313.8,天孚通信
2024-03-27,sz300394,152.94,155.16,146.5,151.0,16869216,2547251616.0,天孚通信
2024-03-28,sz300394,152.06,156.38,146.54,151.82,18987195,2882635944.9,天孚通信
2024-03-29,sz300394,148.32,151.99,146.01,151.27,11817840,1787684656.8000002,天孚通信
2024-04-01,sz300394,153.04,163.3,150.25,163.24,16723366,2729922265.84,天孚通信
2024-04-02,sz300394,161.1,164.34,158.05,161.08,13509072,2176041317.76,天孚通信
2024-04-03,sz300394,158.15,158.99,152.0,153.6,11227511,1724545689.6,天孚通信
2024-04-08,sz300394,150.53,162.0,150.01,159.86,15055500,2406772230.0,天孚通信
2024-04-09,sz300394,158.68,160.05,152.77,156.1,10527157,1643289207.7,天孚通信
2024-04-10,sz300394,152.05,155.5,147.01,147.03,11996720,1763877741.6,天孚通信
2024-04-11,sz300394,148.87,154.0,148.87,150.52,11149694,1678251940.88,天孚通信
2024-04-12,sz300394,154.85,173.99,154.01,167.81,20996342,3523396151.02,天孚通信
2024-04-15,sz300394,167.64,168.65,162.0,165.46,13422593,2220902237.78,天孚通信
2024-04-16,sz300394,163.5,173.5,161.44,166.53,16207414,2699020653.42,天孚通信
2024-04-17,sz300394,166.63,172.1,162.62,171.71,16871622,2897026213.6200004,天孚通信
2024-04-18,sz300394,166.9,171.42,163.65,168.31,13364057,2249304433.67,天孚通信
2024-04-19,sz300394,167.5,169.9,156.03,162.51,16449072,2673138690.72,天孚通信
2024-04-22,sz300394,146.0,156.99,144.51,154.8,16756028,2593833134.4,天孚通信
2024-04-23,sz300394,158.39,159.95,153.63,158.52,12379473,1962394059.96,天孚通信
2024-04-24,sz300394,150.0,155.05,140.91,152.1,33074915,5030694571.5,天孚通信
2024-04-25,sz300394,146.98,151.0,144.45,146.7,20923982,3069548159.3999996,天孚通信
2024-04-26,sz300394,152.0,160.37,150.0,156.65,29245481,4581304598.650001,天孚通信
2024-04-29,sz300394,160.6,166.38,160.6,163.02,19643973,3202360478.46,天孚通信
2024-04-30,sz300394,162.0,165.65,161.26,161.35,12059143,1945742723.05,天孚通信
2024-05-06,sz300394,164.17,164.91,153.32,153.53,19287278,2961175791.34,天孚通信
2024-05-07,sz300394,155.83,157.59,144.88,145.5,23402247,3405026938.5,天孚通信
2024-05-08,sz300394,145.01,149.15,143.71,146.0,16237777,2370715442.0,天孚通信
2024-05-09,sz300394,144.57,144.57,139.0,142.01,16221330,2303591073.2999997,天孚通信
2024-05-10,sz300394,140.99,141.72,136.49,140.32,13958940,1958718460.8,天孚通信
2024-05-13,sz300394,139.78,142.19,132.97,135.01,21036798,2840178097.98,天孚通信
2024-05-14,sz300394,136.98,138.33,132.81,134.7,14165839,1908138513.3,天孚通信
2024-05-15,sz300394,134.5,139.93,133.0,135.39,12129141,1642164399.9899998,天孚通信
2024-05-16,sz300394,139.11,140.31,135.11,135.98,17947263,2440468822.74,天孚通信
2024-05-17,sz300394,133.01,144.5,130.62,142.5,25973978,3701291865.0,天孚通信
2024-05-20,sz300394,139.08,145.8,138.23,144.61,21249324,3072864743.6400003,天孚通信
2024-05-21,sz300394,143.49,145.71,140.8,142.02,10646978,1512083815.5600002,天孚通信
2024-05-22,sz300394,141.5,141.99,136.1,136.6,12916513,1764395675.8,天孚通信
2024-05-23,sz300394,139.7,140.5,132.5,135.76,13226661,1795651497.36,天孚通信
2024-05-24,sz300394,135.55,140.98,130.54,130.81,18319756,2396407282.36,天孚通信
2024-05-27,sz300394,131.15,134.8,129.0,130.81,12665857,1656820754.17,天孚通信
2024-05-28,sz300394,129.14,130.92,126.39,127.5,16098319,2052535672.5,天孚通信
2024-05-29,sz300394,129.0,130.47,126.29,127.31,11521920,1466855635.2,天孚通信
2024-05-30,sz300394,90.0,91.6,89.09,89.35,11117813,993376591.55,天孚通信
2024-05-31,sz300394,88.13,92.23,87.8,88.56,14831946,1313517137.76,天孚通信
2024-06-03,sz300394,88.71,94.38,88.71,91.08,29996217,2732055444.36,天孚通信
2024-06-04,sz300394,90.98,92.2,90.02,91.19,18190492,1658790965.48,天孚通信
2024-06-05,sz300394,90.81,92.1,89.48,89.81,12077085,1084643003.8500001,天孚通信
2024-06-06,sz300394,91.5,96.48,90.88,91.25,31347933,2860498886.25,天孚通信
2024-06-07,sz300394,90.4,91.0,86.31,86.82,23687006,2056505860.9199998,天孚通信
2024-06-11,sz300394,86.8,89.3,86.8,88.71,14876729,1319714629.59,天孚通信
2024-06-12,sz300394,88.17,89.77,87.35,87.87,11998197,1054281570.3900001,天孚通信
2024-06-13,sz300394,88.8,91.6,87.38,89.59,20361353,1824173615.27,天孚通信
2024-06-14,sz300394,89.83,101.11,89.1,98.0,47135669,4619295562.0,天孚通信
2024-06-17,sz300394,98.37,99.87,95.78,96.88,26877932,2603934052.16,天孚通信
2024-06-18,sz300394,96.9,103.5,96.49,99.34,27463379,2728212069.86,天孚通信
2024-06-19,sz300394,101.08,104.84,99.35,101.81,29285075,2981513485.75,天孚通信
2024-06-20,sz300394,101.0,104.99,100.31,102.57,23247303,2384475868.71,天孚通信
2024-06-21,sz300394,99.62,102.28,98.01,100.3,19022988,1908005696.3999999,天孚通信
2024-06-24,sz300394,99.0,100.68,95.25,95.86,19476346,1867002527.56,天孚通信
2024-06-25,sz300394,92.0,92.98,88.11,89.05,25442900,2265690245.0,天孚通信
2024-06-26,sz300394,91.04,91.83,87.0,89.17,21223780,1892524462.6000001,天孚通信
2024-06-27,sz300394,87.55,87.98,83.88,84.2,22002105,1852577241.0,天孚通信
2024-06-28,sz300394,84.13,90.92,84.1,88.42,25802641,2281469517.2200003,天孚通信
2024-07-01,sz300394,88.88,97.68,88.14,95.82,27722480,2656368033.6,天孚通信
2024-07-02,sz300394,94.8,96.08,93.57,94.36,18109369,1708800058.84,天孚通信
2024-07-03,sz300394,93.6,93.6,88.51,89.41,20587611,1840738299.51,天孚通信
2024-07-04,sz300394,90.48,91.15,87.11,87.34,17483946,1527047843.64,天孚通信
2024-07-05,sz300394,87.87,88.38,85.42,87.21,15971749,1392896230.29,天孚通信
2024-07-08,sz300394,87.25,91.23,86.86,90.08,21105504,1901183800.32,天孚通信
2024-07-09,sz300394,89.0,94.84,87.31,93.88,26043152,2444931109.7599998,天孚通信
2024-07-10,sz300394,94.02,101.0,93.6,100.0,31426291,3142629100.0,天孚通信
2024-07-11,sz300394,100.0,100.9,95.5,99.41,25166587,2501810413.67,天孚通信
2024-07-12,sz300394,96.98,96.98,94.45,94.99,18295331,1737873491.6899998,天孚通信
2024-07-15,sz300394,93.99,93.99,91.54,93.3,15301825,1427660272.5,天孚通信
2024-07-16,sz300394,93.5,94.18,91.0,93.43,17089722,1596692726.46,天孚通信
2024-07-17,sz300394,92.1,93.2,88.68,88.76,17527848,1555771788.48,天孚通信
2024-07-18,sz300394,89.0,96.15,88.5,96.14,35273233,3391168620.62,天孚通信
2024-07-19,sz300394,95.0,96.14,91.08,91.21,24150395,2202757527.95,天孚通信
2024-07-22,sz300394,90.1,94.2,90.01,92.68,15738561,1458649833.48,天孚通信
2024-07-23,sz300394,94.58,94.99,91.49,91.58,18065008,1654393432.6399999,天孚通信
2024-07-24,sz300394,90.03,96.58,90.03,93.68,20608265,1930582265.2,天孚通信
2024-07-25,sz300394,91.53,91.8,86.82,87.08,20057419,1746600046.52,天孚通信
2024-07-26,sz300394,87.2,92.39,86.8,91.15,18115213,1651201664.95,天孚通信
2024-07-29,sz300394,92.99,97.64,91.18,95.9,26165505,2509271929.5,天孚通信
2024-07-30,sz300394,94.88,98.63,93.08,96.76,24811227,2400734324.52,天孚通信
2024-07-31,sz300394,96.39,101.11,95.12,100.03,26149489,2615733384.67,天孚通信
2024-08-01,sz300394,104.6,105.51,100.2,100.56,25517407,2566030447.92,天孚通信
2024-08-02,sz300394,96.8,96.8,90.48,91.0,31795245,2893367295.0,天孚通信
2024-08-05,sz300394,86.0,88.66,83.83,84.05,26872785,2258657579.25,天孚通信
2024-08-06,sz300394,87.45,88.18,84.77,85.93,17676741,1518962354.13,天孚通信
2024-08-07,sz300394,85.0,86.77,84.02,84.3,14699423,1239161358.8999999,天孚通信
2024-08-08,sz300394,82.0,83.24,80.81,82.15,13894887,1141464967.0500002,天孚通信
2024-08-09,sz300394,84.0,86.18,83.71,83.72,15482011,1296153960.92,天孚通信
2024-08-12,sz300394,82.99,85.12,82.99,83.71,9251717,774461230.0699999,天孚通信
2024-08-13,sz300394,84.8,86.1,83.65,84.82,10726604,909830551.28,天孚通信
2024-08-14,sz300394,86.5,86.7,83.33,83.35,10713567,892975809.4499999,天孚通信
2024-08-15,sz300394,83.5,85.7,83.0,84.89,12410854,1053557396.0600001,天孚通信
2024-08-16,sz300394,85.66,91.79,85.66,90.2,23577282,2126670836.4,天孚通信
2024-08-19,sz300394,90.0,91.0,88.38,89.3,13221427,1180673431.1,天孚通信
2024-08-20,sz300394,90.6,90.88,86.65,87.05,12448369,1083630521.45,天孚通信
2024-08-21,sz300394,87.04,88.88,86.23,87.18,10495054,914958807.72,天孚通信
2024-08-22,sz300394,86.98,87.5,85.13,85.61,10000687,856158814.07,天孚通信
2024-08-23,sz300394,85.0,85.44,80.89,82.44,17041708,1404918407.52,天孚通信
2024-08-26,sz300394,83.5,83.9,77.88,78.98,17982176,1420232260.48,天孚通信
2024-08-27,sz300394,78.02,79.48,76.58,78.34,12043645,943499149.3000001,天孚通信
2024-08-28,sz300394,78.06,80.3,77.05,77.55,10905440,845716872.0,天孚通信
2024-08-29,sz300394,75.6,75.6,71.5,74.39,23083631,1717191310.09,天孚通信
2024-08-30,sz300394,73.3,77.97,73.3,76.79,19172992,1472294055.68,天孚通信
2024-09-02,sz300394,76.7,76.7,72.37,72.42,16449046,1191239911.32,天孚通信
2024-09-03,sz300394,72.93,73.56,71.74,73.2,10180056,745180099.2,天孚通信
2024-09-04,sz300394,68.82,72.9,68.65,72.36,16757188,1212550123.68,天孚通信
2024-09-05,sz300394,71.98,73.56,71.5,71.81,10523769,755711851.89,天孚通信
2024-09-06,sz300394,71.6,72.87,70.73,70.75,8107451,573602158.25,天孚通信
2024-09-09,sz300394,70.07,74.09,70.0,73.9,17499706,1293228273.4,天孚通信
2024-09-10,sz300394,73.69,76.79,72.82,75.19,22155267,1665854525.73,天孚通信
2024-09-11,sz300394,75.0,76.12,73.71,74.44,12787775,951921971.0,天孚通信
2024-09-12,sz300394,76.0,76.56,73.36,73.63,12778327,940868217.01,天孚通信
2024-09-13,sz300394,73.63,79.48,73.63,76.81,28004277,2151008516.37,天孚通信
2024-09-18,sz300394,75.9,76.96,74.9,75.68,10827407,819418161.7600001,天孚通信
2024-09-19,sz300394,75.86,76.1,72.5,73.5,13743981,1010182603.5,天孚通信
2024-09-20,sz300394,74.01,74.23,72.54,73.4,9706164,712432437.6,天孚通信
2024-09-23,sz300394,73.06,76.0,72.49,73.87,10649346,786667189.0200001,天孚通信
2024-09-24,sz300394,74.1,80.34,74.1,80.21,23865663,1914264829.2299998,天孚通信
2024-09-25,sz300394,81.5,81.85,78.63,78.65,20839740,1639045551.0,天孚通信
2024-09-26,sz300394,78.99,81.5,78.1,81.5,17318209,1411434033.5,天孚通信
2024-09-27,sz300394,81.52,88.59,80.02,86.08,28629834,2464456110.72,天孚通信
2024-09-30,sz300394,88.8,100.5,86.2,100.5,36619587,3680268493.5,天孚通信
2024-10-08,sz300394,120.0,120.6,105.22,120.6,41074229,4953552017.4,天孚通信
2024-10-09,sz300394,114.62,121.04,108.9,109.9,32638614,3586983678.6000004,天孚通信
2024-10-10,sz300394,111.97,113.09,104.2,106.14,22409609,2378555899.26,天孚通信
2024-10-11,sz300394,104.2,107.8,99.0,100.95,21786042,2199300939.9,天孚通信
2024-10-14,sz300394,100.1,102.78,97.51,102.32,19817314,2027707568.4799998,天孚通信
2024-10-15,sz300394,102.3,105.36,99.3,99.8,18277809,1824125338.2,天孚通信
2024-10-16,sz300394,96.0,98.06,95.1,96.78,15666813,1516234162.14,天孚通信
2024-10-17,sz300394,96.99,98.76,96.02,96.15,14353937,1380131042.5500002,天孚通信
2024-10-18,sz300394,96.42,109.28,96.04,104.54,32155869,3361574545.26,天孚通信
2024-10-21,sz300394,106.0,118.5,103.15,113.49,42662146,4841726949.54,天孚通信
2024-10-22,sz300394,117.0,124.8,113.49,123.3,40203557,4957098578.099999,天孚通信
2024-10-23,sz300394,114.0,124.9,110.0,118.18,40047175,4732775141.5,天孚通信
2024-10-24,sz300394,117.6,139.8,116.2,129.51,40760921,5278946878.71,天孚通信
2024-10-25,sz300394,130.0,137.31,129.53,132.9,33209252,4413509590.8,天孚通信
2024-10-28,sz300394,131.6,142.28,130.0,135.41,32178277,4357260488.57,天孚通信
2024-10-29,sz300394,132.0,137.78,129.5,134.02,26243398,3517140199.96,天孚通信
2024-10-30,sz300394,131.5,140.9,129.2,131.48,24287140,3193273167.2,天孚通信
2024-10-31,sz300394,127.6,131.9,126.88,128.3,20520969,2632840322.7000003,天孚通信
2024-11-01,sz300394,126.05,127.66,121.88,124.7,17999524,2244540642.8,天孚通信
2024-11-04,sz300394,125.5,132.74,125.5,128.83,14799731,1906649344.7300003,天孚通信
2024-11-05,sz300394,127.27,135.98,127.27,133.93,18793232,2516977561.76,天孚通信
2024-11-06,sz300394,133.0,135.81,130.3,132.51,16465256,2181811072.56,天孚通信
2024-11-07,sz300394,130.53,141.89,130.1,136.65,17916968,2448353677.2000003,天孚通信
2024-11-08,sz300394,136.7,149.88,136.55,137.7,23306152,3209257130.3999996,天孚通信
2024-11-11,sz300394,136.0,136.8,129.12,129.93,25851458,3358879937.94,天孚通信
2024-11-12,sz300394,129.74,132.21,126.73,128.5,18361998,2359516743.0,天孚通信
2024-11-13,sz300394,128.43,135.0,126.21,133.62,22080732,2950427409.84,天孚通信
2024-11-14,sz300394,132.01,133.47,125.0,125.5,16576294,2080324897.0,天孚通信
2024-11-15,sz300394,127.0,128.18,115.5,115.56,22804756,2635317603.36,天孚通信
2024-11-18,sz300394,114.57,117.42,111.23,112.71,17077390,1924792626.8999999,天孚通信
2024-11-19,sz300394,114.79,118.11,112.44,115.98,12805444,1485175395.1200001,天孚通信
2024-11-20,sz300394,116.08,121.74,116.0,120.05,17687079,2123333833.95,天孚通信
2024-11-21,sz300394,118.22,120.29,113.34,114.35,19813901,2265719579.35,天孚通信
2024-11-22,sz300394,114.35,116.5,110.03,110.06,15468793,1702495357.58,天孚通信
2024-11-25,sz300394,109.91,110.41,101.63,104.5,26756959,2796102215.5,天孚通信
2024-11-26,sz300394,103.81,106.71,102.6,104.5,15198673,1588261328.5,天孚通信
2024-11-27,sz300394,104.49,105.58,101.18,104.47,15583955,1628055778.85,天孚通信
2024-11-28,sz300394,104.01,104.57,99.79,101.27,18349411,1858244851.97,天孚通信
2024-11-29,sz300394,102.94,105.3,100.55,103.28,18491201,1909771239.28,天孚通信
2024-12-02,sz300394,104.82,112.68,104.82,110.9,29600597,3282706207.3,天孚通信
2024-12-03,sz300394,110.0,112.58,107.35,109.61,16855987,1847584735.07,天孚通信
2024-12-04,sz300394,108.01,109.58,105.28,106.35,14147371,1504572905.85,天孚通信
2024-12-05,sz300394,107.41,111.8,107.41,108.02,15093801,1630432384.02,天孚通信
2024-12-06,sz300394,108.0,112.34,107.6,108.72,12712334,1382084952.48,天孚通信
2024-12-09,sz300394,107.99,107.99,104.1,105.6,14479499,1529035094.3999999,天孚通信
2024-12-10,sz300394,108.0,108.99,102.83,103.66,20552328,2130454320.48,天孚通信
2024-12-11,sz300394,102.05,107.96,102.0,105.57,18358639,1938121519.2299998,天孚通信
2024-12-12,sz300394,106.0,112.28,105.02,109.2,23505342,2566783346.4,天孚通信
2024-12-13,sz300394,108.36,112.19,103.84,104.65,31678644,3315170094.6000004,天孚通信
2024-12-16,sz300394,104.65,105.2,97.61,100.51,26368495,2650297432.4500003,天孚通信
2024-12-17,sz300394,99.68,103.57,98.55,98.76,21112598,2085080178.48,天孚通信
2024-12-18,sz300394,98.76,99.45,96.75,98.31,13280510,1305606938.1000001,天孚通信
2024-12-19,sz300394,96.96,99.9,96.4,98.93,14371420,1421764580.6000001,天孚通信
2024-12-20,sz300394,98.0,100.81,97.77,98.67,17206427,1697758152.09,天孚通信
2024-12-23,sz300394,99.0,101.91,98.11,98.23,22441321,2204410961.83,天孚通信
2024-12-24,sz300394,98.79,99.68,96.6,99.11,14064057,1393888689.27,天孚通信
2024-12-25,sz300394,98.8,102.01,98.31,100.5,18296910,1838839455.0,天孚通信
2024-12-26,sz300394,100.99,108.88,98.81,107.99,29875390,3226243366.1,天孚通信
2024-12-27,sz300394,108.15,108.3,104.75,105.6,20378681,2151988713.6,天孚通信
2024-12-30,sz300394,103.52,103.72,95.68,95.89,33117283,3175616266.87,天孚通信
2024-12-31,sz300394,95.41,96.18,91.26,91.36,22654075,2069676292.0,天孚通信
2025-01-02,sz300394,91.0,92.5,88.8,89.75,15753685,1413893228.75,天孚通信
2025-01-03,sz300394,90.0,90.7,87.0,87.1,14529353,1265506646.3,天孚通信
2025-01-06,sz300394,87.5,90.38,87.3,88.67,13242040,1174171686.8,天孚通信
2025-01-07,sz300394,89.8,95.49,88.38,95.07,25613665,2435091131.5499997,天孚通信
2025-01-08,sz300394,92.1,94.65,90.2,94.05,20069287,1887516442.35,天孚通信
2025-01-09,sz300394,93.8,94.57,92.51,93.09,12845278,1195766929.02,天孚通信
2025-01-10,sz300394,92.6,93.0,88.5,88.5,17156047,1518310159.5,天孚通信
2025-01-13,sz300394,87.36,89.26,85.53,86.69,15714232,1362266772.08,天孚通信
2025-01-14,sz300394,86.58,90.09,83.93,89.98,20533093,1847567708.14,天孚通信
2025-01-15,sz300394,89.01,89.59,86.01,86.02,17228129,1481963656.58,天孚通信
2025-01-16,sz300394,86.99,103.22,86.51,103.22,55494222,5728113594.84,天孚通信
2025-01-17,sz300394,106.01,111.54,105.0,108.6,63958240,6945864864.0,天孚通信
2025-01-20,sz300394,110.33,114.68,106.45,113.47,46243023,5247195819.81,天孚通信
2025-01-21,sz300394,115.74,115.8,110.08,112.75,37625944,4242325186.0,天孚通信
2025-01-22,sz300394,115.57,120.0,114.8,116.0,40360994,4681875304.0,天孚通信
2025-01-23,sz300394,116.58,119.69,111.5,112.92,32382765,3656661823.8,天孚通信
2025-01-24,sz300394,113.02,116.3,111.8,114.02,24289935,2769538388.7,天孚通信
2025-01-27,sz300394,106.0,107.49,99.76,100.8,32455939,3271558651.2,天孚通信
2025-02-05,sz300394,92.0,93.3,82.58,83.79,47846838,4009086556.0200005,天孚通信
2025-02-06,sz300394,85.0,86.68,83.51,85.99,35505785,3053142452.1499996,天孚通信
2025-02-07,sz300394,86.66,92.28,86.65,90.29,37586146,3393653122.34,天孚通信
2025-02-10,sz300394,90.85,93.2,90.3,91.73,27722788,2543011343.2400002,天孚通信
2025-02-11,sz300394,92.7,94.99,91.2,93.57,25788046,2412987464.22,天孚通信
2025-02-12,sz300394,92.8,94.28,91.6,93.88,20291689,1904983763.32,天孚通信
2025-02-13,sz300394,93.07,94.86,90.58,90.83,22033523,2001304894.09,天孚通信
2025-02-14,sz300394,91.96,95.5,89.01,89.9,23811891,2140689000.9,天孚通信
2025-02-17,sz300394,90.0,100.39,90.0,98.26,38508984,3783892767.84,天孚通信
2025-02-18,sz300394,97.0,100.56,95.79,97.2,28226062,2743573226.4,天孚通信
2025-02-19,sz300394,96.93,97.65,94.18,96.54,21777976,2102445803.0400002,天孚通信
2025-02-20,sz300394,97.99,101.93,96.0,100.3,29656160,2974512848.0,天孚通信
2025-02-21,sz300394,100.85,110.0,98.6,104.08,32975359,3432075364.72,天孚通信
2025-02-24,sz300394,102.1,103.0,98.53,101.12,25785942,2607474455.04,天孚通信
2025-02-25,sz300394,97.16,102.35,96.96,100.17,17640077,1767006513.09,天孚通信
2025-02-26,sz300394,99.6,104.98,98.19,104.42,22761596,2376765854.32,天孚通信
2025-02-27,sz300394,105.0,106.93,99.0,100.19,28027041,2808029237.79,天孚通信
2025-02-28,sz300394,94.99,94.99,88.0,88.47,34755796,3074845272.12,天孚通信
2025-03-03,sz300394,88.8,90.8,86.03,87.43,22913824,2003355632.3200002,天孚通信
2025-03-04,sz300394,82.31,87.36,81.62,87.2,21330192,1859992742.4,天孚通信
2025-03-05,sz300394,87.3,90.5,87.3,89.99,20442315,1839603926.85,天孚通信
2025-03-06,sz300394,90.19,92.9,88.28,91.11,24094468,2195246979.48,天孚通信
2025-03-07,sz300394,89.5,89.5,88.0,88.39,15614224,1380141259.36,天孚通信
2025-03-10,sz300394,88.89,90.5,88.42,89.96,15920521,1432210069.1599998,天孚通信
2025-03-11,sz300394,87.32,89.57,87.02,89.56,12960755,1160765217.8,天孚通信
2025-03-12,sz300394,91.0,92.9,89.6,91.1,23153323,2109267725.3,天孚通信
2025-03-13,sz300394,93.49,94.3,90.67,90.9,19506835,1773171301.5,天孚通信
2025-03-14,sz300394,90.87,96.35,90.22,95.13,33288434,3166728726.42,天孚通信
2025-03-17,sz300394,95.25,98.03,93.89,96.56,25903188,2501211833.28,天孚通信
2025-03-18,sz300394,95.8,99.52,93.6,97.87,31588006,3091518147.2200003,天孚通信
2025-03-19,sz300394,94.62,95.09,90.32,90.69,33326647,3022393616.43,天孚通信
2025-03-20,sz300394,90.69,92.66,90.0,90.0,14689258,1322033220.0,天孚通信
2025-03-21,sz300394,89.3,89.95,87.3,87.72,14395036,1262732557.92,天孚通信
2025-03-24,sz300394,87.8,89.8,87.0,88.84,13074957,1161579179.88,天孚通信
2025-03-25,sz300394,89.5,91.58,88.78,89.01,13403958,1193086301.5800002,天孚通信
2025-03-26,sz300394,88.96,89.01,86.86,87.2,12117156,1056616003.2,天孚通信
2025-03-27,sz300394,84.9,86.05,82.93,84.7,17825542,1509823407.4,天孚通信
2025-03-28,sz300394,84.22,85.75,83.66,83.66,8566737,716693217.42,天孚通信
2025-03-31,sz300394,83.3,84.8,83.01,84.62,8875595,751052848.9000001,天孚通信
2025-04-01,sz300394,84.7,84.84,83.88,84.2,6644674,559481550.8000001,天孚通信
2025-04-02,sz300394,84.64,86.31,84.35,85.25,9858456,840433374.0,天孚通信
2025-04-03,sz300394,83.0,83.5,77.51,79.45,22756648,1808015683.6000001,天孚通信
2025-04-07,sz300394,69.98,71.4,63.56,63.56,24267646,1542451579.76,天孚通信
2025-04-08,sz300394,63.93,65.3,59.96,62.23,28811500,1792939645.0,天孚通信
2025-04-09,sz300394,60.0,63.36,57.11,62.73,24805047,1556020598.31,天孚通信
2025-04-10,sz300394,69.5,70.01,66.56,66.56,27739836,1846363484.16,天孚通信
2025-04-11,sz300394,66.56,68.23,65.18,67.07,18003866,1207519292.62,天孚通信
2025-04-14,sz300394,71.0,71.2,67.93,68.1,19282147,1313114210.6999998,天孚通信
2025-04-15,sz300394,67.6,67.89,66.26,67.18,10864385,729869384.3000001,天孚通信
2025-04-16,sz300394,65.77,66.23,64.16,65.86,11790868,776546566.48,天孚通信
2025-04-17,sz300394,65.0,66.68,65.0,65.7,8765211,575874362.7,天孚通信
2025-04-18,sz300394,65.9,66.81,65.68,66.38,10009801,664450590.38,天孚通信
2025-04-21,sz300394,67.99,68.5,66.85,68.5,15222908,1042769198.0,天孚通信
2025-04-22,sz300394,67.38,68.08,67.1,67.5,11397900,769358250.0,天孚通信
2025-04-23,sz300394,68.88,73.78,68.2,72.5,30025423,2176843167.5,天孚通信
2025-04-24,sz300394,69.98,71.08,69.26,69.45,21162003,1469701108.3500001,天孚通信
2025-04-25,sz300394,69.78,72.19,69.78,70.24,21141041,1484946719.84,天孚通信
2025-04-28,sz300394,69.8,70.0,67.81,68.27,13569843,926413181.6099999,天孚通信
2025-04-29,sz300394,67.67,68.5,67.27,67.68,8557384,579163749.12,天孚通信
2025-04-30,sz300394,67.85,68.72,67.3,68.57,10834218,742902328.2599999,天孚通信
2025-05-06,sz300394,69.75,71.88,69.7,71.69,17732292,1271228013.48,天孚通信
2025-05-07,sz300394,73.11,73.5,70.41,71.24,15585154,1110286370.96,天孚通信
2025-05-08,sz300394,71.6,77.57,71.55,76.42,37367733,2855642155.86,天孚通信
2025-05-09,sz300394,75.0,75.5,73.5,74.12,21447702,1589703672.24,天孚通信
2025-05-12,sz300394,76.2,76.6,74.48,76.38,20410081,1558921986.78,天孚通信
2025-05-13,sz300394,78.0,78.76,75.58,75.67,21757681,1646403721.27,天孚通信
2025-05-14,sz300394,76.86,78.49,76.1,76.33,21306767,1626345525.11,天孚通信
2025-05-15,sz300394,76.05,76.4,73.27,73.27,16814165,1231973869.55,天孚通信
2025-05-16,sz300394,72.89,75.14,72.6,74.29,13746281,1021211215.4900001,天孚通信
2025-05-19,sz300394,73.46,73.46,71.75,72.45,11223328,813130113.6,天孚通信
2025-05-20,sz300394,72.45,76.88,72.13,75.3,17925875,1349818387.5,天孚通信
2025-05-21,sz300394,74.61,80.19,74.61,78.18,31134672,2434108656.96,天孚通信
2025-05-22,sz300394,77.5,78.95,76.36,76.45,17741605,1356345702.25,天孚通信
2025-05-23,sz300394,77.0,77.21,74.0,74.07,14139069,1047280840.8299999,天孚通信
2025-05-26,sz300394,73.95,74.79,73.15,74.78,10452509,781638623.02,天孚通信
2025-05-27,sz300394,74.2,75.37,72.03,74.01,13882657,1027455444.57,天孚通信
2025-05-28,sz300394,74.9,77.74,74.49,77.63,24581811,1908285987.9299998,天孚通信
2025-05-29,sz300394,78.6,82.8,78.47,82.16,40931882,3362963425.12,天孚通信
2025-05-30,sz300394,81.0,82.24,80.18,81.7,16627585,1358473694.5,天孚通信
2025-06-03,sz300394,81.0,83.4,80.35,81.77,16266380,1330101892.6,天孚通信
2025-06-04,sz300394,83.6,86.0,83.5,85.17,29839017,2541389077.89,天孚通信
2025-06-05,sz300394,84.5,89.89,84.29,87.85,28761181,2526669750.85,天孚通信
2025-06-06,sz300394,87.4,92.57,87.11,90.52,28587674,2587756250.48,天孚通信
2025-06-09,sz300394,66.58,73.49,66.19,70.2,55543866,3899179393.2000003,天孚通信
2025-06-10,sz300394,69.0,69.59,67.68,68.73,37860867,2602177388.9100003,天孚通信
2025-06-11,sz300394,68.8,71.2,67.67,67.96,31718367,2155580221.3199997,天孚通信
2025-06-12,sz300394,67.89,77.82,67.06,74.79,63287202,4733249837.58,天孚通信
2025-06-13,sz300394,74.4,75.76,73.33,73.47,31297415,2299421080.05,天孚通信
2025-06-16,sz300394,72.84,76.99,72.84,75.4,37298819,2812330952.6000004,天孚通信
2025-06-17,sz300394,75.6,75.96,72.9,73.8,27837447,2054403588.6,天孚通信
2025-06-18,sz300394,73.86,77.18,71.58,76.59,43319724,3317857661.1600003,天孚通信
2025-06-19,sz300394,75.62,78.7,75.28,76.1,39726710,3023202631.0,天孚通信
2025-06-20,sz300394,76.1,76.49,73.2,74.38,31812687,2366227659.06,天孚通信
2025-06-23,sz300394,73.19,74.65,69.8,71.3,42503067,3030468677.1,天孚通信
2025-06-24,sz300394,71.99,73.17,71.07,71.6,25299114,1811416562.3999999,天孚通信
2025-06-25,sz300394,73.48,73.66,70.5,72.3,27956179,2021231741.6999998,天孚通信
2025-06-26,sz300394,73.33,74.68,72.61,73.21,38639468,2828795452.2799997,天孚通信
2025-06-27,sz300394,72.4,76.32,71.16,75.09,45732768,3434073549.1200004,天孚通信
2025-06-30,sz300394,75.9,79.88,73.54,79.84,57217592,4568252545.28,天孚通信
2025-07-01,sz300394,78.33,80.3,77.8,78.83,30688655,2419186673.65,天孚通信
2025-07-02,sz300394,77.0,77.0,74.66,74.7,29252038,2185127238.6,天孚通信
2025-07-03,sz300394,75.4,79.49,74.88,78.08,34680139,2707825253.12,天孚通信
2025-07-04,sz300394,78.08,79.36,75.5,75.58,33846430,2558113179.4,天孚通信
2025-07-07,sz300394,74.38,75.31,71.5,73.07,26856088,1962374350.1599998,天孚通信
2025-07-08,sz300394,72.56,83.6,72.52,82.33,59650913,4911059667.29,天孚通信
2025-07-09,sz300394,82.36,84.96,80.77,83.88,44278426,3714074372.8799996,天孚通信
2025-07-10,sz300394,86.16,88.53,84.11,87.49,50673869,4433456798.809999,天孚通信
2025-07-11,sz300394,87.19,90.0,84.54,84.54,46082047,3895776253.38,天孚通信
2025-07-14,sz300394,84.01,86.4,83.8,84.99,25538572,2170523234.2799997,天孚通信
2025-07-15,sz300394,89.02,96.51,87.55,95.16,55403373,5272184974.679999,天孚通信
2025-07-16,sz300394,95.83,95.98,90.0,90.22,46205720,4168680058.4,天孚通信
2025-07-17,sz300394,90.61,93.88,90.0,92.78,36101008,3349451522.2400002,天孚通信
2025-07-18,sz300394,93.5,97.3,90.55,91.0,37232059,3388117369.0,天孚通信
2025-07-21,sz300394,89.07,91.5,86.56,88.96,38686625,3441562159.9999995,天孚通信
2025-07-22,sz300394,88.52,93.83,88.2,89.61,39931496,3578261356.56,天孚通信
2025-07-23,sz300394,87.0,90.73,86.16,90.27,28381606,2562007573.62,天孚通信
2025-07-24,sz300394,91.8,92.0,86.0,86.97,34738344,3021193777.68,天孚通信
2025-07-25,sz300394,86.88,88.15,86.0,86.19,20251296,1745459202.24,天孚通信
2025-07-28,sz300394,86.3,88.9,85.6,88.8,27073377,2404115877.6,天孚通信
2025-07-29,sz300394,88.81,101.1,88.8,101.08,68502462,6924228858.96,天孚通信
2025-07-30,sz300394,98.0,102.33,97.8,101.69,38944086,3960224105.3399997,天孚通信
2025-07-31,sz300394,103.99,112.66,103.3,105.63,65715890,6941569460.7,天孚通信
2025-08-01,sz300394,105.0,111.0,102.91,107.88,50963391,5497930621.08,天孚通信
2025-08-04,sz300394,105.22,107.88,101.5,104.46,37523085,3919661459.1,天孚通信
2025-08-05,sz300394,106.38,106.99,100.8,103.2,31836692,3285546614.4,天孚通信
2025-08-06,sz300394,101.91,104.88,101.88,103.03,20227965,2084087233.95,天孚通信
2025-08-07,sz300394,103.0,107.35,98.25,102.0,38784444,3956013288.0,天孚通信
2025-08-08,sz300394,100.5,102.44,99.95,100.6,20303070,2042488842.0,天孚通信
2025-08-11,sz300394,99.11,105.9,98.89,103.61,38935970,4034155851.7,天孚通信
2025-08-12,sz300394,105.2,108.0,104.3,106.85,36191056,3867014333.6,天孚通信
2025-08-13,sz300394,107.8,118.0,106.91,117.2,50072483,5868495007.6,天孚通信
2025-08-14,sz300394,113.87,114.98,110.05,110.19,35073874,3864790176.06,天孚通信
2025-08-15,sz300394,109.2,111.67,105.84,107.87,36433603,3930092755.61,天孚通信
2025-08-18,sz300394,106.57,115.0,106.57,111.09,37869741,4206949527.69,天孚通信
2025-08-19,sz300394,112.01,126.5,110.51,121.98,53338953,6506285486.940001,天孚通信
2025-08-20,sz300394,118.0,125.53,113.15,125.42,47082491,5905086021.22,天孚通信
2025-08-21,sz300394,125.0,127.29,117.0,119.73,37245086,4459354146.78,天孚通信
2025-08-22,sz300394,117.5,124.0,115.42,122.9,43037415,5289298303.5,天孚通信
2025-08-25,sz300394,125.0,131.5,121.0,129.35,55928776,7234387175.599999,天孚通信
2025-08-26,sz300394,150.01,155.0,140.99,144.78,68626317,9935718175.26,天孚通信
2025-08-27,sz300394,148.01,157.96,147.09,150.01,52347620,7852666476.2,天孚通信
2025-08-28,sz300394,155.01,180.01,154.73,180.01,66565753,11982501197.529999,天孚通信
2025-08-29,sz300394,187.9,200.88,185.0,198.53,63570875,12620725813.75,天孚通信
2025-09-01,sz300394,197.99,225.05,193.88,222.16,57543615,12783889508.4,天孚通信
2025-09-02,sz300394,218.0,224.1,194.78,199.18,70276577,13997688606.86,天孚通信
2025-09-03,sz300394,199.5,211.58,193.88,205.31,54161494,11119896333.14,天孚通信
2025-09-04,sz300394,205.0,208.0,170.0,173.66,65569250,11386755955.0,天孚通信
2025-09-05,sz300394,176.79,189.72,171.26,186.8,51019239,9530393845.2,天孚通信
2025-09-08,sz300394,182.01,183.0,165.22,173.05,48493698,8391834438.900001,天孚通信
2025-09-09,sz300394,174.0,174.14,165.0,167.93,28759357,4829558821.01,天孚通信
2025-09-10,sz300394,176.5,179.98,169.55,174.91,45141578,7895713407.98,天孚通信
2025-09-11,sz300394,180.01,201.52,176.8,198.6,62624783,12437281903.8,天孚通信
2025-09-12,sz300394,188.0,190.0,182.5,185.65,42450430,7880922329.5,天孚通信
2025-09-15,sz300394,180.0,185.2,176.0,181.05,26846949,4860640116.450001,天孚通信
2025-09-16,sz300394,179.77,184.44,173.0,178.3,34917297,6225754055.1,天孚通信
2025-09-17,sz300394,178.0,184.02,174.0,182.07,33112646,6028819457.219999,天孚通信
2025-09-18,sz300394,178.01,188.0,174.4,179.88,41036905,7381718471.4,天孚通信
2025-09-19,sz300394,182.2,195.0,180.62,187.98,45333156,8521726664.879999,天孚通信
2025-09-22,sz300394,188.0,188.47,175.0,185.59,32812102,6089598010.18,天孚通信
2025-09-23,sz300394,194.37,198.85,180.0,189.8,38957661,7394164057.8,天孚通信
2025-09-24,sz300394,180.24,186.35,177.0,182.51,31158508,5686739295.08,天孚通信
2025-09-25,sz300394,179.97,187.0,173.55,182.4,31704581,5782915574.400001,天孚通信
2025-09-26,sz300394,180.0,185.66,173.85,173.85,24465759,4253372202.15,天孚通信
2025-09-29,sz300394,170.0,178.38,170.0,176.09,22874796,4028022827.64,天孚通信
2025-09-30,sz300394,177.38,178.8,167.0,167.8,30649883,5143050367.400001,天孚通信
2025-10-09,sz300394,167.87,170.78,162.99,164.0,29749322,4878888808.0,天孚通信
2025-10-10,sz300394,163.88,165.68,156.88,158.2,28436697,4498685465.4,天孚通信
2025-10-13,sz300394,146.88,158.19,146.88,156.88,23231276,3644522578.88,天孚通信
2025-10-14,sz300394,159.04,160.01,148.0,148.95,26317544,3919998178.7999997,天孚通信
2025-10-15,sz300394,149.16,151.34,146.24,150.19,18991037,2852263847.0299997,天孚通信
2025-10-16,sz300394,149.53,155.0,149.0,150.75,22548197,3399140697.75,天孚通信
2025-10-17,sz300394,151.37,151.7,146.2,146.59,16290662,2388048142.58,天孚通信
2025-10-20,sz300394,153.92,166.56,153.9,157.97,44669183,7056390838.51,天孚通信
2025-10-21,sz300394,158.72,170.66,156.0,166.75,46362498,7730946541.5,天孚通信
2025-10-22,sz300394,163.58,182.97,163.58,178.55,52904463,9446091868.650002,天孚通信
2025-10-23,sz300394,173.78,173.78,163.7,167.2,39220369,6557645696.799999,天孚通信
2025-10-24,sz300394,169.62,180.0,163.4,178.0,47343060,8427064680.0,天孚通信
2025-10-27,sz300394,185.0,192.08,181.0,190.06,48101374,9142147142.44,天孚通信
2025-10-28,sz300394,185.57,197.9,184.0,189.11,38642515,7307686011.650001,天孚通信
2025-10-29,sz300394,195.15,197.1,182.75,194.5,40054929,7790683690.5,天孚通信
2025-10-30,sz300394,185.0,185.0,171.46,172.02,58638272,10086955549.44,天孚通信
2025-10-31,sz300394,168.0,169.0,156.1,158.01,52083839,8229767400.389999,天孚通信
2025-11-03,sz300394,154.06,156.49,150.8,155.06,31502040,4884706322.4,天孚通信
2025-11-04,sz300394,156.5,158.8,152.45,153.94,26954661,4149400514.34,天孚通信
2025-11-05,sz300394,147.0,153.0,146.88,151.55,24047807,3644445150.8500004,天孚通信
2025-11-06,sz300394,151.66,156.68,151.23,155.32,32026484,4974353494.88,天孚通信
2025-11-07,sz300394,152.0,183.0,151.61,175.0,78944666,13815316550.0,天孚通信
2025-11-10,sz300394,177.01,180.96,169.01,180.0,57184879,10293278220.0,天孚通信
2025-11-11,sz300394,182.12,182.36,163.8,165.58,55560870,9199768854.6,天孚通信
2025-11-12,sz300394,163.8,165.9,157.28,164.0,36299369,5953096516.0,天孚通信
2025-11-13,sz300394,163.0,164.98,159.9,162.74,25276921,4113566123.5400004,天孚通信
2025-11-14,sz300394,158.8,160.98,154.2,155.47,23956464,3724511458.08,天孚通信
2025-11-17,sz300394,155.47,158.47,147.98,150.9,31065548,4687791193.2,天孚通信
2025-11-18,sz300394,148.15,156.87,148.15,152.6,26864480,4099519648.0,天孚通信
2025-11-19,sz300394,152.0,157.82,150.88,153.21,28325716,4339782948.360001,天孚通信
2025-11-20,sz300394,159.0,163.28,152.0,160.08,44677365,7151952589.200001,天孚通信
2025-11-21,sz300394,151.0,153.0,147.0,148.33,30748189,4560878874.370001,天孚通信
2025-11-24,sz300394,149.0,150.25,141.14,144.21,29259291,4219482355.11,天孚通信
2025-11-25,sz300394,146.66,153.96,146.35,147.73,32486621,4799248520.33,天孚通信
2025-11-26,sz300394,144.87,161.83,142.68,156.95,51891380,8144352090.999999,天孚通信
2025-11-27,sz300394,155.02,165.0,154.21,155.09,43145006,6691358980.54,天孚通信
2025-11-28,sz300394,159.2,162.88,155.26,158.0,36573546,5778620268.0,天孚通信
2025-12-01,sz300394,158.02,161.85,151.4,158.32,34961945,5535175132.4,天孚通信
2025-12-02,sz300394,158.5,166.78,158.5,161.98,37889830,6137394663.4,天孚通信
2025-12-03,sz300394,164.0,178.6,163.42,173.45,68618096,11901808751.199999,天孚通信
2025-12-04,sz300394,170.18,189.9,169.8,187.12,65031638,12168720102.56,天孚通信
2025-12-05,sz300394,192.99,205.0,188.88,198.75,64856858,12890300527.5,天孚通信
2025-12-08,sz300394,198.75,238.5,198.06,236.9,71244488,16877819207.2,天孚通信
2025-12-09,sz300394,236.0,242.0,231.11,240.15,57901761,13905107904.15,天孚通信
2025-12-10,sz300394,238.6,241.16,229.39,235.36,47328813,11139309427.68,天孚通信
2025-12-11,sz300394,231.0,233.8,218.86,219.68,55296758,12147591797.44,天孚通信
2025-12-12,sz300394,218.9,221.25,205.53,215.16,49350869,10618332974.039999,天孚通信
2025-12-15,sz300394,207.97,217.4,207.0,209.62,31401917,6582469841.54,天孚通信
2025-12-16,sz300394,206.02,209.49,197.5,199.3,28312172,5642615879.6,天孚通信
2025-12-17,sz300394,201.29,219.58,199.55,217.78,51481514,11211644118.92,天孚通信
2025-12-18,sz300394,215.23,224.05,213.22,218.81,44246053,9681478856.93,天孚通信
2025-12-19,sz300394,222.46,224.0,208.6,214.03,36710215,7857087316.45,天孚通信
2025-12-22,sz300394,218.0,226.88,213.63,223.0,57511146,12824985558.0,天孚通信
2025-12-23,sz300394,223.49,228.0,219.62,222.28,35195138,7823175274.64,天孚通信
2025-12-24,sz300394,221.23,225.6,214.88,223.07,41138680,9176805347.6,天孚通信
2025-12-25,sz300394,223.59,230.0,209.0,214.8,39136075,8406428910.0,天孚通信
2025-12-26,sz300394,213.87,217.61,210.57,213.31,22579993,4816538306.83,天孚通信
2025-12-29,sz300394,210.75,215.88,208.0,212.77,26202681,5575144436.37,天孚通信
2025-12-30,sz300394,209.9,217.4,208.18,212.47,29098714,6182603763.58,天孚通信
2025-12-31,sz300394,212.58,212.61,201.5,203.03,33354386,6771940989.58,天孚通信
2026-01-05,sz300394,206.98,207.5,200.0,203.6,29847029,6076855104.4,天孚通信
2026-01-06,sz300394,200.03,203.3,196.69,201.76,31135222,6281842390.719999,天孚通信
2026-01-07,sz300394,205.0,206.78,199.89,202.18,30167064,6099176999.52,天孚通信
2026-01-08,sz300394,199.99,200.98,195.01,195.25,28602252,5584589703.0,天孚通信
2026-01-09,sz300394,191.36,201.95,188.55,199.0,34506223,6866738377.0,天孚通信
2026-01-12,sz300394,196.1,204.87,191.63,202.41,39465259,7988163074.19,天孚通信
2026-01-13,sz300394,200.39,207.28,188.55,190.0,45276189,8602475910.0,天孚通信
2026-01-14,sz300394,192.27,195.0,188.88,191.5,33883468,6488684122.0,天孚通信
2026-01-15,sz300394,189.5,197.19,188.01,193.68,37546359,7271978811.12,天孚通信
2026-01-16,sz300394,196.3,204.6,193.0,198.0,46004185,9108828630.0,天孚通信
2026-01-19,sz300394,193.89,198.56,191.2,193.22,29702940,5739202066.8,天孚通信
2026-01-20,sz300394,191.51,193.24,182.37,184.6,29823934,5505498216.4,天孚通信
2026-01-21,sz300394,183.85,192.3,183.2,188.73,25042355,4726243659.15,天孚通信
2026-01-22,sz300394,188.7,200.66,186.0,199.98,50805385,10160060892.3,天孚通信
2026-01-23,sz300394,198.99,199.94,188.3,189.16,40520070,7664776441.2,天孚通信
2026-01-26,sz300394,188.6,198.49,186.63,195.95,40112446,7860033793.7,天孚通信
2026-01-27,sz300394,197.6,218.13,196.66,210.06,59312606,12459206016.36,天孚通信
2026-01-28,sz300394,216.0,222.0,205.06,219.57,58109319,12759063172.83,天孚通信
2026-01-29,sz300394,219.0,234.9,218.65,224.0,55546329,12442377696.0,天孚通信
2026-01-30,sz300394,220.89,261.9,220.23,248.43,72841977,18096132346.11,天孚通信
2026-02-02,sz300394,249.78,259.9,234.6,238.49,61276436,14613817221.640001,天孚通信
2026-02-03,sz300394,252.0,272.38,250.66,270.0,61994760,16738585200.0,天孚通信
2026-02-04,sz300394,272.01,277.0,252.0,266.66,44559033,11882111739.78,天孚通信
2026-02-05,sz300394,253.33,261.44,244.0,251.9,41934157,10563214148.300001,天孚通信
2026-02-06,sz300394,253.62,268.01,241.72,252.97,49230655,12453878795.35,天孚通信
2026-02-09,sz300394,277.0,303.56,266.11,297.9,57364184,17088790413.599998,天孚通信
2026-02-10,sz300394,291.45,301.28,283.02,287.87,33120344,9534353427.28,天孚通信
2026-02-11,sz300394,286.8,299.24,285.0,288.5,34636431,9992610343.5,天孚通信
2026-02-12,sz300394,300.0,333.79,295.3,330.0,48295688,15937577040.0,天孚通信
2026-02-13,sz300394,323.56,328.0,309.0,311.58,29947830,9331144871.4,天孚通信
2026-02-24,sz300394,328.0,358.93,328.0,351.01,36235869,12719152377.69,天孚通信
2026-02-25,sz300394,352.31,355.0,328.83,341.51,33260648,11358843898.48,天孚通信
2026-02-26,sz300394,344.0,377.31,344.0,362.02,43393452,15709297493.039999,天孚通信
2026-02-27,sz300394,341.02,376.1,340.26,368.7,40681186,14999153278.199999,天孚通信
2026-03-02,sz300394,366.86,388.94,346.61,350.0,54311441,19009004350.0,天孚通信
2026-03-03,sz300394,364.82,364.99,332.5,334.56,44529444,14897770784.64,天孚通信
2026-03-04,sz300394,328.3,343.08,324.0,335.56,28805559,9665993378.04,天孚通信
2026-03-05,sz300394,342.0,345.97,325.08,334.8,32785993,10976750456.4,天孚通信
2026-03-06,sz300394,334.57,336.3,318.0,322.88,33215376,10724580602.88,天孚通信
2026-03-09,sz300394,306.75,310.48,292.0,306.96,37896546,11632723760.16,天孚通信
2026-03-10,sz300394,329.0,341.88,325.01,340.48,38050810,12955539788.800001,天孚通信
2026-03-11,sz300394,342.69,344.44,329.3,331.0,26757383,8856693773.0,天孚通信
2026-03-12,sz300394,331.0,336.8,314.61,334.04,35686105,11920586514.2,天孚通信
2026-03-13,sz300394,323.18,333.33,322.12,325.0,22443274,7294064050.0,天孚通信
2026-03-16,sz300394,325.06,326.6,301.35,311.17,35200377,10953301311.09,天孚通信
2026-03-17,sz300394,288.0,289.35,277.17,280.0,53235521,14905945880.0,天孚通信
2026-03-18,sz300394,293.99,304.84,293.0,303.3,46077089,13975181093.7,天孚通信
2026-03-19,sz300394,305.57,316.6,301.0,307.99,32108894,9889218263.06,天孚通信
2026-03-20,sz300394,335.0,336.63,312.0,312.0,40079712,12504870144.0,天孚通信
2026-03-23,sz300394,300.06,309.0,295.62,298.49,27429509,8187434141.41,天孚通信
2026-03-24,sz300394,298.49,308.88,290.5,298.71,30854779,9216631035.09,天孚通信
2026-03-25,sz300394,313.0,331.5,312.18,318.1,38314905,12187971280.5,天孚通信
2026-03-26,sz300394,318.17,339.0,316.79,325.0,40107683,13034996975.0,天孚通信
2026-03-27,sz300394,311.0,325.85,302.25,317.6,28874283,9170472280.800001,天孚通信
2026-03-30,sz300394,314.16,322.0,308.0,316.81,23107891,7320810947.71,天孚通信
2026-03-31,sz300394,308.6,316.0,298.22,301.6,27057578,8160565524.8,天孚通信
2026-04-01,sz300394,316.67,334.88,312.89,333.33,42199906,14066494666.98,天孚通信
2026-04-02,sz300394,329.11,336.05,320.0,322.8,28192414,9100511239.2,天孚通信
2026-04-03,sz300394,337.68,344.4,333.6,333.86,31923815,10658084875.9,天孚通信
2026-04-07,sz300394,334.02,336.83,314.85,317.36,32900772,10441389001.92,天孚通信
2026-04-08,sz300394,330.0,339.33,320.0,337.0,46413227,15641257499.0,天孚通信
2026-04-09,sz300394,337.02,359.71,331.13,346.9,48490191,16821247257.9,天孚通信
2026-04-10,sz300394,346.9,365.05,341.4,358.9,48505297,17408551093.3,天孚通信
2026-04-13,sz300394,354.0,357.29,341.0,351.0,37461830,13149102330.0,天孚通信
2026-04-14,sz300394,352.3,363.0,343.8,345.84,44778674,15486256616.159998,天孚通信
2026-04-15,sz300394,345.84,347.99,327.5,330.66,41512375,13726481917.500002,天孚通信
2026-04-16,sz300394,328.0,359.77,325.65,355.57,48574093,17271490248.01,天孚通信
2026-04-17,sz300394,361.89,383.66,360.14,379.28,45606946,17297802478.879997,天孚通信
2026-04-20,sz300394,376.16,388.0,367.01,374.5,40453078,15149677711.0,天孚通信
2026-04-21,sz300394,345.03,370.89,345.0,353.0,55199596,19485457388.0,天孚通信
2026-04-22,sz300394,346.65,380.5,342.0,375.41,51932998,19496166779.18,天孚通信
2026-04-23,sz300394,375.6,378.0,343.5,350.09,55754951,19519250795.59,天孚通信
2026-04-24,sz300394,342.32,346.07,316.3,323.87,55141055,17858533482.85,天孚通信
2026-04-27,sz300394,325.0,332.99,317.9,322.25,35815190,11541444977.5,天孚通信
2026-04-28,sz300394,321.12,321.64,307.8,309.8,34565241,10708311661.800001,天孚通信
2026-04-29,sz300394,305.0,317.5,305.0,311.09,25408207,7904239115.629999,天孚通信
2026-04-30,sz300394,312.87,314.9,305.0,307.5,23598894,7256659905.0,天孚通信
2026-05-06,sz300394,312.85,336.58,311.0,316.16,54066798,17093758855.680002,天孚通信
2026-05-07,sz300394,322.0,331.0,305.0,328.14,58169647,19087787966.579998,天孚通信
2026-05-08,sz300394,321.14,335.13,320.0,326.3,35660918,11636157543.4,天孚通信
2026-05-11,sz300394,333.33,335.0,318.1,331.92,46423178,15408781241.76,天孚通信
2026-05-12,sz300394,340.0,349.3,336.31,342.45,50592092,17325261905.399998,天孚通信
2026-05-13,sz300394,342.45,383.79,342.3,378.19,72625202,27466125144.38,天孚通信
2026-05-14,sz300394,394.52,406.56,383.0,392.0,67986602,26650747984.0,天孚通信
2024-01-02,sh688041,70.77,73.39,70.13,72.36,18174808,1315129106.8799999,海光信息
2024-01-03,sh688041,73.5,74.17,71.77,72.67,16533816,1201512408.72,海光信息
2024-01-04,sh688041,71.75,75.15,69.3,74.9,20456381,1532182936.9,海光信息
2024-01-05,sh688041,74.11,74.97,70.58,71.73,16721788,1199453853.24,海光信息
2024-01-08,sh688041,70.99,71.54,68.39,68.41,15171222,1037863297.02,海光信息
2024-01-09,sh688041,69.5,70.8,68.3,69.17,12767303,883114348.51,海光信息
2024-01-10,sh688041,68.61,70.38,67.03,67.99,10789089,733550161.1099999,海光信息
2024-01-11,sh688041,67.13,69.77,67.06,68.8,13706253,942990206.4,海光信息
2024-01-12,sh688041,68.16,68.44,65.41,65.41,17356158,1135266294.78,海光信息
2024-01-15,sh688041,64.8,67.45,64.61,66.0,13587406,896768796.0,海光信息
2024-01-16,sh688041,65.36,66.43,64.43,66.22,12797230,847432570.6,海光信息
2024-01-17,sh688041,66.6,67.55,65.56,65.77,12230774,804418005.9799999,海光信息
2024-01-18,sh688041,65.0,69.96,64.86,69.89,24021961,1678894854.29,海光信息
2024-01-19,sh688041,69.86,70.2,67.98,69.83,15707483,1096853537.8899999,海光信息
2024-01-22,sh688041,70.53,71.69,68.28,70.39,20611013,1450809205.07,海光信息
2024-01-23,sh688041,69.51,73.51,67.5,73.1,22012220,1609093281.9999998,海光信息
2024-01-24,sh688041,72.11,73.59,69.88,72.9,18114819,1320570305.1000001,海光信息
2024-01-25,sh688041,72.9,74.01,70.9,73.2,18030614,1319840944.8,海光信息
2024-01-26,sh688041,72.51,73.16,70.36,70.63,14826765,1047214411.9499999,海光信息
2024-01-29,sh688041,72.15,74.67,69.83,70.0,20844795,1459135650.0,海光信息
2024-01-30,sh688041,68.66,68.93,65.0,65.35,19477153,1272831948.55,海光信息
2024-01-31,sh688041,64.7,68.2,64.59,66.27,18219527,1207408054.29,海光信息
2024-02-01,sh688041,65.5,71.13,65.0,68.9,19857914,1368210274.6000001,海光信息
2024-02-02,sh688041,68.9,69.43,65.29,68.32,18855360,1288198195.1999998,海光信息
2024-02-05,sh688041,68.52,71.03,65.61,69.7,22899831,1596118220.7,海光信息
2024-02-06,sh688041,69.54,76.37,68.08,76.3,26086448,1990395982.3999999,海光信息
2024-02-07,sh688041,76.6,77.06,74.7,75.75,21829986,1653621439.5,海光信息
2024-02-08,sh688041,77.0,79.56,75.19,76.72,21863527,1677369791.44,海光信息
2024-02-19,sh688041,80.6,88.32,79.02,86.0,35771166,3076320276.0,海光信息
2024-02-20,sh688041,84.21,84.9,81.44,82.39,24696197,2034719670.83,海光信息
2024-02-21,sh688041,80.22,81.76,78.42,79.76,24441360,1949442873.6000001,海光信息
2024-02-22,sh688041,82.5,86.27,81.77,82.83,28739610,2380501896.2999997,海光信息
2024-02-23,sh688041,86.24,86.95,80.7,81.4,26403504,2149245225.6000004,海光信息
2024-02-26,sh688041,80.18,84.61,79.78,82.15,25612476,2104064903.4,海光信息
2024-02-27,sh688041,81.3,88.62,80.73,88.0,37833674,3329363312.0,海光信息
2024-02-28,sh688041,87.1,89.32,83.28,83.28,34808926,2898887357.28,海光信息
2024-02-29,sh688041,82.5,86.98,82.5,85.12,33972253,2891718175.36,海光信息
2024-03-01,sh688041,86.33,88.33,85.08,87.49,31746787,2777526394.6299996,海光信息
2024-03-04,sh688041,89.1,89.76,83.85,86.28,33029482,2849783706.96,海光信息
2024-03-05,sh688041,84.82,90.26,84.13,86.3,39605783,3417979072.9,海光信息
2024-03-06,sh688041,85.0,85.81,82.98,84.42,27199788,2296206102.96,海光信息
2024-03-07,sh688041,84.6,85.27,80.75,80.9,29708196,2403393056.4,海光信息
2024-03-08,sh688041,81.41,82.59,79.77,82.3,28009751,2305202507.2999997,海光信息
2024-03-11,sh688041,82.2,84.8,81.11,83.81,27453312,2300862078.7200003,海光信息
2024-03-12,sh688041,83.0,83.5,79.57,80.0,29602349,2368187920.0,海光信息
2024-03-13,sh688041,81.38,82.55,79.66,79.7,23502709,1873165907.3,海光信息
2024-03-14,sh688041,78.7,81.3,78.4,80.75,21081183,1702305527.25,海光信息
2024-03-15,sh688041,80.06,80.7,78.5,80.7,21706181,1751688806.7,海光信息
2024-03-18,sh688041,80.68,84.29,80.37,83.19,32622592,2713873428.48,海光信息
2024-03-19,sh688041,82.5,82.5,80.5,80.65,21584127,1740759842.5500002,海光信息
2024-03-20,sh688041,80.65,81.7,79.8,80.19,15436192,1237828236.48,海光信息
2024-03-21,sh688041,80.3,81.5,78.88,79.22,16673668,1320887978.96,海光信息
2024-03-22,sh688041,78.9,81.4,78.9,80.12,19784091,1585101370.92,海光信息
2024-03-25,sh688041,80.1,83.1,79.45,80.5,24861292,2001334006.0,海光信息
2024-03-26,sh688041,80.1,80.71,76.08,76.29,25850636,1972145020.44,海光信息
2024-03-27,sh688041,76.31,78.17,74.5,75.23,16717968,1257692732.64,海光信息
2024-03-28,sh688041,75.53,78.5,75.21,76.79,18042079,1385451246.41,海光信息
2024-03-29,sh688041,76.39,77.57,75.38,77.26,10726867,828757744.4200001,海光信息
2024-04-01,sh688041,78.39,79.82,77.6,78.48,13228836,1038199049.2800001,海光信息
2024-04-02,sh688041,78.0,79.12,76.5,77.26,12737542,984102494.9200001,海光信息
2024-04-03,sh688041,76.31,77.21,74.33,74.5,16956866,1263286517.0,海光信息
2024-04-08,sh688041,74.5,75.55,74.0,74.01,10590764,783822443.6400001,海光信息
2024-04-09,sh688041,74.26,75.86,72.71,75.79,12324240,934054149.6,海光信息
2024-04-10,sh688041,75.3,75.59,73.18,73.55,10646729,783066917.9499999,海光信息
2024-04-11,sh688041,73.55,74.9,72.55,74.01,13224618,978753978.1800001,海光信息
2024-04-12,sh688041,77.61,79.75,76.66,77.99,32158882,2508071207.18,海光信息
2024-04-15,sh688041,77.6,79.5,76.99,78.66,19678314,1547896179.24,海光信息
2024-04-16,sh688041,78.0,78.8,76.38,77.85,14568650,1134169402.5,海光信息
2024-04-17,sh688041,78.3,80.67,77.2,80.04,19643822,1572291512.88,海光信息
2024-04-18,sh688041,79.23,81.28,78.48,79.3,16855015,1336602689.5,海光信息
2024-04-19,sh688041,79.0,79.13,75.5,75.5,17337044,1308946822.0,海光信息
2024-04-22,sh688041,72.26,74.33,70.3,73.35,15814634,1160003403.8999999,海光信息
2024-04-23,sh688041,74.02,74.48,71.45,71.62,13059174,935298041.8800001,海光信息
2024-04-24,sh688041,72.6,75.63,72.47,75.29,18305769,1378241348.0100002,海光信息
2024-04-25,sh688041,74.58,75.48,74.18,74.7,8928177,666934821.9,海光信息
2024-04-26,sh688041,76.03,79.66,76.03,79.16,23570140,1865812282.3999999,海光信息
2024-04-29,sh688041,79.84,81.28,79.17,79.92,20363970,1627488482.4,海光信息
2024-04-30,sh688041,80.09,80.58,78.58,79.25,12080060,957344755.0,海光信息
2024-05-06,sh688041,80.5,80.96,78.8,79.24,11349144,899306170.56,海光信息
2024-05-07,sh688041,79.51,80.68,76.5,76.58,19486613,1492284823.54,海光信息
2024-05-08,sh688041,76.2,77.25,75.51,76.36,11460461,875120801.96,海光信息
2024-05-09,sh688041,76.01,77.08,75.5,76.56,16022291,1226666598.96,海光信息
2024-05-10,sh688041,76.01,76.11,72.7,72.9,19242956,1402811492.4,海光信息
2024-05-13,sh688041,71.5,73.27,71.38,72.02,15542738,1119387990.76,海光信息
2024-05-14,sh688041,72.42,72.99,71.0,71.7,13763393,986835278.1,海光信息
2024-05-15,sh688041,71.7,72.12,71.03,71.18,9741133,693373846.94,海光信息
2024-05-16,sh688041,71.98,73.73,71.1,72.54,19343300,1403162982.0000002,海光信息
2024-05-17,sh688041,72.19,74.37,71.44,73.87,17443318,1288537900.66,海光信息
2024-05-20,sh688041,73.43,75.27,72.61,73.87,13924855,1028629038.85,海光信息
2024-05-21,sh688041,74.1,74.79,71.88,72.02,12629922,909606982.4399999,海光信息
2024-05-22,sh688041,71.9,72.79,70.8,72.51,12516993,907607162.4300001,海光信息
2024-05-23,sh688041,72.74,72.88,71.05,71.32,10362383,739045155.56,海光信息
2024-05-24,sh688041,71.32,72.08,67.62,67.68,20013699,1354527148.3200002,海光信息
2024-05-27,sh688041,68.0,70.75,67.9,70.66,17973726,1270023479.1599998,海光信息
2024-05-28,sh688041,70.9,73.3,70.38,70.38,16641787,1171248969.06,海光信息
2024-05-29,sh688041,70.93,70.99,68.88,69.54,10786410,750086951.4000001,海光信息
2024-05-30,sh688041,69.21,70.58,68.63,69.51,10996217,764347043.6700001,海光信息
2024-05-31,sh688041,70.0,71.51,69.21,71.3,12347612,880384735.6,海光信息
2024-06-03,sh688041,70.51,71.48,69.85,71.11,12838509,912946374.99,海光信息
2024-06-04,sh688041,71.1,71.89,70.75,71.54,9734992,696441327.6800001,海光信息
2024-06-05,sh688041,71.54,72.79,70.87,70.87,9893132,701126264.84,海光信息
2024-06-06,sh688041,71.69,72.11,68.3,69.3,14641447,1014652277.0999999,海光信息
2024-06-07,sh688041,69.58,70.15,67.3,68.14,13938997,949803255.58,海光信息
2024-06-11,sh688041,68.04,71.47,67.5,71.42,17639227,1259793592.34,海光信息
2024-06-12,sh688041,71.01,71.96,70.5,70.94,11551789,819483911.66,海光信息
2024-06-13,sh688041,71.49,72.93,70.7,71.94,17796715,1280295677.1,海光信息
2024-06-14,sh688041,71.71,73.14,70.98,73.14,18800201,1375046701.14,海光信息
2024-06-17,sh688041,72.8,74.67,72.37,73.56,16703699,1228724098.44,海光信息
2024-06-18,sh688041,73.5,76.75,73.12,74.63,18290083,1364988894.29,海光信息
2024-06-19,sh688041,74.7,76.16,74.16,75.32,14197243,1069336342.7599999,海光信息
2024-06-20,sh688041,75.32,76.06,74.17,74.9,15401440,1153567856.0,海光信息
2024-06-21,sh688041,74.67,76.74,73.0,76.74,23782590,1825075956.6,海光信息
2024-06-24,sh688041,75.99,77.0,73.36,73.62,16983006,1250288901.72,海光信息
2024-06-25,sh688041,73.63,73.99,70.54,71.16,16782613,1194250741.08,海光信息
2024-06-26,sh688041,71.16,73.1,69.92,72.65,13949896,1013459944.4000001,海光信息
2024-06-27,sh688041,71.7,72.18,70.51,71.05,9962066,707804789.3,海光信息
2024-06-28,sh688041,70.52,71.9,70.23,70.32,9940513,699016874.16,海光信息
2024-07-01,sh688041,70.2,71.3,69.09,70.47,8796144,619864267.68,海光信息
2024-07-02,sh688041,70.1,71.25,69.52,71.04,8861227,629501566.08,海光信息
2024-07-03,sh688041,70.6,71.98,69.71,71.2,9246431,658345887.2,海光信息
2024-07-04,sh688041,71.58,71.7,68.91,68.92,10967222,755860940.24,海光信息
2024-07-05,sh688041,68.9,72.4,67.72,71.5,17418059,1245391218.5,海光信息
2024-07-08,sh688041,71.47,71.72,70.52,70.98,8796349,624364852.02,海光信息
2024-07-09,sh688041,70.6,73.67,70.05,73.11,15953052,1166327631.72,海光信息
2024-07-10,sh688041,72.96,73.29,72.28,72.82,9805553,714040369.4599999,海光信息
2024-07-11,sh688041,74.45,74.6,72.02,72.99,14592528,1065108618.7199999,海光信息
2024-07-12,sh688041,72.08,72.3,69.76,70.59,14373590,1014631718.1,海光信息
2024-07-15,sh688041,70.68,72.95,70.68,72.0,14428960,1038885120.0,海光信息
2024-07-16,sh688041,71.52,78.55,71.52,77.84,33755998,2627566884.32,海光信息
2024-07-17,sh688041,77.33,78.66,76.06,76.62,19811585,1517963642.7,海光信息
2024-07-18,sh688041,75.35,76.49,73.1,75.36,21191195,1596968455.2,海光信息
2024-07-19,sh688041,75.01,79.16,74.93,78.22,27954182,2186576116.04,海光信息
2024-07-22,sh688041,78.22,80.18,77.88,78.66,21027424,1654017171.84,海光信息
2024-07-23,sh688041,78.47,78.58,75.13,75.3,16672437,1255434506.1,海光信息
2024-07-24,sh688041,75.2,77.61,75.01,75.44,14734334,1111558156.96,海光信息
2024-07-25,sh688041,74.3,76.49,74.3,74.8,12521743,936626376.4,海光信息
2024-07-26,sh688041,75.12,75.89,73.73,74.31,10720159,796615015.2900001,海光信息
2024-07-29,sh688041,74.51,74.66,73.08,73.85,8220594,607090866.9,海光信息
2024-07-30,sh688041,73.73,75.06,72.49,75.0,10902538,817690350.0,海光信息
2024-07-31,sh688041,74.55,79.87,74.4,79.5,21418891,1702801834.5,海光信息
2024-08-01,sh688041,81.01,81.3,79.11,79.66,16835242,1341095377.72,海光信息
2024-08-02,sh688041,78.2,79.42,77.57,77.97,13109015,1022109899.55,海光信息
2024-08-05,sh688041,77.5,77.5,73.45,73.81,18351232,1354504433.92,海光信息
2024-08-06,sh688041,75.18,75.4,72.81,74.87,10873047,814065028.8900001,海光信息
2024-08-07,sh688041,74.87,74.88,71.18,71.64,12343576,884293784.64,海光信息
2024-08-08,sh688041,70.7,73.43,70.51,72.38,9305299,673517541.62,海光信息
2024-08-09,sh688041,73.4,73.77,72.01,72.01,7869845,566707538.45,海光信息
2024-08-12,sh688041,71.96,74.14,71.7,73.7,9528696,702264895.2,海光信息
2024-08-13,sh688041,73.79,74.98,72.9,73.51,7586031,557649138.8100001,海光信息
2024-08-14,sh688041,74.09,74.65,73.26,73.57,7466931,549342113.67,海光信息
2024-08-15,sh688041,73.48,78.0,73.05,76.6,19043305,1458717163.0,海光信息
2024-08-16,sh688041,76.59,77.66,76.37,76.84,9371878,720135105.52,海光信息
2024-08-19,sh688041,76.98,78.23,76.51,76.84,7937911,609949081.24,海光信息
2024-08-20,sh688041,77.3,77.38,75.3,75.65,7490602,566664041.3000001,海光信息
2024-08-21,sh688041,75.1,78.1,75.1,76.98,9396266,723324556.6800001,海光信息
2024-08-22,sh688041,76.8,78.2,76.55,77.3,10349274,799998880.1999999,海光信息
2024-08-23,sh688041,76.85,77.69,75.5,76.25,9613552,733033340.0,海光信息
2024-08-26,sh688041,76.25,77.0,74.66,74.88,7378577,552507845.76,海光信息
2024-08-27,sh688041,74.43,76.05,74.2,75.3,6222749,468572999.7,海光信息
2024-08-28,sh688041,75.59,75.89,74.47,74.71,5523133,412633266.42999995,海光信息
2024-08-29,sh688041,74.4,75.83,73.41,75.0,6863327,514749525.0,海光信息
2024-08-30,sh688041,75.19,80.0,74.8,79.39,21050996,1671238572.44,海光信息
2024-09-02,sh688041,78.91,80.33,77.78,77.87,11776652,917047891.24,海光信息
2024-09-03,sh688041,77.87,78.87,77.1,77.32,7477279,578143212.28,海光信息
2024-09-04,sh688041,76.33,77.28,76.1,76.47,5252524,401660510.28,海光信息
2024-09-05,sh688041,76.57,78.18,73.8,74.7,11312544,845047036.8000001,海光信息
2024-09-06,sh688041,75.2,78.27,74.0,76.18,11257818,857620575.2400001,海光信息
2024-09-09,sh688041,76.0,78.02,75.72,76.4,8020341,612754052.4000001,海光信息
2024-09-10,sh688041,76.4,79.88,76.03,78.9,12311393,971368907.7,海光信息
2024-09-11,sh688041,78.5,79.57,78.35,79.2,8120785,643166172.0,海光信息
2024-09-12,sh688041,79.6,80.09,76.02,76.1,10655235,810863383.4999999,海光信息
2024-09-13,sh688041,76.08,78.72,76.08,77.98,12386718,965916269.6400001,海光信息
2024-09-18,sh688041,77.1,77.36,74.28,74.73,10573757,790176860.61,海光信息
2024-09-19,sh688041,75.65,76.27,73.9,75.92,9365656,711040603.52,海光信息
2024-09-20,sh688041,76.0,76.19,74.4,75.92,8777017,666351130.64,海光信息
2024-09-23,sh688041,75.11,76.35,74.63,75.51,7143629,539415425.7900001,海光信息
2024-09-24,sh688041,76.67,79.05,75.61,78.12,16729206,1306885572.72,海光信息
2024-09-25,sh688041,79.43,80.0,78.5,78.75,15692898,1235815717.5,海光信息
2024-09-26,sh688041,78.8,81.18,77.75,80.99,17656470,1429997505.3,海光信息
2024-09-27,sh688041,82.0,86.79,81.2,86.09,12566667,1081864362.03,海光信息
2024-09-30,sh688041,90.09,103.28,90.08,103.28,44184421,4563367000.88,海光信息
2024-10-08,sh688041,123.94,123.94,118.0,123.94,47248899,5856028542.059999,海光信息
2024-10-09,sh688041,120.19,148.7,118.0,131.0,78096514,10230643334.0,海光信息
2024-10-10,sh688041,133.98,144.0,119.32,131.03,57916204,7588760210.12,海光信息
2024-10-11,sh688041,125.02,130.79,121.21,123.7,38857637,4806689696.900001,海光信息
2024-10-14,sh688041,124.99,125.5,116.45,124.2,42710957,5304700859.400001,海光信息
2024-10-15,sh688041,124.0,124.3,116.99,117.0,35780323,4186297791.0,海光信息
2024-10-16,sh688041,115.0,117.99,113.0,113.57,25167829,2858310339.5299997,海光信息
2024-10-17,sh688041,121.94,122.0,116.18,116.18,33150593,3851435894.7400002,海光信息
2024-10-18,sh688041,117.0,138.89,115.15,132.99,59997761,7979102235.39,海光信息
2024-10-21,sh688041,136.0,146.88,129.06,131.3,67436776,8854448688.800001,海光信息
2024-10-22,sh688041,128.0,132.0,125.0,128.11,37190535,4764479438.85,海光信息
2024-10-23,sh688041,127.0,129.5,124.66,125.02,30178249,3772884689.98,海光信息
2024-10-24,sh688041,122.52,126.35,122.01,123.8,21396357,2648868996.6,海光信息
2024-10-25,sh688041,125.88,125.96,120.65,122.0,24973741,3046796402.0,海光信息
2024-10-28,sh688041,121.0,124.21,120.48,122.57,19549656,2396201335.92,海光信息
2024-10-29,sh688041,123.33,132.17,121.6,126.53,38573519,4880707359.07,海光信息
2024-10-30,sh688041,124.8,128.56,124.01,125.19,26948598,3373694983.62,海光信息
2024-10-31,sh688041,125.65,129.78,124.38,128.42,34571786,4439708758.12,海光信息
2024-11-01,sh688041,127.0,129.7,123.81,123.88,26503845,3283296318.6,海光信息
2024-11-04,sh688041,121.99,124.84,121.5,124.45,20141749,2506640663.05,海光信息
2024-11-05,sh688041,124.0,131.5,123.35,129.28,33088970,4277742041.6,海光信息
2024-11-06,sh688041,131.24,136.95,127.4,133.19,35428268,4718691014.92,海光信息
2024-11-07,sh688041,132.0,143.99,131.0,141.75,38119247,5403403262.25,海光信息
2024-11-08,sh688041,145.88,149.8,135.69,136.99,49663550,6803409714.5,海光信息
2024-11-11,sh688041,133.5,142.97,131.1,139.05,57710412,8024632788.6,海光信息
2024-11-12,sh688041,136.0,137.39,129.32,129.41,44724908,5787850344.28,海光信息
2024-11-13,sh688041,127.44,132.9,127.1,131.51,28514184,3749900337.8399997,海光信息
2024-11-14,sh688041,129.8,132.9,126.38,126.7,29596901,3749927356.7000003,海光信息
2024-11-15,sh688041,126.21,128.61,121.9,121.9,23103805,2816353829.5,海光信息
2024-11-18,sh688041,122.9,126.79,121.35,123.11,25210401,3103652467.11,海光信息
2024-11-19,sh688041,123.22,127.78,122.37,127.2,21612836,2749152739.2000003,海光信息
2024-11-20,sh688041,127.21,129.75,125.1,126.54,19706599,2493673037.46,海光信息
2024-11-21,sh688041,125.6,131.44,125.51,128.5,26084975,3351919287.5,海光信息
2024-11-22,sh688041,128.7,132.22,123.17,123.9,25715458,3186145246.2000003,海光信息
2024-11-25,sh688041,124.05,125.2,116.17,118.26,28093648,3322354812.48,海光信息
2024-11-26,sh688041,117.97,119.45,117.11,118.1,12471761,1472914974.1,海光信息
2024-11-27,sh688041,116.9,123.8,116.3,123.2,20835993,2566994337.6,海光信息
2024-11-28,sh688041,123.95,128.8,122.44,126.0,21344884,2689455384.0,海光信息
2024-11-29,sh688041,125.61,129.0,123.1,125.81,21307453,2680690661.93,海光信息
2024-12-02,sh688041,126.45,130.33,126.04,126.89,18385640,2332953859.6,海光信息
2024-12-03,sh688041,127.65,127.87,123.79,125.37,15904401,1993934753.3700001,海光信息
2024-12-04,sh688041,128.51,133.7,127.0,128.89,30252123,3899196133.47,海光信息
2024-12-05,sh688041,127.6,129.8,126.76,128.02,15278465,1955949089.3000002,海光信息
2024-12-06,sh688041,128.6,132.4,126.3,129.81,18389273,2387111528.13,海光信息
2024-12-09,sh688041,129.99,130.76,127.27,128.99,14026247,1809245600.5300002,海光信息
2024-12-10,sh688041,137.0,137.88,130.01,130.3,24668777,3214341643.1000004,海光信息
2024-12-11,sh688041,129.39,130.42,123.88,124.38,25269114,3142972399.3199997,海光信息
2024-12-12,sh688041,123.88,127.68,123.8,126.8,15825641,2006691278.8,海光信息
2024-12-13,sh688041,125.29,127.86,123.4,123.81,20089117,2487233575.77,海光信息
2024-12-16,sh688041,122.01,124.9,119.5,123.42,16153504,1993665463.68,海光信息
2024-12-17,sh688041,123.5,123.89,121.42,121.81,11427136,1391939436.16,海光信息
2024-12-18,sh688041,121.5,122.86,120.71,121.2,14308466,1734186079.2,海光信息
2024-12-19,sh688041,120.55,130.89,119.52,128.78,33519717,4316669155.26,海光信息
2024-12-20,sh688041,128.0,133.28,127.78,131.06,33184363,4349142614.78,海光信息
2024-12-23,sh688041,132.09,141.5,131.06,136.7,49768040,6803291067.999999,海光信息
2024-12-24,sh688041,138.49,141.21,134.5,140.75,32539814,4579978820.5,海光信息
2024-12-25,sh688041,147.5,161.22,147.5,156.6,48673433,7622259607.8,海光信息
2024-12-26,sh688041,155.0,160.6,154.5,159.18,36154165,5755019984.7,海光信息
2024-12-27,sh688041,159.18,160.67,154.79,155.05,31031859,4811489737.950001,海光信息
2024-12-30,sh688041,155.0,159.18,151.33,154.0,27532213,4239960802.0,海光信息
2024-12-31,sh688041,153.48,154.87,149.58,149.79,22446078,3362198023.62,海光信息
2025-01-02,sh688041,148.3,149.47,137.41,139.08,38644594,5374690133.52,海光信息
2025-01-03,sh688041,139.39,139.8,135.58,135.61,19919539,2701288683.7900004,海光信息
2025-01-06,sh688041,137.74,141.8,133.33,134.57,19911463,2679485575.91,海光信息
2025-01-07,sh688041,135.57,148.62,134.03,147.6,35828473,5288282614.8,海光信息
2025-01-08,sh688041,145.25,151.3,144.8,149.89,32891375,4930088198.75,海光信息
2025-01-09,sh688041,149.89,150.88,145.78,148.2,20943110,3103768902.0,海光信息
2025-01-10,sh688041,149.12,153.66,146.63,146.7,32695512,4796431610.4,海光信息
2025-01-13,sh688041,146.7,146.7,141.26,143.4,21789659,3124637100.6,海光信息
2025-01-14,sh688041,145.5,146.55,138.28,144.05,32829793,4729131681.650001,海光信息
2025-01-15,sh688041,144.01,151.27,140.87,147.2,32141098,4731169625.599999,海光信息
2025-01-16,sh688041,147.19,147.99,132.79,132.81,51585061,6851011951.41,海光信息
2025-01-17,sh688041,130.0,134.82,129.13,131.78,29516716,3889712834.48,海光信息
2025-01-20,sh688041,133.0,136.16,131.4,133.9,22901899,3066564276.1,海光信息
2025-01-21,sh688041,134.6,134.99,131.42,133.03,22317588,2968908731.64,海光信息
2025-01-22,sh688041,132.7,134.88,131.05,132.47,22348615,2960521029.05,海光信息
2025-01-23,sh688041,133.83,135.91,130.15,130.54,25493131,3327873320.74,海光信息
2025-01-24,sh688041,130.57,133.54,130.01,131.0,20550057,2692057467.0,海光信息
2025-01-27,sh688041,128.1,130.72,126.01,128.0,17585705,2250970240.0,海光信息
2025-02-05,sh688041,136.0,140.88,132.66,139.19,50016968,6961861775.92,海光信息
2025-02-06,sh688041,139.0,141.86,136.88,140.81,35885630,5053055560.3,海光信息
2025-02-07,sh688041,141.0,144.28,137.3,139.7,39442073,5510057598.099999,海光信息
2025-02-10,sh688041,140.79,143.7,140.0,142.3,31023235,4414606340.5,海光信息
2025-02-11,sh688041,142.48,143.67,137.53,140.0,26601503,3724210420.0,海光信息
2025-02-12,sh688041,143.0,146.55,139.78,141.08,28461623,4015365772.84,海光信息
2025-02-13,sh688041,140.5,140.5,135.0,135.05,28433220,3839906361.0000005,海光信息
2025-02-14,sh688041,135.05,137.4,134.21,135.89,19071311,2591600451.79,海光信息
2025-02-17,sh688041,137.3,144.51,137.3,141.61,37889071,5365471344.31,海光信息
2025-02-18,sh688041,141.0,141.9,136.38,137.47,20451747,2811501660.09,海光信息
2025-02-19,sh688041,137.5,139.44,136.05,137.37,25133034,3452524880.58,海光信息
2025-02-20,sh688041,138.17,140.52,135.31,136.15,21313758,2901868151.7000003,海光信息
2025-02-21,sh688041,139.07,160.01,139.07,156.96,78244142,12281200528.32,海光信息
2025-02-24,sh688041,155.87,157.42,151.52,154.06,37496451,5776703241.06,海光信息
2025-02-25,sh688041,151.0,161.29,149.21,155.9,39484960,6155705264.0,海光信息
2025-02-26,sh688041,158.29,168.5,152.78,165.0,51813707,8549261655.0,海光信息
2025-02-27,sh688041,165.05,171.9,162.6,169.99,49023076,8333432689.240001,海光信息
2025-02-28,sh688041,169.5,169.5,157.83,160.0,42343127,6774900320.0,海光信息
2025-03-03,sh688041,160.05,162.09,149.51,150.93,39622103,5980164005.79,海光信息
2025-03-04,sh688041,147.5,156.0,147.0,151.5,30038785,4550875927.5,海光信息
2025-03-05,sh688041,150.96,154.79,150.13,153.95,23075773,3552515253.35,海光信息
2025-03-06,sh688041,159.0,166.66,155.71,163.03,39824198,6492538999.94,海光信息
2025-03-07,sh688041,161.5,164.24,158.7,159.8,21462920,3429774616.0000005,海光信息
2025-03-10,sh688041,159.79,164.82,158.0,163.0,22279780,3631604140.0,海光信息
2025-03-11,sh688041,158.9,160.6,155.0,158.01,24857197,3927685697.97,海光信息
2025-03-12,sh688041,162.88,169.28,160.5,162.42,36404461,5912812555.62,海光信息
2025-03-13,sh688041,164.73,164.73,154.17,155.49,24918589,3874591403.61,海光信息
2025-03-14,sh688041,155.99,159.3,154.3,156.88,25552591,4008690476.08,海光信息
2025-03-17,sh688041,158.66,158.8,154.28,154.79,16664155,2579444552.45,海光信息
2025-03-18,sh688041,155.08,157.22,153.03,153.4,15152308,2324364047.2000003,海光信息
2025-03-19,sh688041,152.8,154.54,151.8,152.84,12026350,1838107334.0,海光信息
2025-03-20,sh688041,151.01,153.69,149.02,151.66,13659444,2071591277.04,海光信息
2025-03-21,sh688041,151.5,152.63,144.0,145.8,21389642,3118609803.6000004,海光信息
2025-03-24,sh688041,145.8,149.34,144.5,149.0,16019181,2386857969.0,海光信息
2025-03-25,sh688041,148.9,150.28,141.0,142.02,20801565,2954238261.3,海光信息
2025-03-26,sh688041,142.3,143.41,140.8,141.05,12282265,1732413478.2500002,海光信息
2025-03-27,sh688041,141.79,144.88,141.4,142.16,15199574,2160771439.84,海光信息
2025-03-28,sh688041,141.72,142.8,140.01,140.99,10550895,1487570686.0500002,海光信息
2025-03-31,sh688041,139.82,142.32,138.99,141.3,11682710,1650766923.0000002,海光信息
2025-04-01,sh688041,142.39,144.11,141.69,141.91,14002343,1987072495.1299999,海光信息
2025-04-02,sh688041,141.2,142.62,140.68,141.83,7610829,1079443877.0700002,海光信息
2025-04-03,sh688041,140.01,145.38,140.01,142.02,14092663,2001439999.2600002,海光信息
2025-04-07,sh688041,135.55,140.22,128.07,136.46,37756549,5152258676.54,海光信息
2025-04-08,sh688041,138.0,138.96,130.55,134.23,28559669,3833564369.87,海光信息
2025-04-09,sh688041,132.0,142.74,131.66,141.48,33654470,4761434415.599999,海光信息
2025-04-10,sh688041,143.77,144.5,140.12,141.27,21648120,3058229912.4,海光信息
2025-04-11,sh688041,142.5,152.88,141.02,146.92,31677305,4654029650.599999,海光信息
2025-04-14,sh688041,148.0,151.26,145.2,150.15,21568350,3238487752.5,海光信息
2025-04-15,sh688041,149.68,151.43,147.48,150.4,13290169,1998841417.6000001,海光信息
2025-04-16,sh688041,155.0,155.7,149.02,154.5,22077419,3410961235.5,海光信息
2025-04-17,sh688041,152.49,157.77,152.0,154.0,16359547,2519370238.0,海光信息
2025-04-18,sh688041,152.75,152.8,147.8,149.64,12958745,1939146601.7999997,海光信息
2025-04-21,sh688041,150.68,154.87,149.79,153.72,13158995,2022800711.4,海光信息
2025-04-22,sh688041,154.68,157.27,152.08,152.1,17660103,2686101666.2999997,海光信息
2025-04-23,sh688041,152.1,153.53,148.45,149.0,14664934,2185075166.0,海光信息
2025-04-24,sh688041,149.0,151.35,148.06,148.3,8782467,1302439856.1000001,海光信息
2025-04-25,sh688041,149.07,149.68,146.66,147.21,9015608,1327187653.68,海光信息
2025-04-28,sh688041,147.97,149.75,147.15,148.6,8606360,1278905096.0,海光信息
2025-04-29,sh688041,148.06,150.72,145.66,150.1,9126561,1369896806.1,海光信息
2025-04-30,sh688041,149.5,152.28,148.4,148.6,11490290,1707457094.0,海光信息
2025-05-06,sh688041,151.1,151.1,147.55,150.01,12535282,1880417652.82,海光信息
2025-05-07,sh688041,153.41,153.41,149.4,150.8,12674245,1911276146.0000002,海光信息
2025-05-08,sh688041,149.5,149.98,145.91,146.0,16494739,2408231894.0,海光信息
2025-05-09,sh688041,145.61,146.27,143.88,143.88,9502054,1367155529.52,海光信息
2025-05-12,sh688041,143.6,145.68,142.8,143.7,11402035,1638472429.4999998,海光信息
2025-05-13,sh688041,144.54,144.7,142.0,142.17,10043497,1427883968.4899998,海光信息
2025-05-14,sh688041,143.4,145.5,142.7,144.22,11853435,1709502395.7,海光信息
2025-05-15,sh688041,144.21,144.98,141.7,142.11,8599990,1222144578.9,海光信息
2025-05-16,sh688041,142.01,142.67,137.06,138.49,13572217,1879616332.3300002,海光信息
2025-05-19,sh688041,138.8,140.66,138.08,139.9,7996708,1118739449.2,海光信息
2025-05-20,sh688041,139.84,140.75,138.8,138.96,7864040,1092786998.4,海光信息
2025-05-21,sh688041,138.5,139.81,138.02,138.85,6152054,854212697.9,海光信息
2025-05-22,sh688041,138.51,139.56,136.0,136.66,8607536,1176305869.76,海光信息
2025-05-23,sh688041,136.67,139.78,135.38,136.13,9965739,1356636050.07,海光信息
2025-06-10,sh688041,148.0,148.0,140.0,141.98,60907734,8647680073.32,海光信息
2025-06-11,sh688041,140.1,141.0,135.41,135.5,31970969,4332066299.5,海光信息
2025-06-12,sh688041,135.5,136.56,132.01,136.09,18755783,2552474508.4700003,海光信息
2025-06-13,sh688041,135.01,137.96,134.43,137.06,19493023,2671713732.38,海光信息
2025-06-16,sh688041,136.69,138.98,135.74,138.35,14870806,2057376010.1,海光信息
2025-06-17,sh688041,138.2,138.2,135.38,135.7,13154446,1785058322.1999998,海光信息
2025-06-18,sh688041,136.13,136.4,134.21,134.68,11917781,1605086745.0800002,海光信息
2025-06-19,sh688041,134.24,136.36,133.58,134.15,10646916,1428283781.4,海光信息
2025-06-20,sh688041,134.5,135.48,133.5,133.5,9018692,1203995382.0,海光信息
2025-06-23,sh688041,133.01,134.36,132.9,133.58,9057194,1209859974.5200002,海光信息
2025-06-24,sh688041,134.0,138.12,133.6,137.14,19608053,2689048388.4199996,海光信息
2025-06-25,sh688041,136.54,138.25,135.74,137.99,16995590,2345221464.1000004,海光信息
2025-06-26,sh688041,138.8,146.68,138.11,141.75,29916733,4240696902.75,海光信息
2025-06-27,sh688041,142.85,143.29,138.88,139.0,17061097,2371492483.0,海光信息
2025-06-30,sh688041,139.16,142.77,138.69,141.29,15404465,2176496859.85,海光信息
2025-07-01,sh688041,141.07,141.09,136.21,136.5,19541139,2667365473.5,海光信息
2025-07-02,sh688041,136.31,136.78,135.5,135.56,10266933,1391785437.48,海光信息
2025-07-03,sh688041,135.8,136.43,135.1,135.36,9140742,1237290837.1200001,海光信息
2025-07-04,sh688041,135.36,137.3,134.9,135.56,11151327,1511673888.1200001,海光信息
2025-07-07,sh688041,135.56,136.32,134.83,136.03,7232237,983801199.11,海光信息
2025-07-08,sh688041,136.16,137.2,135.39,136.9,10073586,1379073923.4,海光信息
2025-07-09,sh688041,137.19,137.38,135.38,135.39,9061980,1226901472.1999998,海光信息
2025-07-10,sh688041,135.51,136.1,135.01,135.11,10940466,1478166361.2600002,海光信息
2025-07-11,sh688041,135.46,138.95,135.01,137.43,20963941,2881074411.63,海光信息
2025-07-14,sh688041,137.0,137.68,136.0,136.1,9621070,1309427627.0,海光信息
2025-07-15,sh688041,136.1,137.64,135.86,136.7,13308344,1819250624.8,海光信息
2025-07-16,sh688041,136.7,139.15,136.5,137.56,15745373,2165933509.88,海光信息
2025-07-17,sh688041,137.56,138.0,135.82,138.0,17159059,2367950142.0,海光信息
2025-07-18,sh688041,137.5,138.16,136.31,136.97,12068745,1653056002.65,海光信息
2025-07-21,sh688041,137.22,138.34,136.18,136.67,13169501,1799875701.6699998,海光信息
2025-07-22,sh688041,136.5,137.64,135.2,135.34,22006605,2978373920.7000003,海光信息
2025-07-23,sh688041,135.4,136.27,134.85,135.17,20382472,2755098740.24,海光信息
2025-07-24,sh688041,135.45,137.78,135.44,136.7,19830632,2710847394.3999996,海光信息
2025-07-25,sh688041,136.86,142.99,136.12,141.49,35889525,5078008892.25,海光信息
2025-07-28,sh688041,141.01,141.3,138.7,139.93,18647934,2609405404.6200004,海光信息
2025-07-29,sh688041,139.1,145.0,138.51,143.0,28162518,4027240074.0,海光信息
2025-07-30,sh688041,142.1,143.19,139.61,140.45,16945833,2380042244.85,海光信息
2025-07-31,sh688041,140.3,144.96,138.8,139.2,31067382,4324579574.4,海光信息
2025-08-01,sh688041,139.7,143.67,137.02,137.75,22549053,3106132050.75,海光信息
2025-08-04,sh688041,137.0,145.03,137.0,142.58,31919602,4551096853.160001,海光信息
2025-08-05,sh688041,141.5,142.8,139.35,142.46,17612763,2509114216.98,海光信息
2025-08-06,sh688041,139.35,139.62,136.38,137.34,40868260,5612846828.400001,海光信息
2025-08-07,sh688041,137.89,138.85,136.41,136.61,24239698,3311385143.78,海光信息
2025-08-08,sh688041,136.6,137.17,135.7,136.12,16515727,2248120759.2400002,海光信息
2025-08-11,sh688041,136.15,136.89,135.7,135.91,16045534,2180748525.94,海光信息
2025-08-12,sh688041,136.0,143.68,135.05,138.8,49599929,6884470145.200001,海光信息
2025-08-13,sh688041,140.0,142.33,138.58,140.12,36888371,5168798544.52,海光信息
2025-08-14,sh688041,140.9,159.99,140.56,152.49,78901478,12031686380.220001,海光信息
2025-08-15,sh688041,150.03,155.0,150.0,153.86,44245540,6807618784.400001,海光信息
2025-08-18,sh688041,155.0,155.58,151.4,152.61,43059835,6571361419.35,海光信息
2025-08-19,sh688041,152.1,153.66,148.7,148.73,36311641,5400630365.929999,海光信息
2025-08-20,sh688041,148.88,155.96,146.77,155.79,48236173,7514713391.67,海光信息
2025-08-21,sh688041,156.91,160.3,154.14,155.05,41757541,6474506732.05,海光信息
2025-08-22,sh688041,159.18,186.06,159.18,186.06,75154632,13983270829.92,海光信息
2025-08-25,sh688041,196.0,217.66,195.36,210.1,102204424,21473149482.399998,海光信息
2025-08-26,sh688041,203.18,203.9,196.8,197.23,57920179,11423596904.17,海光信息
2025-08-27,sh688041,200.17,202.61,191.37,191.95,64584689,12397031053.55,海光信息
2025-08-28,sh688041,191.0,205.69,190.88,205.0,69739515,14296600575.0,海光信息
2025-08-29,sh688041,199.71,199.82,192.6,194.52,49882764,9703195253.28,海光信息
2025-09-01,sh688041,199.0,217.33,194.9,208.96,65733413,13735653980.480001,海光信息
2025-09-02,sh688041,206.0,211.79,196.8,201.89,55062623,11116592957.47,海光信息
2025-09-03,sh688041,198.0,199.39,192.0,194.98,39003401,7604883126.98,海光信息
2025-09-04,sh688041,195.5,195.6,170.41,173.28,67091705,11625650642.4,海光信息
2025-09-05,sh688041,173.88,181.24,169.33,179.4,46046555,8260751967.0,海光信息
2025-09-08,sh688041,179.99,182.5,175.12,179.35,32391946,5809495515.099999,海光信息
2025-09-09,sh688041,177.43,179.3,173.5,174.51,24336912,4247034513.12,海光信息
2025-09-10,sh688041,178.27,189.41,178.27,184.03,46981365,8645980600.95,海光信息
2025-09-11,sh688041,185.14,220.84,184.8,220.84,77578736,17132488058.24,海光信息
2025-09-12,sh688041,216.0,233.33,215.68,220.02,81504861,17932699517.22,海光信息
2025-09-15,sh688041,232.24,241.88,225.01,231.5,66250859,15337073858.5,海光信息
2025-09-16,sh688041,234.07,255.96,234.0,246.0,64081001,15763926246.0,海光信息
2025-09-17,sh688041,241.57,244.97,234.55,242.69,49119380,11920782332.2,海光信息
2025-09-18,sh688041,250.06,265.0,237.01,243.81,76028572,18536526139.32,海光信息
2025-09-19,sh688041,247.99,249.99,235.2,235.96,49765418,11742648031.28,海光信息
2025-09-22,sh688041,232.0,274.78,230.0,261.21,71882818,18776510889.78,海光信息
2025-09-23,sh688041,258.88,264.88,249.53,254.66,53757305,13689835291.3,海光信息
2025-09-24,sh688041,255.99,267.0,252.16,259.89,54606168,14191597001.519999,海光信息
2025-09-25,sh688041,259.88,277.98,258.05,267.92,48105178,12888339289.76,海光信息
2025-09-26,sh688041,263.03,268.68,259.0,259.1,34330791,8895107948.1,海光信息
2025-09-29,sh688041,259.0,259.88,246.0,255.84,46371883,11863782546.72,海光信息
2025-09-30,sh688041,260.5,262.5,251.5,252.6,38990798,9849075574.8,海光信息
2025-10-09,sh688041,262.0,273.33,261.39,263.05,46320724,12184666448.2,海光信息
2025-10-10,sh688041,257.0,257.0,238.58,241.49,47982149,11587209162.01,海光信息
2025-10-13,sh688041,241.0,249.88,237.01,244.0,38308671,9347315724.0,海光信息
2025-10-14,sh688041,248.8,248.98,224.38,227.6,46191968,10513291916.8,海光信息
2025-10-15,sh688041,228.18,243.21,228.06,241.05,35901105,8653961360.25,海光信息
2025-10-16,sh688041,230.0,238.58,227.84,233.01,29767646,6936159194.46,海光信息
2025-10-17,sh688041,233.29,234.89,223.0,228.25,29385359,6707208191.75,海光信息
2025-10-20,sh688041,235.0,236.7,227.2,228.74,28194944,6449311490.56,海光信息
2025-10-21,sh688041,229.2,240.39,225.6,236.9,33830368,8014414179.2,海光信息
2025-10-22,sh688041,233.76,247.2,232.88,241.79,35916285,8684198550.15,海光信息
2025-10-23,sh688041,238.12,239.0,231.64,236.15,22349111,5277742562.650001,海光信息
2025-10-24,sh688041,240.01,251.81,237.31,249.01,40447010,10071709960.1,海光信息
2025-10-27,sh688041,253.0,254.84,245.55,251.03,34773215,8729120161.45,海光信息
2025-10-28,sh688041,248.0,252.58,245.08,245.74,24542669,6031115480.06,海光信息
2025-10-29,sh688041,245.07,252.76,242.24,246.84,25978803,6412607732.52,海光信息
2025-10-30,sh688041,245.0,248.88,236.38,238.2,32111392,7648933574.4,海光信息
2025-10-31,sh688041,238.0,239.8,229.06,229.33,26190056,6006165542.4800005,海光信息
2025-11-03,sh688041,225.99,227.13,220.86,226.17,22377081,5061024409.7699995,海光信息
2025-11-04,sh688041,226.13,230.65,221.86,223.7,17825814,3987634591.7999997,海光信息
2025-11-05,sh688041,218.01,224.41,217.5,222.0,18213333,4043359926.0,海光信息
2025-11-06,sh688041,227.0,246.38,226.01,239.68,41999265,10066383835.2,海光信息
2025-11-07,sh688041,233.97,237.25,230.71,232.67,21415506,4982745781.0199995,海光信息
2025-11-10,sh688041,232.0,233.21,220.68,224.87,24090569,5417246251.03,海光信息
2025-11-11,sh688041,226.0,230.9,220.5,221.4,18570142,4111429438.8,海光信息
2025-11-12,sh688041,221.0,221.95,216.0,219.98,17237803,3791971903.94,海光信息
2025-11-13,sh688041,219.9,224.34,216.2,222.75,19094611,4253324600.25,海光信息
2025-11-14,sh688041,218.0,218.0,212.21,212.21,19864159,4215373181.3900003,海光信息
2025-11-17,sh688041,213.8,217.88,211.18,213.53,15265307,3259601003.71,海光信息
2025-11-18,sh688041,212.78,218.2,212.01,215.0,15560599,3345528785.0,海光信息
2025-11-19,sh688041,215.0,218.9,212.84,213.03,11876154,2529977086.62,海光信息
2025-11-20,sh688041,218.29,219.79,213.51,214.83,13272312,2851290786.96,海光信息
2025-11-21,sh688041,210.0,211.88,205.36,206.3,17564598,3623576567.4,海光信息
2025-11-24,sh688041,208.97,210.82,203.27,208.26,17832895,3713878712.7,海光信息
2025-11-25,sh688041,210.0,211.78,204.36,206.7,21285608,4399735173.599999,海光信息
2025-11-26,sh688041,206.0,217.62,204.0,213.65,29822061,6371483332.650001,海光信息
2025-11-27,sh688041,217.0,232.89,215.66,215.95,38381092,8288396817.4,海光信息
2025-11-28,sh688041,214.0,219.58,210.68,217.3,20389485,4430635090.5,海光信息
2025-12-01,sh688041,219.9,219.9,211.5,216.03,25556135,5520891844.05,海光信息
2025-12-02,sh688041,215.0,215.76,211.6,212.58,12135227,2579706555.6600003,海光信息
2025-12-03,sh688041,211.43,215.0,209.1,210.14,13403465,2816604135.1,海光信息
2025-12-04,sh688041,209.01,216.28,208.38,216.0,17686414,3820265424.0,海光信息
2025-12-05,sh688041,213.0,215.68,208.33,214.26,20001440,4285508534.3999996,海光信息
2025-12-08,sh688041,214.0,224.66,213.51,220.88,24229891,5351898324.08,海光信息
2025-12-09,sh688041,217.94,223.73,215.99,219.3,21965720,4817082396.0,海光信息
2025-12-10,sh688041,212.01,221.0,207.18,218.5,45135207,9862042729.5,海光信息
2025-12-11,sh688041,218.52,218.98,210.7,212.6,25636099,5450234647.4,海光信息
2025-12-12,sh688041,212.0,212.0,205.0,210.0,32185679,6758992590.0,海光信息
2025-12-15,sh688041,207.8,208.9,202.68,203.0,18585939,3772945617.0,海光信息
2025-12-16,sh688041,201.99,203.38,196.21,197.75,17187429,3398814084.75,海光信息
2025-12-17,sh688041,199.0,208.69,197.41,207.1,21042703,4357943791.3,海光信息
2025-12-18,sh688041,205.05,206.78,201.5,202.7,11934840,2419192068.0,海光信息
2025-12-19,sh688041,205.1,210.0,204.08,204.08,18321022,3738954169.76,海光信息
2025-12-22,sh688041,205.55,216.16,205.55,215.18,30868827,6642354193.860001,海光信息
2025-12-23,sh688041,213.99,222.37,213.99,219.52,23905343,5247700895.360001,海光信息
2025-12-24,sh688041,218.99,221.12,215.65,219.9,16725323,3677898527.7000003,海光信息
2025-12-25,sh688041,219.95,224.38,218.59,220.45,15701558,3461408461.1,海光信息
2025-12-26,sh688041,219.62,221.28,216.04,217.6,14391107,3131504883.2,海光信息
2025-12-29,sh688041,216.88,222.59,216.79,219.23,15958121,3498498866.83,海光信息
2025-12-30,sh688041,219.0,230.0,218.74,225.01,24883702,5599081787.0199995,海光信息
2025-12-31,sh688041,225.15,231.2,222.0,224.41,18837516,4227326965.56,海光信息
2026-01-05,sh688041,227.5,228.15,221.7,226.0,21115862,4772184812.0,海光信息
2026-01-06,sh688041,224.2,232.13,223.5,225.82,22419769,5062832235.58,海光信息
2026-01-07,sh688041,225.83,226.89,219.35,222.75,24150028,5379418737.0,海光信息
2026-01-08,sh688041,226.0,252.0,226.0,241.68,51906080,12544661414.4,海光信息
2026-01-09,sh688041,238.01,250.77,232.0,246.55,34652502,8543574368.1,海光信息
2026-01-12,sh688041,246.55,249.99,239.7,246.05,27002508,6643967093.400001,海光信息
2026-01-13,sh688041,246.04,246.89,233.33,235.57,25970517,6117874689.69,海光信息
2026-01-14,sh688041,239.81,255.97,239.8,251.5,45635381,11477298321.5,海光信息
2026-01-15,sh688041,254.0,258.0,245.46,250.0,26414634,6603658500.0,海光信息
2026-01-16,sh688041,252.7,256.6,242.0,244.33,30110571,7356915812.43,海光信息
2026-01-19,sh688041,246.0,262.09,245.24,255.95,40900545,10468494492.75,海光信息
2026-01-20,sh688041,261.0,273.8,253.5,254.21,37761387,9599322189.27,海光信息
2026-01-21,sh688041,263.49,298.0,263.49,288.11,62366570,17968432482.7,海光信息
2026-01-22,sh688041,302.0,308.56,285.0,288.5,51698450,14915002825.0,海光信息
2026-01-23,sh688041,276.0,284.95,270.2,276.0,41251221,11385336996.0,海光信息
2026-01-26,sh688041,275.49,285.0,269.96,273.0,31365719,8562841287.0,海光信息
2026-01-27,sh688041,274.37,279.22,268.01,270.75,28374826,7682484139.5,海光信息
2026-01-28,sh688041,276.31,278.0,260.5,268.31,34497023,9255896241.13,海光信息
2026-01-29,sh688041,268.3,272.8,260.51,261.29,22831104,5965539164.160001,海光信息
2026-01-30,sh688041,261.29,269.14,256.39,264.44,22626325,5983305383.0,海光信息
2026-02-02,sh688041,260.0,268.34,251.92,252.3,22579743,5696869158.900001,海光信息
2026-02-03,sh688041,257.2,258.0,243.98,251.5,26108936,6566397404.0,海光信息
2026-02-04,sh688041,248.24,248.7,240.52,244.0,16734575,4083236300.0,海光信息
2026-02-05,sh688041,238.84,242.81,236.82,238.17,15872981,3780467884.77,海光信息
2026-02-06,sh688041,235.8,247.54,232.58,242.68,20362793,4941642605.24,海光信息
2026-02-09,sh688041,251.0,253.33,244.51,250.11,19270827,4819826540.97,海光信息
2026-02-10,sh688041,254.87,269.5,254.0,259.0,28203449,7304693291.0,海光信息
2026-02-11,sh688041,255.0,258.33,251.37,255.0,13184335,3362005425.0,海光信息
2026-02-12,sh688041,260.0,264.99,257.01,262.34,18394769,4825683699.459999,海光信息
2026-02-13,sh688041,260.0,265.69,258.02,259.06,15320781,3969001525.86,海光信息
2026-02-24,sh688041,266.83,268.0,247.77,248.14,21386662,5306886308.679999,海光信息
2026-02-25,sh688041,250.0,252.33,245.18,246.48,15989549,3941104037.52,海光信息
2026-02-26,sh688041,251.41,257.98,244.47,252.7,27317852,6903221200.4,海光信息
2026-02-27,sh688041,247.0,269.88,242.63,261.1,39267723,10252802475.300001,海光信息
2026-03-02,sh688041,255.08,265.0,254.75,258.95,26884441,6961725996.95,海光信息
2026-03-03,sh688041,257.79,258.0,240.0,241.0,31967638,7704200758.0,海光信息
2026-03-04,sh688041,236.98,243.88,233.77,236.0,18468291,4358516676.0,海光信息
2026-03-05,sh688041,245.96,247.5,237.85,242.99,21406034,5201452201.66,海光信息
2026-03-06,sh688041,240.0,242.97,238.49,241.9,14518915,3512125538.5,海光信息
2026-03-09,sh688041,232.73,241.4,226.1,238.43,22785188,5432672374.84,海光信息
2026-03-10,sh688041,246.99,250.98,244.8,247.53,21685637,5367845726.61,海光信息
2026-03-11,sh688041,247.54,255.36,242.82,244.2,19250048,4700861721.599999,海光信息
2026-03-12,sh688041,241.7,251.68,240.5,242.0,17298802,4186310084.0,海光信息
2026-03-13,sh688041,239.0,240.8,235.05,235.74,13656840,3219463461.6,海光信息
2026-03-16,sh688041,235.18,236.88,224.99,233.85,22247394,5202553086.9,海光信息
2026-03-17,sh688041,235.98,236.1,227.09,227.09,13597204,3087789056.36,海光信息
2026-03-18,sh688041,228.45,232.5,224.1,231.4,14926349,3453957158.6,海光信息
2026-03-19,sh688041,227.0,227.8,221.0,222.63,17363854,3865714816.02,海光信息
2026-03-20,sh688041,224.5,225.5,216.0,216.42,20227563,4377649184.46,海光信息
2026-03-23,sh688041,212.99,214.98,206.08,207.04,21127500,4374237600.0,海光信息
2026-03-24,sh688041,210.69,213.98,202.98,213.27,22099083,4713071431.41,海光信息
2026-03-25,sh688041,214.45,221.53,212.55,217.4,21293732,4629257336.8,海光信息
2026-03-26,sh688041,223.33,228.0,218.0,218.7,22430034,4905448435.8,海光信息
2026-03-27,sh688041,214.6,223.89,210.3,220.95,18399333,4065332626.35,海光信息
2026-03-30,sh688041,218.6,218.88,213.07,215.73,14612425,3152338445.25,海光信息
2026-03-31,sh688041,214.56,218.04,210.01,210.26,14481294,3044836876.44,海光信息
2026-04-01,sh688041,217.1,221.8,215.0,220.31,19683734,4336523437.54,海光信息
2026-04-02,sh688041,219.0,219.24,211.3,213.0,13006228,2770326564.0,海光信息
2026-04-03,sh688041,214.07,218.17,213.22,213.77,11708899,2503011339.23,海光信息
2026-04-07,sh688041,214.0,223.85,211.0,217.54,19871109,4322761051.86,海光信息
2026-04-08,sh688041,226.1,231.9,223.05,228.5,30916479,7064415451.5,海光信息
2026-04-09,sh688041,225.0,230.36,223.66,227.0,19636122,4457399694.0,海光信息
2026-04-10,sh688041,230.49,238.51,230.49,231.82,29460696,6829578546.72,海光信息
2026-04-13,sh688041,240.0,256.72,240.0,245.25,42663907,10463323191.75,海光信息
2026-04-14,sh688041,251.01,252.86,245.03,248.78,27727605,6898073571.9,海光信息
2026-04-15,sh688041,251.89,261.3,248.19,252.0,36292309,9145661868.0,海光信息
2026-04-16,sh688041,252.5,255.0,248.0,253.0,23421844,5925726532.0,海光信息
2026-04-17,sh688041,258.0,268.5,257.1,260.0,32751487,8515386620.0,海光信息
2026-04-20,sh688041,262.0,271.55,260.59,261.78,27857371,7292502580.379999,海光信息
2026-04-21,sh688041,260.0,260.03,250.3,252.55,21387470,5401405548.5,海光信息
2026-04-22,sh688041,251.02,260.23,251.0,259.2,23976666,6214751827.2,海光信息
2026-04-23,sh688041,268.2,274.26,259.3,263.4,36103055,9509544687.0,海光信息
2026-04-24,sh688041,275.63,293.3,271.06,285.0,54125114,15425657490.0,海光信息
2026-04-27,sh688041,300.0,305.0,293.3,296.27,46342725,13729959135.75,海光信息
2026-04-28,sh688041,290.0,300.02,286.0,289.0,31800789,9190428021.0,海光信息
2026-04-29,sh688041,284.72,287.8,271.06,278.77,35613396,9927946402.92,海光信息
2026-04-30,sh688041,284.9,302.68,284.88,296.25,48909295,14489378643.75,海光信息
2026-05-06,sh688041,322.1,355.5,321.0,344.41,61609030,21218766022.300003,海光信息
2026-05-07,sh688041,342.69,343.17,333.88,341.6,48137203,16443668544.800001,海光信息
2026-05-08,sh688041,333.88,338.56,320.01,323.28,49970595,16154493951.599998,海光信息
2026-05-11,sh688041,340.5,350.0,332.97,349.18,54502392,19031145238.56,海光信息
2026-05-12,sh688041,343.0,358.8,338.45,349.19,43343665,15135174381.35,海光信息
2026-05-13,sh688041,335.0,350.33,328.28,348.19,41758375,14539848591.25,海光信息
2026-05-14,sh688041,348.38,353.68,325.0,325.2,42291562,13753215962.4,海光信息
2024-01-02,sh688256,136.0,138.5,130.5,134.9,6439820,868731718.0,寒武纪
2024-01-03,sh688256,134.0,134.6,126.92,127.96,8225167,1052492369.3199999,寒武纪
2024-01-04,sh688256,127.46,128.8,123.75,127.6,5712736,728945113.6,寒武纪
2024-01-05,sh688256,127.89,128.72,123.8,125.1,4413751,552160250.1,寒武纪
2024-01-08,sh688256,124.5,125.1,119.78,122.09,5719626,698309138.34,寒武纪
2024-01-09,sh688256,123.08,124.0,117.55,119.02,7394487,880091842.74,寒武纪
2024-01-10,sh688256,117.87,121.72,115.08,118.45,6311464,747592910.8000001,寒武纪
2024-01-11,sh688256,118.4,121.99,118.0,120.39,5450704,656210254.5600001,寒武纪
2024-01-12,sh688256,120.0,122.8,117.0,117.15,4992234,584840213.1,寒武纪
2024-01-15,sh688256,118.0,124.9,117.1,120.8,8606162,1039624369.6,寒武纪
2024-01-16,sh688256,119.5,124.59,119.5,122.76,8538525,1048189329.0,寒武纪
2024-01-17,sh688256,123.58,127.8,123.18,123.92,9815370,1216320650.4,寒武纪
2024-01-18,sh688256,121.0,131.5,118.51,131.5,10613713,1395703259.5,寒武纪
2024-01-19,sh688256,131.9,133.54,128.3,131.68,7743686,1019688572.48,寒武纪
2024-01-22,sh688256,135.63,136.29,126.57,129.0,9047274,1167098346.0,寒武纪
2024-01-23,sh688256,127.0,136.5,124.15,134.72,9327198,1256560114.56,寒武纪
2024-01-24,sh688256,133.3,134.67,126.33,131.6,8201738,1079348720.8,寒武纪
2024-01-25,sh688256,132.05,134.48,127.4,132.81,7234242,960779680.02,寒武纪
2024-01-26,sh688256,131.0,132.5,126.49,126.49,6257204,791473733.9599999,寒武纪
2024-01-29,sh688256,126.33,134.98,126.33,127.2,8742102,1111995374.4,寒武纪
2024-01-30,sh688256,125.0,125.0,116.51,116.9,7518972,878967826.8000001,寒武纪
2024-01-31,sh688256,116.0,117.5,109.88,110.0,7074836,778231960.0,寒武纪
2024-02-01,sh688256,109.99,122.18,108.85,116.49,9095006,1059477248.9399999,寒武纪
2024-02-02,sh688256,117.48,117.98,104.1,108.49,9113987,988776449.63,寒武纪
2024-02-05,sh688256,108.82,109.88,95.85,103.03,11085388,1142127525.64,寒武纪
2024-02-06,sh688256,103.09,111.48,101.0,111.2,10101882,1123329278.4,寒武纪
2024-02-07,sh688256,111.53,114.68,109.18,110.88,8100844,898221582.7199999,寒武纪
2024-02-08,sh688256,113.0,117.8,111.21,115.4,7776170,897370018.0,寒武纪
2024-02-19,sh688256,124.2,135.6,121.3,134.03,11617749,1557126898.47,寒武纪
2024-02-20,sh688256,130.98,132.4,126.66,129.3,9634512,1245742401.6000001,寒武纪
2024-02-21,sh688256,125.5,130.88,124.69,127.3,8212070,1045396511.0,寒武纪
2024-02-22,sh688256,133.9,147.88,133.85,139.88,12375291,1731055705.08,寒武纪
2024-02-23,sh688256,146.0,147.53,140.0,141.83,9100313,1290697392.7900002,寒武纪
2024-02-26,sh688256,139.4,153.66,138.97,151.26,10616825,1605900949.5,寒武纪
2024-02-27,sh688256,148.49,172.13,146.12,168.14,13192446,2218177870.44,寒武纪
2024-02-28,sh688256,166.1,181.88,157.0,158.1,14326376,2265000045.6,寒武纪
2024-02-29,sh688256,158.18,170.77,158.15,168.66,12347025,2082449236.5,寒武纪
2024-03-01,sh688256,168.93,172.95,165.0,170.0,10438756,1774588520.0,寒武纪
2024-03-04,sh688256,175.0,179.9,169.5,177.4,10643968,1888239923.2,寒武纪
2024-03-05,sh688256,174.0,189.5,171.21,175.0,14775412,2585697100.0,寒武纪
2024-03-06,sh688256,173.9,174.84,167.76,170.25,9903500,1686070875.0,寒武纪
2024-03-07,sh688256,173.04,175.28,163.5,164.76,10865666,1790227130.1599998,寒武纪
2024-03-08,sh688256,167.94,171.23,165.0,171.18,9746790,1668455512.2,寒武纪
2024-03-11,sh688256,170.32,182.0,169.0,179.71,12091000,2172873610.0,寒武纪
2024-03-12,sh688256,177.02,179.2,167.64,169.82,12276261,2084754643.02,寒武纪
2024-03-13,sh688256,175.0,178.6,171.0,171.5,10289198,1764597457.0,寒武纪
2024-03-14,sh688256,166.66,174.99,166.51,172.5,9420182,1624981395.0,寒武纪
2024-03-15,sh688256,171.23,174.0,165.49,171.45,8565513,1468557203.85,寒武纪
2024-03-18,sh688256,173.58,197.66,172.03,195.03,17081354,3331376470.62,寒武纪
2024-03-19,sh688256,191.0,192.5,185.3,186.41,11494566,2142702048.06,寒武纪
2024-03-20,sh688256,186.0,191.0,182.98,185.26,8387838,1553930867.8799999,寒武纪
2024-03-21,sh688256,188.01,189.66,177.63,180.21,9282865,1672865101.65,寒武纪
2024-03-22,sh688256,179.3,183.22,175.99,181.31,8991013,1630160567.03,寒武纪
2024-03-25,sh688256,181.48,193.0,178.68,182.88,11759990,2150666971.2,寒武纪
2024-03-26,sh688256,181.04,186.68,170.49,172.6,9744990,1681985274.0,寒武纪
2024-03-27,sh688256,170.0,174.6,167.3,169.17,7334557,1240787007.6899998,寒武纪
2024-03-28,sh688256,169.17,182.88,166.38,178.66,10324949,1844655388.34,寒武纪
2024-03-29,sh688256,176.7,179.1,167.49,173.46,8413347,1459379170.6200001,寒武纪
2024-04-01,sh688256,177.03,178.44,169.87,174.58,7232956,1262729458.48,寒武纪
2024-04-02,sh688256,173.5,177.5,168.44,170.88,5883189,1005319336.3199999,寒武纪
2024-04-03,sh688256,168.2,170.6,158.5,162.1,9628183,1560728464.3,寒武纪
2024-04-08,sh688256,161.82,163.88,157.96,158.97,4961089,788664318.33,寒武纪
2024-04-09,sh688256,157.58,159.49,151.06,157.56,5843798,920748812.88,寒武纪
2024-04-10,sh688256,157.0,157.49,148.5,150.09,6161868,924834768.12,寒武纪
2024-04-11,sh688256,153.5,157.85,151.5,156.18,7871042,1229299339.56,寒武纪
2024-04-12,sh688256,158.98,163.28,157.5,160.2,7468220,1196408844.0,寒武纪
2024-04-15,sh688256,160.0,160.5,149.66,153.61,7478342,1148748114.6200001,寒武纪
2024-04-16,sh688256,151.31,152.3,144.38,144.9,7642156,1107348404.4,寒武纪
2024-04-17,sh688256,147.5,151.57,145.54,150.1,8621026,1294016002.6,寒武纪
2024-04-18,sh688256,150.0,154.5,144.43,150.1,7986629,1198793012.8999999,寒武纪
2024-04-19,sh688256,149.0,150.2,141.41,141.41,7015429,992051814.89,寒武纪
2024-04-22,sh688256,132.94,141.0,130.02,138.25,6559855,906899953.75,寒武纪
2024-04-23,sh688256,139.15,141.0,136.5,139.24,4321210,601685280.4000001,寒武纪
2024-04-24,sh688256,140.0,154.49,138.5,153.19,9757046,1494681876.74,寒武纪
2024-04-25,sh688256,150.75,153.75,149.38,150.0,4527269,679090350.0,寒武纪
2024-04-26,sh688256,155.0,163.35,153.2,161.99,9582663,1552295579.3700001,寒武纪
2024-04-29,sh688256,163.0,177.52,163.0,171.01,11212270,1917410292.6999998,寒武纪
2024-04-30,sh688256,169.0,173.5,165.47,171.39,7728703,1324622407.1699998,寒武纪
2024-05-06,sh688256,176.0,176.65,164.01,164.72,8535390,1405949440.8,寒武纪
2024-05-07,sh688256,166.66,169.95,158.7,160.4,8090957,1297789502.8,寒武纪
2024-05-08,sh688256,159.0,163.95,156.5,160.2,5494380,880199675.9999999,寒武纪
2024-05-09,sh688256,162.02,180.21,161.0,178.11,13756569,2450182504.59,寒武纪
2024-05-10,sh688256,173.99,175.17,167.16,170.36,8628761,1469995723.96,寒武纪
2024-05-13,sh688256,167.25,172.0,164.78,166.25,5354404,890169665.0,寒武纪
2024-05-14,sh688256,169.0,176.25,163.62,169.96,8430664,1432875653.44,寒武纪
2024-05-15,sh688256,167.03,176.94,164.87,174.05,8641160,1503993898.0,寒武纪
2024-05-16,sh688256,179.2,187.77,176.03,181.66,10021544,1820513683.04,寒武纪
2024-05-17,sh688256,177.0,195.88,176.03,190.83,9888452,1887013295.16,寒武纪
2024-05-20,sh688256,188.9,205.58,185.5,195.93,11333158,2220505646.94,寒武纪
2024-05-21,sh688256,194.32,201.32,186.32,187.0,9310632,1741088184.0,寒武纪
2024-05-22,sh688256,187.0,190.5,182.19,188.99,6430755,1215348387.45,寒武纪
2024-05-23,sh688256,190.1,193.0,181.52,183.7,6560554,1205173769.8,寒武纪
2024-05-24,sh688256,185.0,186.5,169.8,171.9,11136194,1914311748.6000001,寒武纪
2024-05-27,sh688256,170.0,177.6,165.98,175.99,9814833,1727312459.67,寒武纪
2024-05-28,sh688256,174.51,183.0,172.0,172.25,8091765,1393806521.25,寒武纪
2024-05-29,sh688256,174.3,178.64,170.11,172.0,5770667,992554724.0,寒武纪
2024-05-30,sh688256,170.33,175.0,168.64,172.53,5239313,903938671.89,寒武纪
2024-05-31,sh688256,173.0,180.9,170.94,174.79,7107486,1242317477.94,寒武纪
2024-06-03,sh688256,172.55,182.57,172.5,180.99,7497803,1357027364.97,寒武纪
2024-06-04,sh688256,178.85,182.55,176.08,179.57,4756579,854138891.03,寒武纪
2024-06-05,sh688256,179.01,186.0,178.5,180.1,5790849,1042931904.9,寒武纪
2024-06-06,sh688256,185.0,185.88,172.5,173.37,8666051,1502433261.8700001,寒武纪
2024-06-07,sh688256,174.93,182.06,171.6,181.0,8287988,1500125828.0,寒武纪
2024-06-11,sh688256,183.0,190.5,181.01,190.41,9954727,1895479568.07,寒武纪
2024-06-12,sh688256,190.42,192.29,188.02,189.8,5338440,1013235912.0000001,寒武纪
2024-06-13,sh688256,193.0,202.99,191.69,195.53,9477745,1853183479.85,寒武纪
2024-06-14,sh688256,194.0,200.5,191.25,200.01,8214388,1642959743.8799999,寒武纪
2024-06-17,sh688256,198.0,213.8,196.96,210.99,10621894,2241113415.06,寒武纪
2024-06-18,sh688256,210.96,218.0,205.2,209.1,8565820,1791112962.0,寒武纪
2024-06-19,sh688256,208.61,222.0,208.61,217.31,9745096,2117706811.76,寒武纪
2024-06-20,sh688256,217.35,222.2,212.55,214.74,7996342,1717134481.0800002,寒武纪
2024-06-21,sh688256,210.88,217.5,205.7,215.29,6598157,1420517220.53,寒武纪
2024-06-24,sh688256,214.8,216.66,204.02,206.31,8288139,1709925957.09,寒武纪
2024-06-25,sh688256,205.03,205.3,196.0,197.2,9049890,1784638308.0,寒武纪
2024-06-26,sh688256,200.85,204.73,194.01,202.97,8004071,1624586290.87,寒武纪
2024-06-27,sh688256,198.5,205.01,197.67,198.61,5247623,1042230404.0300001,寒武纪
2024-06-28,sh688256,198.0,204.25,196.1,198.67,7357795,1461773132.6499999,寒武纪
2024-07-01,sh688256,199.5,205.5,197.0,204.84,6309305,1292398036.2,寒武纪
2024-07-02,sh688256,204.0,204.7,195.57,197.0,6655456,1311124832.0,寒武纪
2024-07-03,sh688256,196.17,198.0,187.55,195.5,6973556,1363330198.0,寒武纪
2024-07-04,sh688256,196.85,198.78,193.0,193.46,3936461,761547745.0600001,寒武纪
2024-07-05,sh688256,192.52,197.0,187.5,192.8,5311250,1024009000.0000001,寒武纪
2024-07-08,sh688256,191.5,195.88,189.05,192.5,4232957,814844222.5,寒武纪
2024-07-09,sh688256,191.5,208.7,191.2,207.34,8016332,1662106276.88,寒武纪
2024-07-10,sh688256,206.0,211.88,206.0,211.14,5777653,1219893654.4199998,寒武纪
2024-07-11,sh688256,213.5,215.0,198.9,201.65,8169273,1647333900.45,寒武纪
2024-07-12,sh688256,197.0,201.6,194.11,199.4,4187843,835055894.2,寒武纪
2024-07-15,sh688256,199.4,211.0,198.76,208.2,6481589,1349466829.8,寒武纪
2024-07-16,sh688256,208.0,249.84,208.0,249.84,19307399,4823760566.16,寒武纪
2024-07-17,sh688256,248.0,257.55,247.06,247.94,12151129,3012750924.2599998,寒武纪
2024-07-18,sh688256,244.0,257.47,228.51,254.0,15252206,3874060324.0,寒武纪
2024-07-19,sh688256,248.89,278.59,246.01,268.4,15485007,4156175878.7999997,寒武纪
2024-07-22,sh688256,268.0,272.88,260.5,265.22,10357001,2746883805.2200003,寒武纪
2024-07-23,sh688256,263.0,266.23,247.18,248.46,12188842,3028439683.32,寒武纪
2024-07-24,sh688256,249.0,271.0,249.0,261.25,13113571,3425920423.75,寒武纪
2024-07-25,sh688256,260.59,265.0,251.77,255.8,8636328,2209172702.4,寒武纪
2024-07-26,sh688256,256.3,257.0,247.11,250.73,8141284,2041264137.32,寒武纪
2024-07-29,sh688256,251.02,253.4,236.69,246.52,7919376,1952284571.52,寒武纪
2024-07-30,sh688256,246.53,252.74,243.0,244.4,7036312,1719674652.8,寒武纪
2024-07-31,sh688256,240.05,268.48,240.05,264.06,10858900,2867401134.0,寒武纪
2024-08-01,sh688256,268.0,271.99,256.75,258.0,8938306,2306082948.0,寒武纪
2024-08-02,sh688256,250.88,260.49,242.88,245.1,9828538,2408974663.7999997,寒武纪
2024-08-05,sh688256,236.98,246.5,227.63,229.69,11936345,2741659083.05,寒武纪
2024-08-06,sh688256,238.03,240.0,228.3,233.46,6835596,1595838242.16,寒武纪
2024-08-07,sh688256,232.98,236.99,223.8,229.5,6908984,1585611828.0,寒武纪
2024-08-08,sh688256,225.3,235.25,221.45,229.54,6795331,1559800277.74,寒武纪
2024-08-09,sh688256,235.02,250.0,231.68,246.96,11154738,2754774096.48,寒武纪
2024-08-12,sh688256,243.92,248.0,238.11,241.05,5634015,1358079315.75,寒武纪
2024-08-13,sh688256,241.98,246.15,233.67,240.7,5429629,1306911700.3,寒武纪
2024-08-14,sh688256,242.0,252.4,241.0,241.68,6634197,1603352730.96,寒武纪
2024-08-15,sh688256,239.1,246.89,239.0,241.32,4768298,1150685673.36,寒武纪
2024-08-16,sh688256,244.18,251.0,241.0,244.6,6272523,1534259125.8,寒武纪
2024-08-19,sh688256,245.4,258.0,245.4,255.0,6580656,1678067280.0,寒武纪
2024-08-20,sh688256,256.11,257.58,246.58,247.98,5322463,1319864374.74,寒武纪
2024-08-21,sh688256,246.88,269.69,245.0,263.84,8292657,2187934622.8799996,寒武纪
2024-08-22,sh688256,263.0,267.95,258.76,260.69,5200055,1355602337.95,寒武纪
2024-08-23,sh688256,258.11,260.66,247.8,253.02,6407227,1621156575.54,寒武纪
2024-08-26,sh688256,252.0,254.22,243.4,247.22,4950499,1223862362.78,寒武纪
2024-08-27,sh688256,245.1,246.0,239.88,244.1,3704435,904252583.5,寒武纪
2024-08-28,sh688256,244.0,248.39,236.2,240.2,4640904,1114745140.8,寒武纪
2024-08-29,sh688256,232.0,242.88,232.0,240.29,4538637,1090589084.73,寒武纪
2024-08-30,sh688256,240.0,262.76,235.29,256.69,8468308,2173729980.52,寒武纪
2024-09-02,sh688256,265.68,267.93,252.09,252.14,8010042,2019651989.8799999,寒武纪
2024-09-03,sh688256,252.0,256.22,240.1,240.7,7419613,1785900849.1,寒武纪
2024-09-04,sh688256,235.0,241.2,232.68,239.14,5639179,1348553266.06,寒武纪
2024-09-05,sh688256,239.16,242.08,205.26,206.9,14630289,3027006794.1,寒武纪
2024-09-06,sh688256,211.0,219.66,210.0,215.18,10617610,2284697319.8,寒武纪
2024-09-09,sh688256,214.99,216.78,203.88,210.71,8461678,1782960171.38,寒武纪
2024-09-10,sh688256,210.71,218.12,206.97,213.68,6627927,1416255441.3600001,寒武纪
2024-09-11,sh688256,213.0,217.29,211.0,215.66,4309610,929410492.6,寒武纪
2024-09-12,sh688256,219.98,220.99,214.0,214.49,4114397,882497012.5300001,寒武纪
2024-09-13,sh688256,216.55,225.3,213.76,220.5,6755502,1489588191.0,寒武纪
2024-09-18,sh688256,218.0,221.55,206.88,210.01,6156044,1292830800.44,寒武纪
2024-09-19,sh688256,210.8,212.0,205.05,209.5,5023996,1052527162.0,寒武纪
2024-09-20,sh688256,209.5,214.88,207.0,208.87,4061619,848350360.53,寒武纪
2024-09-23,sh688256,211.52,220.5,210.0,212.61,6129867,1303271022.8700001,寒武纪
2024-09-24,sh688256,213.33,227.39,210.5,221.8,8212051,1821432911.8000002,寒武纪
2024-09-25,sh688256,226.24,233.58,221.79,222.01,7841332,1740854117.32,寒武纪
2024-09-26,sh688256,221.88,224.0,215.5,224.0,7630675,1709271200.0,寒武纪
2024-09-27,sh688256,223.0,245.0,217.42,240.97,7879335,1898683354.95,寒武纪
2024-09-30,sh688256,256.0,289.16,243.98,289.16,16630413,4808850223.080001,寒武纪
2024-10-08,sh688256,346.99,346.99,325.0,346.99,13133511,4557196981.89,寒武纪
2024-10-09,sh688256,349.0,415.0,302.32,371.5,29676382,11024775913.0,寒武纪
2024-10-10,sh688256,372.0,380.0,310.0,347.2,17681233,6138924097.599999,寒武纪
2024-10-11,sh688256,336.5,362.0,332.0,333.0,13108216,4365035928.0,寒武纪
2024-10-14,sh688256,336.11,374.88,336.11,374.1,13693642,5122791472.200001,寒武纪
2024-10-15,sh688256,368.0,378.5,355.55,355.55,11142218,3961615609.9,寒武纪
2024-10-16,sh688256,342.0,354.51,338.0,342.19,7291461,2495065039.59,寒武纪
2024-10-17,sh688256,356.2,374.9,353.47,358.09,10269502,3677405971.18,寒武纪
2024-10-18,sh688256,360.0,429.71,357.02,429.71,14897077,6401422957.67,寒武纪
2024-10-21,sh688256,454.0,503.33,419.51,444.0,22887318,10161969192.0,寒武纪
2024-10-22,sh688256,430.01,444.04,415.69,421.0,15357904,6465677584.0,寒武纪
2024-10-23,sh688256,414.0,429.84,405.67,419.0,12642831,5297346189.0,寒武纪
2024-10-24,sh688256,406.0,433.0,406.0,425.2,10368887,4408850752.4,寒武纪
2024-10-25,sh688256,428.0,444.5,412.7,421.89,10214642,4309455313.38,寒武纪
2024-10-28,sh688256,425.01,437.6,417.62,434.7,9045071,3931892363.7,寒武纪
2024-10-29,sh688256,431.0,475.39,430.79,434.01,11362978,4931646081.78,寒武纪
2024-10-30,sh688256,425.0,452.93,421.0,445.25,10210706,4546316846.5,寒武纪
2024-10-31,sh688256,476.0,482.56,451.0,453.6,13042572,5916110659.200001,寒武纪
2024-11-01,sh688256,446.0,461.8,410.99,411.01,13525364,5559059857.64,寒武纪
2024-11-04,sh688256,408.88,416.9,402.79,410.94,8383317,3445040287.98,寒武纪
2024-11-05,sh688256,406.94,449.0,406.11,437.86,11785153,5160247092.58,寒武纪
2024-11-06,sh688256,441.0,470.39,439.22,456.0,11329626,5166309456.0,寒武纪
2024-11-07,sh688256,451.44,488.0,445.01,476.0,11391909,5422548684.0,寒武纪
2024-11-08,sh688256,488.01,493.03,420.0,431.0,21453800,9246587800.0,寒武纪
2024-11-11,sh688256,420.01,448.0,415.5,430.51,15360887,6613015462.37,寒武纪
2024-11-12,sh688256,425.0,444.12,411.01,422.99,11393018,4819132683.82,寒武纪
2024-11-13,sh688256,423.35,490.88,415.0,474.0,16560079,7849477446.0,寒武纪
2024-11-14,sh688256,469.26,494.88,465.01,469.0,10444713,4898570397.0,寒武纪
2024-11-15,sh688256,474.9,483.0,450.0,453.68,9397802,4263594811.36,寒武纪
2024-11-18,sh688256,450.0,476.36,440.58,448.66,8247691,3700409044.0600004,寒武纪
2024-11-19,sh688256,450.0,465.0,425.0,461.0,9737149,4488825689.0,寒武纪
2024-11-20,sh688256,456.0,479.65,449.01,475.0,9330080,4431788000.0,寒武纪
2024-11-21,sh688256,474.99,525.0,470.64,514.32,12066333,6205956388.56,寒武纪
2024-11-22,sh688256,510.0,521.54,490.01,492.0,8702758,4281756936.0,寒武纪
2024-11-25,sh688256,499.87,503.58,469.0,489.0,9034201,4417724289.0,寒武纪
2024-11-26,sh688256,484.0,494.9,476.8,485.9,4545327,2208574389.2999997,寒武纪
2024-11-27,sh688256,482.0,535.0,480.0,534.55,9932091,5309199244.049999,寒武纪
2024-11-28,sh688256,530.0,588.7,527.01,546.03,10937412,5972155074.36,寒武纪
2024-11-29,sh688256,542.0,590.0,540.38,561.0,9289018,5211139098.0,寒武纪
2024-12-02,sh688256,561.0,584.53,535.69,562.0,8989705,5052214210.0,寒武纪
2024-12-03,sh688256,556.0,589.96,553.33,569.99,7915956,4512015760.440001,寒武纪
2024-12-04,sh688256,584.78,591.0,540.0,552.6,8901721,4919091024.6,寒武纪
2024-12-05,sh688256,550.0,572.86,545.5,570.12,5674763,3235295881.56,寒武纪
2024-12-06,sh688256,570.1,576.0,548.0,553.6,6232280,3450190208.0,寒武纪
2024-12-09,sh688256,549.0,556.9,515.14,539.0,8502600,4582901400.0,寒武纪
2024-12-10,sh688256,558.0,564.9,526.66,538.43,9115789,4908214271.2699995,寒武纪
2024-12-11,sh688256,530.94,552.79,521.28,544.8,6546419,3566489071.2,寒武纪
2024-12-12,sh688256,550.0,576.99,544.2,576.99,8555301,4936323123.99,寒武纪
2024-12-13,sh688256,572.44,599.99,558.2,568.0,11367277,6456613336.0,寒武纪
2024-12-16,sh688256,574.0,594.0,560.0,575.25,7463902,4293609625.5,寒武纪
2024-12-17,sh688256,566.78,590.0,560.0,570.0,5758896,3282570720.0,寒武纪
2024-12-18,sh688256,567.89,618.18,560.28,617.55,8774587,5418746201.849999,寒武纪
2024-12-19,sh688256,606.0,654.99,596.2,636.02,8617152,5480681015.04,寒武纪
2024-12-20,sh688256,634.97,676.77,631.0,675.95,9310919,6293715698.05,寒武纪
2024-12-23,sh688256,675.95,700.0,635.0,648.75,10380437,6734308503.75,寒武纪
2024-12-24,sh688256,655.5,662.0,620.06,659.3,7382927,4867563771.099999,寒武纪
2024-12-25,sh688256,651.0,666.6,634.03,662.1,6131874,4059913775.4,寒武纪
2024-12-26,sh688256,659.0,661.0,640.98,651.24,6481692,4221137098.08,寒武纪
2024-12-27,sh688256,649.75,668.2,648.0,652.1,6301000,4108882100.0,寒武纪
2024-12-30,sh688256,655.01,695.88,649.0,683.5,7795859,5328469626.5,寒武纪
2024-12-31,sh688256,684.0,688.0,658.0,658.0,7021055,4619854190.0,寒武纪
2025-01-02,sh688256,653.01,665.0,630.0,645.62,7975382,5149066126.84,寒武纪
2025-01-03,sh688256,639.89,644.99,616.16,621.0,6615237,4108062177.0,寒武纪
2025-01-06,sh688256,625.74,650.0,613.8,649.48,7142193,4638711509.64,寒武纪
2025-01-07,sh688256,640.49,718.0,637.0,718.0,8730409,6268433662.0,寒武纪
2025-01-08,sh688256,701.0,735.0,698.6,726.0,8169427,5931004002.0,寒武纪
2025-01-09,sh688256,725.0,731.97,706.15,712.29,5382326,3833776986.54,寒武纪
2025-01-10,sh688256,720.0,777.77,720.0,729.97,9438041,6889486788.77,寒武纪
2025-01-13,sh688256,707.0,721.05,667.42,719.0,9307636,6692190284.0,寒武纪
2025-01-14,sh688256,716.0,717.0,679.19,694.01,8829242,6127582240.42,寒武纪
2025-01-15,sh688256,671.0,718.0,662.1,695.96,9377400,6526295304.0,寒武纪
2025-01-16,sh688256,688.0,695.0,580.0,594.0,19429203,11540946582.0,寒武纪
2025-01-17,sh688256,577.0,605.87,570.0,592.0,12396309,7338614928.0,寒武纪
2025-01-20,sh688256,591.0,632.83,582.2,618.22,11701286,7233969030.92,寒武纪
2025-01-21,sh688256,618.23,633.99,609.0,625.0,8515231,5322019375.0,寒武纪
2025-01-22,sh688256,612.01,649.97,612.01,641.12,8375100,5369444112.0,寒武纪
2025-01-23,sh688256,650.0,657.06,620.25,621.0,6703529,4162891509.0,寒武纪
2025-01-24,sh688256,627.58,638.0,607.3,612.98,6893564,4225616860.7200003,寒武纪
2025-01-27,sh688256,582.01,595.94,551.68,572.0,11869330,6789256760.0,寒武纪
2025-02-05,sh688256,593.0,605.0,560.03,576.0,12450812,7171667712.0,寒武纪
2025-02-06,sh688256,576.0,588.95,560.0,563.99,10417804,5875537277.96,寒武纪
2025-02-07,sh688256,562.0,610.0,562.0,598.89,12645400,7573203606.0,寒武纪
2025-02-10,sh688256,609.99,655.89,601.99,651.96,11763601,7669397307.96,寒武纪
2025-02-11,sh688256,652.0,696.5,641.01,667.83,9148212,6109450419.96,寒武纪
2025-02-12,sh688256,665.5,675.98,647.81,656.0,7100796,4658122176.0,寒武纪
2025-02-13,sh688256,660.0,672.23,631.99,638.0,7012988,4474286344.0,寒武纪
2025-02-14,sh688256,636.01,655.0,606.0,625.95,9937854,6220599711.3,寒武纪
2025-02-17,sh688256,639.9,661.0,630.0,660.82,9249959,6112557906.38,寒武纪
2025-02-18,sh688256,660.82,660.88,626.0,628.1,7036589,4419681550.900001,寒武纪
2025-02-19,sh688256,628.49,635.88,614.0,625.51,6238696,3902366734.96,寒武纪
2025-02-20,sh688256,630.0,636.9,609.99,618.51,6110473,3779388655.23,寒武纪
2025-02-21,sh688256,645.0,742.21,630.0,742.21,16532611,12270669210.310001,寒武纪
2025-02-24,sh688256,744.0,795.8,738.16,780.36,12757989,9955824296.04,寒武纪
2025-02-25,sh688256,780.0,818.87,751.5,790.38,10938062,8645225443.56,寒武纪
2025-02-26,sh688256,781.13,813.0,762.93,795.0,7406488,5888157960.0,寒武纪
2025-02-27,sh688256,788.07,805.98,767.0,796.0,8093575,6442485700.0,寒武纪
2025-02-28,sh688256,780.0,796.0,725.0,735.44,12112043,8907680903.92,寒武纪
2025-03-03,sh688256,720.0,735.44,685.6,693.07,11198360,7761247365.200001,寒武纪
2025-03-04,sh688256,690.0,704.97,658.0,685.56,9416223,6455385839.879999,寒武纪
2025-03-05,sh688256,688.0,718.68,688.0,711.4,7981845,5678284533.0,寒武纪
2025-03-06,sh688256,730.0,777.76,730.0,775.0,10219925,7920441875.0,寒武纪
2025-03-07,sh688256,765.01,773.0,747.0,750.0,5784099,4338074250.0,寒武纪
2025-03-10,sh688256,750.0,789.99,735.16,779.0,7594983,5916491757.0,寒武纪
2025-03-11,sh688256,755.01,798.89,746.0,792.0,6657398,5272659216.0,寒武纪
2025-03-12,sh688256,791.88,817.94,774.0,774.0,6351507,4916066418.0,寒武纪
2025-03-13,sh688256,780.3,787.99,738.96,741.99,6254585,4640839524.15,寒武纪
2025-03-14,sh688256,746.0,777.99,746.0,758.0,6813236,5164432888.0,寒武纪
2025-03-17,sh688256,754.89,755.88,727.27,751.7,4730941,3556248349.7000003,寒武纪
2025-03-18,sh688256,749.0,760.0,738.5,750.0,3860211,2895158250.0,寒武纪
2025-03-19,sh688256,742.23,748.8,700.0,703.9,8511634,5991339172.599999,寒武纪
2025-03-20,sh688256,700.0,712.0,693.97,703.63,4317047,3037603780.61,寒武纪
2025-03-21,sh688256,710.19,710.19,661.36,685.05,9645653,6607754587.65,寒武纪
2025-03-24,sh688256,679.0,695.3,671.5,684.18,4801276,3284937013.68,寒武纪
2025-03-25,sh688256,686.0,686.01,635.4,642.35,7042105,4523496146.75,寒武纪
2025-03-26,sh688256,642.35,653.0,640.0,643.0,4082371,2624964553.0,寒武纪
2025-03-27,sh688256,645.88,664.89,636.4,638.25,6087813,3885546647.25,寒武纪
2025-03-28,sh688256,635.0,641.63,624.01,627.0,4347659,2725982193.0,寒武纪
2025-03-31,sh688256,625.59,634.66,611.0,623.0,5318559,3313462257.0,寒武纪
2025-04-01,sh688256,634.19,647.95,629.05,632.94,5739758,3632922428.5200005,寒武纪
2025-04-02,sh688256,632.0,645.0,626.0,629.35,3404978,2142922904.3000002,寒武纪
2025-04-03,sh688256,619.0,645.0,619.0,638.0,6038431,3852518978.0,寒武纪
2025-04-07,sh688256,599.97,615.0,532.29,565.16,12378667,6995927441.719999,寒武纪
2025-04-08,sh688256,575.0,586.25,555.59,565.96,8197315,4639352397.400001,寒武纪
2025-04-09,sh688256,555.04,632.0,550.0,615.69,11674879,7188106251.51,寒武纪
2025-04-10,sh688256,630.0,630.0,595.0,602.89,9443309,5693276563.01,寒武纪
2025-04-11,sh688256,605.0,632.8,593.0,614.98,8772481,5394900365.38,寒武纪
2025-04-14,sh688256,615.4,657.56,605.0,637.7,8796254,5609371175.8,寒武纪
2025-04-15,sh688256,630.5,634.84,614.5,619.88,5295079,3282313570.52,寒武纪
2025-04-16,sh688256,660.0,666.99,635.01,646.0,9020370,5827159020.0,寒武纪
2025-04-17,sh688256,645.0,686.28,640.05,677.0,7267329,4919981733.0,寒武纪
2025-04-18,sh688256,670.0,677.31,663.1,669.54,4168728,2791130145.12,寒武纪
2025-04-21,sh688256,691.0,726.43,686.01,695.0,8338982,5795592490.0,寒武纪
2025-04-22,sh688256,693.85,712.0,683.0,694.98,5217223,3625865640.54,寒武纪
2025-04-23,sh688256,686.27,693.58,671.88,685.21,5529172,3788643946.1200004,寒武纪
2025-04-24,sh688256,685.21,694.88,679.0,691.96,4357585,3015274516.6000004,寒武纪
2025-04-25,sh688256,686.97,704.1,675.0,689.96,4606187,3178084782.52,寒武纪
2025-04-28,sh688256,689.66,720.0,681.58,710.8,5642771,4010881626.7999997,寒武纪
2025-04-29,sh688256,708.0,710.93,698.16,705.0,2999326,2114524830.0,寒武纪
2025-04-30,sh688256,703.04,720.8,701.0,703.6,3879427,2729564837.2000003,寒武纪
2025-05-06,sh688256,700.0,712.0,683.0,707.22,5592320,3955000550.4,寒武纪
2025-05-07,sh688256,724.14,741.92,712.99,721.03,6351008,4579267298.24,寒武纪
2025-05-08,sh688256,710.0,719.78,701.0,703.23,4257149,2993754891.27,寒武纪
2025-05-09,sh688256,700.17,704.98,691.6,700.0,3006966,2104876200.0,寒武纪
2025-05-12,sh688256,696.86,701.33,675.0,675.4,6276828,4239369631.2,寒武纪
2025-05-13,sh688256,678.33,689.44,676.31,678.29,3602389,2443464434.81,寒武纪
2025-05-14,sh688256,699.0,705.0,675.15,683.99,4638890,3172954371.1,寒武纪
2025-05-15,sh688256,681.0,685.88,670.08,677.0,3478600,2355012200.0,寒武纪
2025-05-16,sh688256,665.0,672.98,656.08,668.0,3606054,2408844072.0,寒武纪
2025-05-19,sh688256,668.11,673.88,658.0,671.94,3336174,2241708757.5600004,寒武纪
2025-05-20,sh688256,671.2,687.0,669.34,673.0,3696608,2487817184.0,寒武纪
2025-05-21,sh688256,672.88,676.98,664.12,666.49,2488220,1658373747.8,寒武纪
2025-05-22,sh688256,666.49,669.88,656.5,661.66,2969543,1964827821.3799999,寒武纪
2025-05-23,sh688256,658.3,671.91,650.0,658.6,3277702,2158694537.2000003,寒武纪
2025-05-26,sh688256,658.7,665.19,645.0,651.0,3239864,2109151464.0,寒武纪
2025-05-27,sh688256,648.23,652.75,614.0,614.0,6511507,3998065298.0,寒武纪
2025-05-28,sh688256,616.6,620.0,604.5,609.99,4548820,2774734711.8,寒武纪
2025-05-29,sh688256,615.0,619.0,608.0,612.9,4357991,2671012683.9,寒武纪
2025-05-30,sh688256,606.0,607.77,583.0,603.66,5861370,3538274614.2,寒武纪
2025-06-03,sh688256,599.0,606.65,595.01,595.86,3535249,2106513469.14,寒武纪
2025-06-04,sh688256,602.0,621.33,598.93,607.5,4895133,2973793297.5,寒武纪
2025-06-05,sh688256,608.0,628.99,605.07,619.86,5687781,3525627930.66,寒武纪
2025-06-06,sh688256,620.0,622.21,606.0,610.0,4102179,2502329190.0,寒武纪
2025-06-09,sh688256,608.0,615.83,598.01,613.28,4047532,2482270424.96,寒武纪
2025-06-10,sh688256,613.28,616.68,597.5,601.89,4297078,2586368277.42,寒武纪
2025-06-11,sh688256,602.0,607.9,597.48,600.2,3091870,1855740374.0000002,寒武纪
2025-06-12,sh688256,597.58,612.69,590.02,604.8,3868410,2339614368.0,寒武纪
2025-06-13,sh688256,595.51,607.88,592.66,604.9,4045764,2447282643.6,寒武纪
2025-06-16,sh688256,598.0,616.0,596.85,597.55,4566639,2728795134.45,寒武纪
2025-06-17,sh688256,597.0,599.59,568.28,573.3,6567375,3765076087.4999995,寒武纪
2025-06-18,sh688256,575.0,587.96,572.13,583.91,4089360,2387818197.6,寒武纪
2025-06-19,sh688256,582.0,592.9,580.05,582.08,3371745,1962625329.6000001,寒武纪
2025-06-20,sh688256,581.49,584.0,567.11,573.97,3719260,2134743662.2,寒武纪
2025-06-23,sh688256,571.61,575.03,560.67,568.0,4549745,2584255160.0,寒武纪
2025-06-24,sh688256,574.2,616.58,574.0,607.25,8834966,5365033103.5,寒武纪
2025-06-25,sh688256,608.33,618.68,596.51,611.11,9328802,5700924190.22,寒武纪
2025-06-26,sh688256,611.0,636.3,607.01,610.5,9013879,5502973129.5,寒武纪
2025-06-27,sh688256,608.0,608.68,582.78,585.5,8132858,4761788359.0,寒武纪
2025-06-30,sh688256,585.57,612.94,585.57,601.5,7249424,4360528536.0,寒武纪
2025-07-01,sh688256,598.88,598.88,560.66,563.0,10423790,5868593770.0,寒武纪
2025-07-02,sh688256,560.22,560.22,541.91,545.1,6409804,3493984160.4,寒武纪
2025-07-03,sh688256,546.0,553.6,544.0,547.3,3972289,2174033769.7,寒武纪
2025-07-04,sh688256,545.0,557.97,538.67,547.47,5685933,3112877739.51,寒武纪
2025-07-07,sh688256,544.0,553.86,541.01,541.38,3331055,1803366555.9,寒武纪
2025-07-08,sh688256,540.0,545.3,538.1,542.77,3952781,2145450943.37,寒武纪
2025-07-09,sh688256,544.0,544.78,533.5,535.0,4906959,2625223065.0,寒武纪
2025-07-10,sh688256,534.01,537.87,520.67,523.5,8581516,4492423626.0,寒武纪
2025-07-11,sh688256,523.0,559.96,523.0,553.98,11643672,6450361414.56,寒武纪
2025-07-14,sh688256,555.0,570.0,554.0,565.06,6511493,3679384234.5799994,寒武纪
2025-07-15,sh688256,564.0,564.0,546.76,553.1,5968589,3301226575.9,寒武纪
2025-07-16,sh688256,548.09,593.1,548.09,580.19,9712272,5634963091.68,寒武纪
2025-07-17,sh688256,575.0,584.99,559.23,582.4,7973717,4643892780.8,寒武纪
2025-07-18,sh688256,580.55,589.98,578.03,582.62,5115645,2980477089.9,寒武纪
2025-07-21,sh688256,587.0,599.57,580.08,582.0,5957641,3467347062.0,寒武纪
2025-07-22,sh688256,581.9,601.09,580.1,593.93,6563220,3898093254.6,寒武纪
2025-07-23,sh688256,593.2,603.0,586.53,595.56,5448653,3244999780.68,寒武纪
2025-07-24,sh688256,591.5,604.95,591.5,600.23,4916621,2951103422.83,寒武纪
2025-07-25,sh688256,599.53,698.01,599.53,673.3,12739273,8577352510.9,寒武纪
2025-07-28,sh688256,673.0,688.7,654.02,679.0,9507983,6455920457.0,寒武纪
2025-07-29,sh688256,676.0,718.0,673.0,710.78,11410381,8110270607.179999,寒武纪
2025-07-30,sh688256,700.0,708.0,680.0,684.7,7653196,5240143301.200001,寒武纪
2025-07-31,sh688256,685.0,735.0,680.01,709.5,11769078,8350160841.0,寒武纪
2025-08-01,sh688256,700.0,716.0,680.0,689.1,7183598,4950217381.8,寒武纪
2025-08-04,sh688256,687.58,699.95,675.17,689.06,5776109,3980085667.5399995,寒武纪
2025-08-05,sh688256,686.0,699.9,682.58,695.0,4878823,3390781985.0,寒武纪
2025-08-06,sh688256,691.86,696.39,685.0,694.34,4339978,3013420324.52,寒武纪
2025-08-07,sh688256,700.51,731.0,686.01,703.0,10824428,7609572884.0,寒武纪
2025-08-08,sh688256,691.0,702.93,670.0,692.8,6525331,4520749316.799999,寒武纪
2025-08-11,sh688256,692.5,711.8,690.61,707.4,5559427,3932738659.7999997,寒武纪
2025-08-12,sh688256,702.5,848.88,696.06,848.88,19162193,16266402393.84,寒武纪
2025-08-13,sh688256,830.0,868.0,820.0,860.0,13468386,11582811960.0,寒武纪
2025-08-14,sh688256,865.0,985.0,865.0,949.0,15071068,14302443532.0,寒武纪
2025-08-15,sh688256,923.0,935.0,904.81,923.7,11039869,10197526995.300001,寒武纪
2025-08-18,sh688256,950.28,987.99,925.46,950.0,11542302,10965186900.0,寒武纪
2025-08-19,sh688256,939.0,1001.1,927.92,933.98,10546957,9850646898.86,寒武纪
2025-08-20,sh688256,920.11,1027.0,900.0,1013.0,12705950,12871127350.0,寒武纪
2025-08-21,sh688256,1020.0,1080.18,1005.57,1036.0,11402797,11813297692.0,寒武纪
2025-08-22,sh688256,1075.0,1243.2,1075.0,1243.2,14116082,17549113142.4,寒武纪
2025-08-25,sh688256,1321.0,1391.0,1266.0,1384.93,18763905,25986694951.65,寒武纪
2025-08-26,sh688256,1310.0,1348.0,1289.01,1329.0,11813228,15699780012.0,寒武纪
2025-08-27,sh688256,1378.88,1464.98,1341.02,1372.1,17895090,24553852989.0,寒武纪
2025-08-28,sh688256,1420.0,1595.88,1391.0,1587.91,17827045,28307743025.95,寒武纪
2025-08-29,sh688256,1480.0,1534.97,1420.0,1492.49,17863773,26661502564.77,寒武纪
2025-09-01,sh688256,1460.0,1508.6,1358.75,1448.39,17538116,25402031833.24,寒武纪
2025-09-02,sh688256,1451.0,1540.0,1431.0,1480.0,17337645,25659714600.0,寒武纪
2025-09-03,sh688256,1419.0,1439.0,1371.0,1405.0,14149206,19879634430.0,寒武纪
2025-09-04,sh688256,1375.0,1389.0,1182.0,1202.0,22165387,26642795174.0,寒武纪
2025-09-05,sh688256,1220.0,1310.15,1172.0,1281.46,20003878,25634169501.88,寒武纪
2025-09-08,sh688256,1245.0,1257.99,1183.0,1212.78,14072803,17067214022.34,寒武纪
2025-09-09,sh688256,1180.01,1267.0,1180.01,1228.07,10358154,12720538182.779999,寒武纪
2025-09-10,sh688256,1268.0,1325.0,1236.78,1273.0,13858537,17641917601.0,寒武纪
2025-09-11,sh688256,1295.0,1436.47,1276.0,1387.0,19093243,26482328041.0,寒武纪
2025-09-12,sh688256,1387.0,1522.22,1372.0,1488.0,19741149,29374829712.0,寒武纪
2025-09-15,sh688256,1505.0,1529.4,1411.1,1440.0,11449132,16486750080.0,寒武纪
2025-09-16,sh688256,1468.0,1528.0,1428.53,1440.1,13680274,19700962587.399998,寒武纪
2025-09-17,sh688256,1413.3,1470.02,1372.25,1442.0,9861747,14220639174.0,寒武纪
2025-09-18,sh688256,1508.0,1518.0,1381.11,1420.99,17199485,24440296190.15,寒武纪
2025-09-19,sh688256,1392.0,1420.0,1342.0,1349.24,12655224,17074934429.76,寒武纪
2025-09-22,sh688256,1327.99,1429.9,1301.0,1398.0,13435968,18783483264.0,寒武纪
2025-09-23,sh688256,1400.0,1425.0,1313.33,1350.38,12818062,17309254563.56,寒武纪
2025-09-24,sh688256,1330.0,1400.0,1330.0,1374.0,10089718,13863272532.0,寒武纪
2025-09-25,sh688256,1369.39,1414.99,1350.0,1386.69,9030112,12521966009.28,寒武纪
2025-09-26,sh688256,1365.0,1390.0,1334.0,1339.0,7552099,10112260561.0,寒武纪
2025-09-29,sh688256,1320.0,1338.98,1271.0,1323.5,9029805,11950946917.5,寒武纪
2025-09-30,sh688256,1388.0,1399.0,1318.23,1325.0,8653981,11466524825.0,寒武纪
2025-10-09,sh688256,1360.5,1405.93,1332.0,1332.79,11833823,15772000956.17,寒武纪
2025-10-10,sh688256,1302.0,1304.31,1240.99,1247.08,10821300,13495026804.0,寒武纪
2025-10-13,sh688256,1210.0,1278.0,1210.0,1262.11,8775278,11075366116.58,寒武纪
2025-10-14,sh688256,1271.99,1271.99,1190.0,1196.0,10587600,12662769600.0,寒武纪
2025-10-15,sh688256,1208.0,1246.98,1190.0,1242.0,7080698,8794226916.0,寒武纪
2025-10-16,sh688256,1260.0,1307.96,1260.0,1274.0,9666790,12315490460.0,寒武纪
2025-10-17,sh688256,1254.95,1289.28,1218.23,1247.68,8481374,10582040712.32,寒武纪
2025-10-20,sh688256,1273.11,1333.96,1241.5,1281.12,12807107,16407440919.839998,寒武纪
2025-10-21,sh688256,1281.12,1378.0,1245.0,1368.96,14612563,20004014244.48,寒武纪
2025-10-22,sh688256,1341.0,1468.0,1339.0,1429.5,14133562,20203926879.0,寒武纪
2025-10-23,sh688256,1409.0,1417.0,1365.0,1398.9,7924208,11085174571.2,寒武纪
2025-10-24,sh688256,1425.0,1548.0,1404.0,1525.0,15956560,24333754000.0,寒武纪
2025-10-27,sh688256,1560.0,1560.01,1493.0,1530.68,12235606,18728797392.08,寒武纪
2025-10-28,sh688256,1505.0,1533.79,1457.0,1478.58,10431090,15423201052.199999,寒武纪
2025-10-29,sh688256,1460.0,1530.88,1433.0,1461.0,10122854,14789489694.0,寒武纪
2025-10-30,sh688256,1440.0,1499.96,1400.01,1422.0,11736477,16689270294.0,寒武纪
2025-10-31,sh688256,1407.96,1414.0,1375.0,1375.0,8516738,11710514750.0,寒武纪
2025-11-03,sh688256,1335.0,1360.66,1335.0,1346.6,6378888,8589810580.799999,寒武纪
2025-11-04,sh688256,1370.0,1390.85,1326.0,1339.6,7150162,9578357015.199999,寒武纪
2025-11-05,sh688256,1295.0,1365.0,1291.11,1348.0,6769887,9125807676.0,寒武纪
2025-11-06,sh688256,1386.0,1480.88,1371.23,1480.0,13478595,19948320600.0,寒武纪
2025-11-07,sh688256,1455.55,1468.88,1430.08,1432.5,6644428,9518143110.0,寒武纪
2025-11-10,sh688256,1430.03,1450.0,1337.01,1391.5,8934859,12432856298.5,寒武纪
2025-11-11,sh688256,1398.0,1403.0,1299.11,1330.0,9017681,11993515730.0,寒武纪
2025-11-12,sh688256,1312.0,1375.0,1308.0,1365.78,6721232,9179724240.96,寒武纪
2025-11-13,sh688256,1352.0,1387.0,1329.0,1384.9,6150783,8518219376.700001,寒武纪
2025-11-14,sh688256,1350.0,1365.13,1324.3,1325.01,6273792,8312837137.92,寒武纪
2025-11-17,sh688256,1316.95,1342.01,1283.38,1303.1,6749279,8794985464.9,寒武纪
2025-11-18,sh688256,1305.95,1344.44,1290.99,1326.7,6003436,7964758541.2,寒武纪
2025-11-19,sh688256,1320.0,1350.0,1320.0,1332.0,4241304,5649416928.0,寒武纪
2025-11-20,sh688256,1361.01,1365.58,1320.0,1322.3,3887485,5140421415.5,寒武纪
2025-11-21,sh688256,1290.3,1298.0,1240.01,1249.0,7257306,9064375194.0,寒武纪
2025-11-24,sh688256,1252.88,1275.58,1218.0,1261.98,5921422,7472716135.56,寒武纪
2025-11-25,sh688256,1268.0,1285.35,1244.0,1260.0,5877103,7405149780.0,寒武纪
2025-11-26,sh688256,1245.0,1340.16,1234.01,1314.66,9147290,12025576271.400002,寒武纪
2025-11-27,sh688256,1360.0,1388.2,1313.0,1317.36,8936417,11772478299.119999,寒武纪
2025-11-28,sh688256,1310.0,1347.0,1291.0,1331.0,5854639,7792524509.0,寒武纪
2025-12-01,sh688256,1327.94,1382.0,1292.2,1362.44,7368403,10039006983.32,寒武纪
2025-12-02,sh688256,1370.0,1377.0,1322.44,1328.73,4640631,6166145628.63,寒武纪
2025-12-03,sh688256,1333.0,1360.0,1320.1,1332.3,4491965,5984644969.5,寒武纪
2025-12-04,sh688256,1321.21,1369.3,1292.5,1369.0,7052731,9655188739.0,寒武纪
2025-12-05,sh688256,1339.5,1396.32,1322.0,1355.0,8802266,11927070430.0,寒武纪
2025-12-08,sh688256,1335.0,1441.8,1333.02,1417.8,9874431,13999968271.8,寒武纪
2025-12-09,sh688256,1375.0,1457.57,1368.0,1436.0,9059417,13009322812.0,寒武纪
2025-12-10,sh688256,1436.0,1451.69,1371.0,1420.88,6296651,8946785472.880001,寒武纪
2025-12-11,sh688256,1410.0,1417.0,1376.0,1382.02,6207259,8578556083.18,寒武纪
2025-12-12,sh688256,1382.02,1408.0,1329.8,1344.0,9173113,12328663872.0,寒武纪
2025-12-15,sh688256,1316.01,1377.79,1316.01,1331.9,6410876,8538645744.400001,寒武纪
2025-12-16,sh688256,1319.1,1332.0,1262.69,1273.92,7394627,9420163227.84,寒武纪
2025-12-17,sh688256,1270.11,1320.0,1263.5,1315.6,6313657,8306247149.2,寒武纪
2025-12-18,sh688256,1300.0,1309.77,1280.02,1287.0,3886562,5002005294.0,寒武纪
2025-12-19,sh688256,1300.0,1301.0,1264.0,1268.0,4326554,5486070472.0,寒武纪
2025-12-22,sh688256,1275.01,1297.65,1258.0,1284.77,6476694,8321062150.38,寒武纪
2025-12-23,sh688256,1278.2,1350.0,1275.1,1336.02,9143503,12215902878.06,寒武纪
2025-12-24,sh688256,1335.0,1345.0,1300.99,1326.2,5928662,7862591544.400001,寒武纪
2025-12-25,sh688256,1315.0,1333.99,1310.0,1319.41,4051027,5344965534.070001,寒武纪
2025-12-26,sh688256,1302.0,1334.15,1290.1,1303.89,4784797,6238848960.330001,寒武纪
2025-12-29,sh688256,1309.97,1398.0,1308.0,1358.5,9835262,13361203427.0,寒武纪
2025-12-30,sh688256,1358.88,1439.0,1358.88,1415.8,9135367,12933852598.6,寒武纪
2025-12-31,sh688256,1426.0,1432.0,1348.16,1355.55,7026742,9525100118.1,寒武纪
2026-01-05,sh688256,1375.0,1403.48,1346.78,1390.0,6551502,9106587780.0,寒武纪
2026-01-06,sh688256,1380.0,1430.0,1363.06,1383.1,6960013,9626393980.3,寒武纪
2026-01-07,sh688256,1370.0,1399.93,1356.88,1394.88,6836643,9536296587.84,寒武纪
2026-01-08,sh688256,1409.0,1486.0,1401.0,1444.0,14922062,21547457528.0,寒武纪
2026-01-09,sh688256,1419.99,1512.0,1391.0,1491.0,10220498,15238762518.0,寒武纪
2026-01-12,sh688256,1534.44,1550.0,1463.0,1509.99,9484444,14321415595.56,寒武纪
2026-01-13,sh688256,1485.0,1520.0,1399.99,1408.09,10002988,14085107372.92,寒武纪
2026-01-14,sh688256,1420.0,1449.98,1388.09,1439.12,8947825,12876993913.999998,寒武纪
2026-01-15,sh688256,1421.0,1444.0,1392.45,1415.0,5783870,8184176050.0,寒武纪
2026-01-16,sh688256,1420.0,1445.0,1408.03,1424.05,7225559,10289557293.949999,寒武纪
2026-01-19,sh688256,1422.0,1458.58,1408.0,1419.66,6911905,9812555052.300001,寒武纪
2026-01-20,sh688256,1417.0,1425.0,1331.02,1343.04,8737401,11734679039.039999,寒武纪
2026-01-21,sh688256,1335.35,1388.0,1334.92,1353.87,7575012,10255581496.439999,寒武纪
2026-01-22,sh688256,1344.0,1368.0,1333.0,1353.0,5935032,8030098296.0,寒武纪
2026-01-23,sh688256,1337.0,1353.0,1320.0,1334.99,6351127,8478691033.7300005,寒武纪
2026-01-26,sh688256,1325.0,1329.92,1296.0,1300.0,6787046,8823159800.0,寒武纪
2026-01-27,sh688256,1300.0,1317.88,1276.55,1300.89,6338380,8245535158.200001,寒武纪
2026-01-28,sh688256,1309.88,1310.0,1279.0,1282.78,6981286,8955454055.08,寒武纪
2026-01-29,sh688256,1282.12,1292.12,1250.01,1252.01,7158157,8962084145.57,寒武纪
2026-01-30,sh688256,1252.0,1277.87,1240.1,1258.89,6349543,7993376187.27,寒武纪
2026-02-02,sh688256,1249.0,1273.6,1233.0,1242.0,6669029,8282934018.0,寒武纪
2026-02-03,sh688256,1255.0,1257.78,1063.0,1128.0,22614455,25509105240.0,寒武纪
2026-02-04,sh688256,1100.0,1108.6,1063.97,1068.0,11735129,12533117772.0,寒武纪
2026-02-05,sh688256,1050.01,1072.98,1037.04,1058.33,7942115,8405378567.95,寒武纪
2026-02-06,sh688256,1042.55,1062.68,1015.56,1036.99,7981348,8276578062.52,寒武纪
2026-02-09,sh688256,1060.0,1105.94,1056.0,1086.8,9653639,10491574865.199999,寒武纪
2026-02-10,sh688256,1105.0,1148.0,1091.58,1100.9,9660120,10634826108.0,寒武纪
2026-02-11,sh688256,1088.88,1103.0,1073.0,1078.9,5527311,5963415837.900001,寒武纪
2026-02-12,sh688256,1079.98,1120.0,1061.33,1112.5,8685714,9662856825.0,寒武纪
2026-02-13,sh688256,1100.0,1143.0,1093.11,1120.68,7056945,7908577122.6,寒武纪
2026-02-24,sh688256,1136.26,1142.0,1070.2,1071.55,8187709,8773539578.949999,寒武纪
2026-02-25,sh688256,1079.99,1109.0,1074.0,1082.65,5760623,6236738490.950001,寒武纪
2026-02-26,sh688256,1095.15,1188.88,1068.74,1168.8,14083847,16461200373.599998,寒武纪
2026-02-27,sh688256,1145.02,1212.12,1141.33,1178.0,12151165,14314072370.0,寒武纪
2026-03-02,sh688256,1150.0,1208.55,1143.06,1191.9,8821975,10514912002.5,寒武纪
2026-03-03,sh688256,1197.0,1198.88,1129.99,1133.05,7537116,8539929283.799999,寒武纪
2026-03-04,sh688256,1122.0,1158.01,1110.0,1117.08,5898695,6589314210.599999,寒武纪
2026-03-05,sh688256,1148.68,1196.02,1122.02,1168.0,8539945,9974655760.0,寒武纪
2026-03-06,sh688256,1160.0,1173.34,1148.06,1154.88,4523467,5224061568.96,寒武纪
2026-03-09,sh688256,1120.0,1133.75,1092.99,1125.99,6025840,6785035581.6,寒武纪
2026-03-10,sh688256,1148.98,1160.0,1135.01,1147.1,5020293,5758778100.299999,寒武纪
2026-03-11,sh688256,1155.0,1159.0,1093.35,1099.0,7621059,8375543841.0,寒武纪
2026-03-12,sh688256,1099.0,1121.2,1077.86,1099.0,6262527,6882517173.0,寒武纪
2026-03-13,sh688256,1111.11,1127.05,1084.97,1096.1,9290621,10183449678.099998,寒武纪
2026-03-16,sh688256,1088.06,1093.11,1046.96,1089.97,6695672,7298081609.84,寒武纪
2026-03-17,sh688256,1089.87,1119.99,1071.01,1079.99,5532089,5974600799.11,寒武纪
2026-03-18,sh688256,1083.24,1088.0,1048.16,1066.0,6839317,7290711922.0,寒武纪
2026-03-19,sh688256,1045.01,1052.78,1032.18,1037.02,4885275,5066127880.5,寒武纪
2026-03-20,sh688256,1039.19,1065.65,1001.01,1025.0,10195162,10450041050.0,寒武纪
2026-03-23,sh688256,1002.5,1020.5,968.0,971.3,8151520,7917571376.0,寒武纪
2026-03-24,sh688256,985.0,1037.8,970.02,1028.5,9059606,9317804771.0,寒武纪
2026-03-25,sh688256,1030.0,1061.9,1022.95,1039.0,8971388,9321272132.0,寒武纪
2026-03-26,sh688256,1040.0,1068.68,1018.18,1024.9,4994724,5119092627.6,寒武纪
2026-03-27,sh688256,1005.0,1038.05,1005.0,1024.0,5042257,5163271168.0,寒武纪
2026-03-30,sh688256,1004.57,1015.0,994.94,1009.45,5226918,5276312375.1,寒武纪
2026-03-31,sh688256,1001.06,1019.98,983.0,983.0,5075376,4989094608.0,寒武纪
2026-04-01,sh688256,1008.0,1064.0,1008.0,1051.4,10000913,10514959928.2,寒武纪
2026-04-02,sh688256,1045.01,1053.46,996.86,998.99,7091466,7084303619.34,寒武纪
2026-04-03,sh688256,1010.0,1040.0,999.0,1025.7,6224472,6384440930.400001,寒武纪
2026-04-07,sh688256,1023.0,1146.0,1021.01,1119.0,14082900,15758765100.0,寒武纪
2026-04-08,sh688256,1159.1,1168.98,1138.0,1164.0,10483254,12202507656.0,寒武纪
2026-04-09,sh688256,1160.0,1222.22,1151.0,1198.0,9750872,11681544656.0,寒武纪
2026-04-10,sh688256,1205.0,1222.22,1188.9,1210.7,9003652,10900721476.4,寒武纪
2026-04-13,sh688256,1202.01,1252.6,1201.92,1219.62,7879142,9609559166.039999,寒武纪
2026-04-14,sh688256,1224.99,1248.8,1206.09,1241.98,7703170,9567183076.6,寒武纪
2026-04-15,sh688256,1242.0,1327.21,1239.08,1274.0,12429888,15835677312.0,寒武纪
2026-04-16,sh688256,1280.0,1315.0,1272.02,1307.0,7796484,10190004588.0,寒武纪
2026-04-17,sh688256,1299.87,1349.47,1290.0,1334.0,7210520,9618833680.0,寒武纪
2026-04-20,sh688256,1341.0,1378.2,1326.16,1378.2,7519583,10363489290.6,寒武纪
2026-04-21,sh688256,1361.0,1368.12,1308.0,1330.0,8179094,10878195020.0,寒武纪
2026-04-22,sh688256,1317.99,1339.98,1308.08,1337.0,6808209,9102575433.0,寒武纪
2026-04-23,sh688256,1335.96,1359.92,1296.0,1323.0,7718789,10211957847.0,寒武纪
2026-04-24,sh688256,1319.64,1409.58,1281.58,1352.5,12407144,16780662260.0,寒武纪
2026-04-27,sh688256,1350.05,1386.0,1341.28,1356.72,7093204,9623491730.880001,寒武纪
2026-04-28,sh688256,1353.78,1418.88,1353.78,1374.5,7453538,10244887981.0,寒武纪
2026-04-29,sh688256,1366.0,1420.0,1346.87,1416.63,9086007,12871510096.410002,寒武纪
2026-04-30,sh688256,1475.0,1699.96,1475.0,1699.96,17884265,30402535129.4,寒武纪
2026-05-06,sh688256,1784.78,1966.0,1770.99,1825.0,19780525,36099458125.0,寒武纪
2026-05-07,sh688256,1824.94,1885.53,1792.8,1868.0,10998270,20544768360.0,寒武纪
2026-05-08,sh688256,1217.03,1220.0,1158.01,1182.53,19102442,22589210738.26,寒武纪
2026-05-11,sh688256,1201.0,1205.99,1158.03,1200.0,23172174,27806608800.0,寒武纪
2026-05-12,sh688256,1199.99,1293.33,1189.81,1277.87,20958058,26781673576.46,寒武纪
2026-05-13,sh688256,1239.0,1316.88,1236.0,1316.88,15877771,20909119074.480003,寒武纪
2026-05-14,sh688256,1320.0,1350.0,1232.32,1260.58,18113864,22833974681.12,寒武纪
2024-01-02,sh688047,109.69,111.95,107.46,109.3,3521701,384921919.3,龙芯中科
2024-01-03,sh688047,108.72,110.63,107.32,108.88,3343777,364070439.76,龙芯中科
2024-01-04,sh688047,108.49,109.43,106.18,108.11,2880310,311390314.1,龙芯中科
2024-01-05,sh688047,107.52,108.41,104.0,104.88,2831415,296958805.2,龙芯中科
2024-01-08,sh688047,104.63,105.87,100.73,100.91,2943573,297035951.43,龙芯中科
2024-01-09,sh688047,102.9,103.33,97.52,98.21,3677741,361190943.60999995,龙芯中科
2024-01-10,sh688047,98.0,98.05,94.28,94.3,3509694,330964144.2,龙芯中科
2024-01-11,sh688047,94.29,97.78,94.29,96.0,2986756,286728576.0,龙芯中科
2024-01-12,sh688047,95.78,96.42,93.77,93.82,2186564,205143434.48,龙芯中科
2024-01-15,sh688047,93.79,96.77,92.86,94.0,2453585,230636990.0,龙芯中科
2024-01-16,sh688047,93.47,95.8,92.77,94.54,2232077,211020559.58,龙芯中科
2024-01-17,sh688047,94.5,95.83,91.62,91.8,2977883,273369659.4,龙芯中科
2024-01-18,sh688047,91.03,94.08,89.43,94.0,3957668,372020792.0,龙芯中科
2024-01-19,sh688047,93.5,94.12,91.5,91.5,2193118,200670297.0,龙芯中科
2024-01-22,sh688047,92.08,93.07,86.3,86.78,2988530,259344633.4,龙芯中科
2024-01-23,sh688047,87.05,91.21,85.64,89.78,3546428,318398305.84000003,龙芯中科
2024-01-24,sh688047,90.0,92.88,88.33,92.2,4547145,419246769.0,龙芯中科
2024-01-25,sh688047,91.27,94.2,90.0,93.59,4415487,413245428.33000004,龙芯中科
2024-01-26,sh688047,93.48,93.49,89.8,90.58,2669030,241760737.4,龙芯中科
2024-01-29,sh688047,90.1,95.79,89.4,92.0,4044322,372077624.0,龙芯中科
2024-01-30,sh688047,85.52,89.21,83.88,84.69,4581371,387996309.99,龙芯中科
2024-01-31,sh688047,84.18,84.69,79.46,79.78,3930542,313578640.76,龙芯中科
2024-02-01,sh688047,79.77,84.05,77.77,80.8,3913631,316221384.8,龙芯中科
2024-02-02,sh688047,80.81,82.0,73.58,75.82,3595265,272592992.29999995,龙芯中科
2024-02-05,sh688047,76.05,76.38,67.89,70.82,4117548,291604749.35999995,龙芯中科
2024-02-06,sh688047,69.0,77.36,68.5,76.51,3978053,304360835.03000003,龙芯中科
2024-02-07,sh688047,76.74,81.35,76.0,78.03,4362529,340408137.87,龙芯中科
2024-02-08,sh688047,80.0,84.38,78.99,82.07,3854751,316359414.57,龙芯中科
2024-02-19,sh688047,85.97,90.43,82.95,89.0,5341696,475410944.0,龙芯中科
2024-02-20,sh688047,87.6,87.61,85.8,86.25,3051659,263205588.75,龙芯中科
2024-02-21,sh688047,85.5,89.67,84.02,86.75,3332579,289101228.25,龙芯中科
2024-02-22,sh688047,88.6,94.56,88.15,90.88,4041007,367246716.15999997,龙芯中科
2024-02-23,sh688047,92.69,93.88,90.3,91.0,2796005,254436455.0,龙芯中科
2024-02-26,sh688047,90.39,96.08,90.06,93.4,3566120,333075608.0,龙芯中科
2024-02-27,sh688047,92.2,107.38,91.9,103.34,5574959,576116263.0600001,龙芯中科
2024-02-28,sh688047,102.56,107.99,99.0,99.0,5710157,565305543.0,龙芯中科
2024-02-29,sh688047,98.5,103.29,97.44,102.4,5728718,586620723.2,龙芯中科
2024-03-01,sh688047,101.5,103.58,98.05,100.0,5846322,584632200.0,龙芯中科
2024-03-04,sh688047,101.3,103.98,99.14,101.06,4273502,431880112.12,龙芯中科
2024-03-05,sh688047,100.2,104.28,98.07,101.5,5523122,560596883.0,龙芯中科
2024-03-06,sh688047,101.8,103.82,99.5,101.77,4282115,435790843.55,龙芯中科
2024-03-07,sh688047,102.0,103.39,98.0,98.15,4308661,422895077.15000004,龙芯中科
2024-03-08,sh688047,98.75,101.5,97.42,99.27,4163420,413302703.4,龙芯中科
2024-03-11,sh688047,99.01,102.58,98.5,101.2,3255093,329415411.6,龙芯中科
2024-03-12,sh688047,101.8,105.76,100.01,102.88,4098988,421703885.44,龙芯中科
2024-03-13,sh688047,106.0,111.69,104.81,107.4,6058480,650680752.0,龙芯中科
2024-03-14,sh688047,105.1,106.4,99.77,102.42,4782185,489791387.7,龙芯中科
2024-03-15,sh688047,101.0,104.82,99.19,102.13,4229229,431931157.77,龙芯中科
2024-03-18,sh688047,101.32,106.61,101.1,104.8,4489840,470535232.0,龙芯中科
2024-03-19,sh688047,103.49,103.6,101.34,101.43,3162791,320801891.13,龙芯中科
2024-03-20,sh688047,100.43,102.17,99.86,100.45,2695888,270801949.6,龙芯中科
2024-03-21,sh688047,101.75,101.79,97.46,97.55,3354123,327194698.65,龙芯中科
2024-03-22,sh688047,97.0,98.48,94.71,94.71,3082870,291978617.7,龙芯中科
2024-03-25,sh688047,95.99,97.28,92.69,92.76,3136045,290899534.2,龙芯中科
2024-03-26,sh688047,92.77,93.8,88.96,89.99,3045927,274102970.72999996,龙芯中科
2024-03-27,sh688047,89.3,89.87,85.5,85.62,2605071,223046179.02,龙芯中科
2024-03-28,sh688047,85.32,88.89,85.32,87.13,2632300,229352299.0,龙芯中科
2024-03-29,sh688047,86.2,87.79,85.32,87.26,1763458,153879345.08,龙芯中科
2024-04-01,sh688047,92.01,93.79,90.09,90.81,3066371,278457150.51,龙芯中科
2024-04-02,sh688047,90.05,90.83,88.0,88.61,1791571,158751106.31,龙芯中科
2024-04-03,sh688047,88.0,89.51,86.51,87.01,2012091,175072037.91,龙芯中科
2024-04-08,sh688047,87.5,88.12,84.52,85.12,2162905,184106473.60000002,龙芯中科
2024-04-09,sh688047,84.85,85.9,82.96,85.3,2313419,197334640.7,龙芯中科
2024-04-10,sh688047,85.3,85.3,81.92,82.55,1702324,140526846.2,龙芯中科
2024-04-11,sh688047,82.19,83.5,80.01,80.1,2490818,199514521.79999998,龙芯中科
2024-04-12,sh688047,80.5,82.09,80.2,80.34,2005661,161134804.74,龙芯中科
2024-04-15,sh688047,80.89,81.18,78.08,79.19,2128790,168578880.1,龙芯中科
2024-04-16,sh688047,78.82,79.39,76.01,76.34,2108306,160948080.04000002,龙芯中科
2024-04-17,sh688047,76.89,79.8,76.89,79.62,2513547,200128612.14000002,龙芯中科
2024-04-18,sh688047,79.0,80.65,78.03,79.63,1815142,144539757.45999998,龙芯中科
2024-04-19,sh688047,78.7,79.28,77.56,77.83,1672162,130144368.46,龙芯中科
2024-04-22,sh688047,76.05,78.84,75.6,78.13,1265321,98859529.72999999,龙芯中科
2024-04-23,sh688047,78.78,79.77,77.16,77.4,1508447,116753797.80000001,龙芯中科
2024-04-24,sh688047,78.35,80.99,77.64,80.49,1920947,154617024.03,龙芯中科
2024-04-25,sh688047,80.49,81.8,79.88,80.61,1627264,131173751.03999999,龙芯中科
2024-04-26,sh688047,82.0,84.71,81.36,83.87,2402405,201489707.35000002,龙芯中科
2024-04-29,sh688047,83.68,89.9,83.4,87.7,3531910,309748507.0,龙芯中科
2024-04-30,sh688047,87.0,87.88,85.07,86.79,1975276,171434204.04000002,龙芯中科
2024-05-06,sh688047,88.48,89.0,86.57,86.83,1577354,136961647.82,龙芯中科
2024-05-07,sh688047,86.24,87.5,85.11,85.42,1613361,137813296.62,龙芯中科
2024-05-08,sh688047,85.5,90.53,85.04,88.23,3644689,321570910.47,龙芯中科
2024-05-09,sh688047,89.49,91.69,88.06,89.39,3240393,289658730.27,龙芯中科
2024-05-10,sh688047,89.09,89.09,85.8,86.3,2187092,188746039.6,龙芯中科
2024-05-13,sh688047,86.31,86.31,81.81,82.33,2666282,219514997.06,龙芯中科
2024-05-14,sh688047,82.96,85.33,82.25,84.6,1924406,162804747.6,龙芯中科
2024-05-15,sh688047,84.11,85.37,83.2,83.85,1150975,96509253.75,龙芯中科
2024-05-16,sh688047,84.32,86.28,83.8,84.57,1614382,136528285.73999998,龙芯中科
2024-05-17,sh688047,84.0,92.13,83.5,91.49,4550397,416315821.53,龙芯中科
2024-05-20,sh688047,91.17,98.6,90.0,96.2,4656911,447994838.2,龙芯中科
2024-05-21,sh688047,96.18,101.3,95.55,97.8,4419449,432222112.2,龙芯中科
2024-05-22,sh688047,97.5,97.98,94.37,96.5,3254931,314100841.5,龙芯中科
2024-05-23,sh688047,96.29,100.6,95.73,97.11,4333035,420781028.85,龙芯中科
2024-05-24,sh688047,97.01,98.2,91.8,92.61,3354572,310666912.92,龙芯中科
2024-05-27,sh688047,93.2,105.5,92.0,104.05,6059664,630508039.1999999,龙芯中科
2024-05-28,sh688047,104.0,104.44,100.81,100.85,4634095,467348480.75,龙芯中科
2024-05-29,sh688047,100.55,107.78,100.55,104.96,5188882,544625054.7199999,龙芯中科
2024-05-30,sh688047,103.6,110.0,102.3,102.8,4755143,488828700.4,龙芯中科
2024-05-31,sh688047,102.0,105.08,100.58,101.89,2991427,304796497.03000003,龙芯中科
2024-06-03,sh688047,101.99,104.2,99.71,101.12,3446875,348548000.0,龙芯中科
2024-06-04,sh688047,100.0,102.49,96.98,97.9,3837376,375679110.40000004,龙芯中科
2024-06-05,sh688047,98.19,101.88,97.5,98.51,3000406,295569995.06,龙芯中科
2024-06-06,sh688047,100.04,100.92,96.34,96.69,3506579,339051123.51,龙芯中科
2024-06-07,sh688047,97.54,98.2,94.02,95.9,2827810,271186979.0,龙芯中科
2024-06-11,sh688047,95.71,101.41,95.17,101.14,3781629,382473957.06,龙芯中科
2024-06-12,sh688047,101.12,101.3,99.08,99.76,2485268,247930335.68,龙芯中科
2024-06-13,sh688047,100.04,102.98,99.75,99.85,3080080,307545988.0,龙芯中科
2024-06-14,sh688047,99.38,99.5,94.87,98.0,3650210,357720580.0,龙芯中科
2024-06-17,sh688047,97.08,99.27,96.5,97.08,2630280,255347582.4,龙芯中科
2024-06-18,sh688047,96.5,98.29,95.43,97.96,2676441,262184160.35999998,龙芯中科
2024-06-19,sh688047,97.81,102.66,97.29,100.59,4109474,413371989.66,龙芯中科
2024-06-20,sh688047,100.58,102.96,99.0,100.28,3898565,390948098.2,龙芯中科
2024-06-21,sh688047,99.21,99.21,96.11,97.39,2802602,272945408.78000003,龙芯中科
2024-06-24,sh688047,97.0,99.58,94.05,94.05,2567276,241452307.79999998,龙芯中科
2024-06-25,sh688047,94.1,94.4,88.63,89.49,3166841,283400601.09,龙芯中科
2024-06-26,sh688047,90.0,91.4,87.1,90.26,2968860,267969303.60000002,龙芯中科
2024-06-27,sh688047,89.15,91.6,88.34,88.57,1926192,170602825.44,龙芯中科
2024-06-28,sh688047,88.15,90.35,87.58,87.93,1892224,166383256.32000002,龙芯中科
2024-07-01,sh688047,87.7,90.07,87.18,89.58,1443798,129335424.84,龙芯中科
2024-07-02,sh688047,89.58,90.9,88.68,89.5,1572908,140775266.0,龙芯中科
2024-07-03,sh688047,89.49,90.8,87.06,89.27,1742578,155559938.06,龙芯中科
2024-07-04,sh688047,89.36,89.82,85.08,85.76,1951999,167403434.24,龙芯中科
2024-07-05,sh688047,85.68,87.98,85.31,87.28,1510352,131823522.56,龙芯中科
2024-07-08,sh688047,86.98,88.75,86.01,86.5,1639515,141818047.5,龙芯中科
2024-07-09,sh688047,86.0,89.72,86.0,89.56,2257635,202193790.6,龙芯中科
2024-07-10,sh688047,89.59,89.92,88.0,89.04,1469665,130858971.60000001,龙芯中科
2024-07-11,sh688047,90.53,90.79,88.7,89.52,1804638,161551193.76,龙芯中科
2024-07-12,sh688047,88.88,89.22,86.51,87.13,1717316,149629743.07999998,龙芯中科
2024-07-15,sh688047,87.45,90.5,87.11,88.9,1794680,159547052.0,龙芯中科
2024-07-16,sh688047,87.98,98.86,87.78,95.77,5307278,508278014.06,龙芯中科
2024-07-17,sh688047,94.61,96.46,93.18,93.38,2881767,269099402.46,龙芯中科
2024-07-18,sh688047,92.25,95.94,89.75,94.58,3826717,361930893.86,龙芯中科
2024-07-19,sh688047,93.56,99.86,93.08,98.34,5117899,503294187.66,龙芯中科
2024-07-22,sh688047,98.98,104.0,97.6,98.51,4727882,465743655.82000005,龙芯中科
2024-07-23,sh688047,99.0,99.0,92.91,92.99,3991620,371180743.79999995,龙芯中科
2024-07-24,sh688047,91.84,96.35,91.84,93.65,3420876,320365037.40000004,龙芯中科
2024-07-25,sh688047,94.35,105.5,94.0,100.66,6410368,645267642.88,龙芯中科
2024-07-26,sh688047,99.7,102.97,98.09,99.16,4782402,474222982.32,龙芯中科
2024-07-29,sh688047,98.84,99.76,94.83,95.11,4116009,391473615.99,龙芯中科
2024-07-30,sh688047,94.5,98.45,94.48,97.53,3387130,330346788.9,龙芯中科
2024-07-31,sh688047,96.75,103.0,95.81,101.13,4709638,476285690.94,龙芯中科
2024-08-01,sh688047,101.0,106.29,99.86,103.38,5883968,608284611.8399999,龙芯中科
2024-08-02,sh688047,101.94,105.68,100.97,102.9,5352683,550791080.7,龙芯中科
2024-08-05,sh688047,102.88,102.88,96.75,97.0,4912052,476469044.0,龙芯中科
2024-08-06,sh688047,99.6,99.77,94.4,97.7,3369368,329187253.6,龙芯中科
2024-08-07,sh688047,97.7,100.2,96.13,96.48,2664299,257051567.52,龙芯中科
2024-08-08,sh688047,95.1,96.57,93.13,94.48,3041793,287388602.64,龙芯中科
2024-08-09,sh688047,95.94,97.19,94.58,94.96,2336987,221920285.51999998,龙芯中科
2024-08-12,sh688047,94.0,97.19,94.0,95.7,1828371,174975104.70000002,龙芯中科
2024-08-13,sh688047,95.82,97.16,95.8,97.0,1604641,155650177.0,龙芯中科
2024-08-14,sh688047,97.0,98.86,95.81,97.05,2024455,196473357.75,龙芯中科
2024-08-15,sh688047,96.1,98.9,95.85,97.85,2053939,200977931.14999998,龙芯中科
2024-08-16,sh688047,97.71,99.39,97.66,98.04,1889122,185209520.88000003,龙芯中科
2024-08-19,sh688047,97.6,99.37,95.0,95.29,2253168,214704378.72000003,龙芯中科
2024-08-20,sh688047,95.39,95.5,90.58,91.04,3085872,280937786.88,龙芯中科
2024-08-21,sh688047,90.79,92.87,90.1,91.1,1813222,165184524.2,龙芯中科
2024-08-22,sh688047,91.49,92.41,89.8,90.1,1752265,157879076.5,龙芯中科
2024-08-23,sh688047,89.5,91.4,89.0,90.9,1280065,116357908.5,龙芯中科
2024-08-26,sh688047,91.0,91.8,90.22,90.4,1091957,98712912.80000001,龙芯中科
2024-08-27,sh688047,90.6,91.03,89.03,89.71,1016850,91221613.5,龙芯中科
2024-08-28,sh688047,87.27,87.54,83.83,84.64,2630747,222666426.08,龙芯中科
2024-08-29,sh688047,84.0,86.78,83.5,85.82,1800191,154492391.61999997,龙芯中科
2024-08-30,sh688047,86.22,92.29,86.22,90.96,2932977,266783587.92,龙芯中科
2024-09-02,sh688047,90.1,92.88,89.5,89.6,2036109,182435366.39999998,龙芯中科
2024-09-03,sh688047,89.63,92.48,89.62,91.17,1560935,142310443.95,龙芯中科
2024-09-04,sh688047,90.28,93.6,90.1,92.26,1601202,147726896.52,龙芯中科
2024-09-05,sh688047,91.88,93.08,89.86,91.09,1422598,129584451.82000001,龙芯中科
2024-09-06,sh688047,90.9,95.61,90.9,93.84,2588586,242912910.24,龙芯中科
2024-09-09,sh688047,93.47,94.45,92.02,93.0,1309048,121741464.0,龙芯中科
2024-09-10,sh688047,93.0,93.9,90.8,92.9,1252580,116364682.0,龙芯中科
2024-09-11,sh688047,92.7,95.55,91.82,95.1,1873638,178182973.79999998,龙芯中科
2024-09-12,sh688047,95.7,95.76,91.56,92.21,1931721,178123993.41,龙芯中科
2024-09-13,sh688047,91.9,93.87,88.26,89.8,2606038,234022212.4,龙芯中科
2024-09-18,sh688047,89.75,89.76,86.78,87.08,1653299,143969276.92,龙芯中科
2024-09-19,sh688047,87.79,89.48,86.8,88.85,1405883,124912704.55,龙芯中科
2024-09-20,sh688047,89.0,90.4,87.9,89.53,1360121,121771633.13,龙芯中科
2024-09-23,sh688047,89.51,91.86,89.28,89.69,1422145,127552185.05,龙芯中科
2024-09-24,sh688047,90.15,91.96,88.12,91.83,2345118,215352185.94,龙芯中科
2024-09-25,sh688047,92.5,93.83,91.8,91.97,2579902,237273586.94,龙芯中科
2024-09-26,sh688047,92.19,94.48,90.71,94.46,2843254,268573772.84,龙芯中科
2024-09-27,sh688047,95.99,100.51,95.29,99.68,2171224,216427608.32000002,龙芯中科
2024-09-30,sh688047,106.0,119.62,104.5,119.62,8256723,987669205.26,龙芯中科
2024-10-08,sh688047,143.54,143.54,135.99,143.54,11848612,1700749766.48,龙芯中科
2024-10-09,sh688047,140.0,168.88,133.5,143.96,16115046,2319922022.1600003,龙芯中科
2024-10-10,sh688047,144.0,144.97,128.31,131.08,9214665,1207858288.2,龙芯中科
2024-10-11,sh688047,127.0,132.35,123.24,124.6,5828271,726202566.6,龙芯中科
2024-10-14,sh688047,124.0,130.09,121.52,127.43,5754337,733275163.9100001,龙芯中科
2024-10-15,sh688047,126.5,130.58,124.0,124.0,5234737,649107388.0,龙芯中科
2024-10-16,sh688047,121.0,122.93,119.63,121.0,3682868,445627028.0,龙芯中科
2024-10-17,sh688047,145.0,145.19,131.97,131.97,12598359,1662605437.23,龙芯中科
2024-10-18,sh688047,129.6,158.0,128.5,151.0,13819551,2086752201.0,龙芯中科
2024-10-21,sh688047,150.0,164.5,143.65,147.0,13468778,1979910366.0,龙芯中科
2024-10-22,sh688047,146.6,147.0,139.78,141.96,7555550,1072585878.0000001,龙芯中科
2024-10-23,sh688047,139.54,142.71,138.83,139.43,4383406,611178298.58,龙芯中科
2024-10-24,sh688047,138.79,142.99,138.58,139.95,3967319,555226294.05,龙芯中科
2024-10-25,sh688047,141.8,143.66,138.57,139.5,4153891,579467794.5,龙芯中科
2024-10-28,sh688047,139.3,139.3,136.3,138.35,3451350,477494272.5,龙芯中科
2024-10-29,sh688047,138.85,144.13,136.69,138.03,6127689,845804912.67,龙芯中科
2024-10-30,sh688047,136.21,137.49,131.69,134.15,5799672,778025998.8000001,龙芯中科
2024-10-31,sh688047,134.25,139.62,134.21,137.62,5846396,804581017.52,龙芯中科
2024-11-01,sh688047,136.28,137.4,127.0,127.82,5678268,725796215.76,龙芯中科
2024-11-04,sh688047,126.5,130.41,125.9,129.23,3205687,414270931.01,龙芯中科
2024-11-05,sh688047,129.84,135.5,128.3,133.0,5775071,768084443.0,龙芯中科
2024-11-06,sh688047,134.45,144.21,132.6,139.99,8843788,1238041882.1200001,龙芯中科
2024-11-07,sh688047,139.0,152.88,138.0,148.5,8459983,1256307475.5,龙芯中科
2024-11-08,sh688047,149.99,154.5,140.18,141.72,11155185,1580912818.2,龙芯中科
2024-11-11,sh688047,144.4,153.35,144.4,151.4,11282989,1708244534.6000001,龙芯中科
2024-11-12,sh688047,151.09,156.0,148.28,149.95,8075125,1210864993.75,龙芯中科
2024-11-13,sh688047,149.49,158.9,148.6,155.7,8282245,1289545546.5,龙芯中科
2024-11-14,sh688047,153.0,153.9,145.4,146.3,6167639,902325585.7,龙芯中科
2024-11-15,sh688047,146.3,147.7,138.08,138.08,5608709,774450538.72,龙芯中科
2024-11-18,sh688047,138.5,143.86,135.18,138.2,4370626,604020513.1999999,龙芯中科
2024-11-19,sh688047,139.0,146.5,137.23,145.0,4238029,614514205.0,龙芯中科
2024-11-20,sh688047,146.91,153.0,144.9,150.44,5983424,900146306.56,龙芯中科
2024-11-21,sh688047,148.9,157.18,148.5,154.0,6737125,1037517250.0,龙芯中科
2024-11-22,sh688047,153.0,154.89,144.0,144.78,5823850,843177003.0,龙芯中科
2024-11-25,sh688047,144.28,148.55,141.88,146.08,5797826,846946422.08,龙芯中科
2024-11-26,sh688047,145.12,158.95,145.01,152.79,6932607,1059233023.53,龙芯中科
2024-11-27,sh688047,151.0,156.07,145.5,156.0,6835021,1066263276.0,龙芯中科
2024-11-28,sh688047,156.0,166.8,153.7,159.5,8657334,1380844773.0,龙芯中科
2024-11-29,sh688047,157.9,168.58,153.5,165.2,8507354,1405414880.8,龙芯中科
2024-12-02,sh688047,167.0,167.88,160.3,162.0,6303872,1021227264.0,龙芯中科
2024-12-03,sh688047,162.0,165.6,158.0,158.9,5062254,804392160.6,龙芯中科
2024-12-04,sh688047,164.2,167.6,155.51,157.12,6245829,981344652.48,龙芯中科
2024-12-05,sh688047,155.03,159.0,154.5,158.58,3695180,585981644.4000001,龙芯中科
2024-12-06,sh688047,158.62,159.92,152.5,155.78,4708582,733502903.96,龙芯中科
2024-12-09,sh688047,155.0,155.48,150.2,153.7,3583083,550719857.0999999,龙芯中科
2024-12-10,sh688047,162.18,162.18,152.12,152.16,5213692,793315374.72,龙芯中科
2024-12-11,sh688047,151.5,154.48,150.2,152.3,3737847,569274098.1,龙芯中科
2024-12-12,sh688047,151.8,155.99,150.21,152.5,3921645,598050862.5,龙芯中科
2024-12-13,sh688047,151.0,155.88,149.04,155.53,8396658,1305932218.74,龙芯中科
2024-12-16,sh688047,152.6,154.36,144.39,144.78,6161529,892066168.62,龙芯中科
2024-12-17,sh688047,144.9,145.5,139.24,140.35,3911970,549044989.5,龙芯中科
2024-12-18,sh688047,140.0,142.6,139.16,142.01,3715239,527601090.39,龙芯中科
2024-12-19,sh688047,139.17,144.44,139.17,142.05,4026950,572028247.5,龙芯中科
2024-12-20,sh688047,141.54,146.66,140.53,143.98,5538845,797482903.0999999,龙芯中科
2024-12-23,sh688047,144.02,150.5,141.0,143.9,6012532,865203354.8000001,龙芯中科
2024-12-24,sh688047,143.92,145.0,139.41,143.29,4663306,668205116.74,龙芯中科
2024-12-25,sh688047,145.0,151.0,144.14,146.57,5201314,762356592.98,龙芯中科
2024-12-26,sh688047,145.6,148.7,142.99,147.9,5326267,787754889.3000001,龙芯中科
2024-12-27,sh688047,147.9,148.35,140.15,140.5,6010423,844464431.5,龙芯中科
2024-12-30,sh688047,139.98,142.5,138.18,138.39,4157168,575310479.52,龙芯中科
2024-12-31,sh688047,139.39,139.66,132.0,132.28,4561481,603392706.68,龙芯中科
2025-01-02,sh688047,131.08,132.0,124.2,126.0,4473763,563694138.0,龙芯中科
2025-01-03,sh688047,126.5,127.8,123.28,123.61,3181958,393321828.38,龙芯中科
2025-01-06,sh688047,123.68,124.8,120.8,122.0,2464380,300654360.0,龙芯中科
2025-01-07,sh688047,122.4,126.88,121.7,126.57,3418955,432737134.34999996,龙芯中科
2025-01-08,sh688047,124.88,126.98,121.23,124.7,3465557,432154957.90000004,龙芯中科
2025-01-09,sh688047,123.95,125.87,122.73,122.81,2655260,326092480.6,龙芯中科
2025-01-10,sh688047,122.5,128.3,122.03,123.0,4779505,587879115.0,龙芯中科
2025-01-13,sh688047,120.85,123.89,119.68,122.19,2918593,356622878.67,龙芯中科
2025-01-14,sh688047,123.3,126.57,121.2,126.56,4009903,507493323.68,龙芯中科
2025-01-15,sh688047,126.0,127.96,124.26,124.74,3278383,408945495.41999996,龙芯中科
2025-01-16,sh688047,125.8,127.58,121.5,123.71,3733134,461826007.14,龙芯中科
2025-01-17,sh688047,122.57,127.59,121.52,125.62,3953264,496609023.68,龙芯中科
2025-01-20,sh688047,123.68,125.95,123.68,124.88,3176873,396727900.24,龙芯中科
2025-01-21,sh688047,126.0,126.0,122.22,123.33,2609762,321861947.46,龙芯中科
2025-01-22,sh688047,121.96,121.96,116.0,118.35,5908488,699269554.8,龙芯中科
2025-01-23,sh688047,119.4,126.38,118.8,121.7,5590853,680406810.1,龙芯中科
2025-01-24,sh688047,121.88,122.89,119.55,120.63,4144673,499971903.99,龙芯中科
2025-01-27,sh688047,121.15,122.0,116.8,116.88,2886133,337331225.03999996,龙芯中科
2025-02-05,sh688047,119.92,123.99,117.7,121.54,5157322,626820915.88,龙芯中科
2025-02-06,sh688047,121.21,136.12,120.5,132.98,8625159,1146973643.82,龙芯中科
2025-02-07,sh688047,132.1,137.34,129.7,131.7,7688049,1012516053.3,龙芯中科
2025-02-10,sh688047,136.88,141.21,135.0,138.69,8975563,1244820832.47,龙芯中科
2025-02-11,sh688047,138.33,139.18,133.6,135.16,5522700,746448132.0,龙芯中科
2025-02-12,sh688047,134.51,137.2,133.18,135.16,5152570,696421361.1999999,龙芯中科
2025-02-13,sh688047,135.3,135.79,129.63,130.01,4807809,625063248.0899999,龙芯中科
2025-02-14,sh688047,130.6,135.8,129.3,133.2,4581907,610310012.4,龙芯中科
2025-02-17,sh688047,134.0,136.26,130.09,131.6,5019883,660616602.8,龙芯中科
2025-02-18,sh688047,131.8,134.2,127.77,128.93,4372693,563771308.49,龙芯中科
2025-02-19,sh688047,129.0,132.17,127.58,131.46,4661532,612804996.72,龙芯中科
2025-02-20,sh688047,131.37,131.88,128.03,130.2,4160635,541714677.0,龙芯中科
2025-02-21,sh688047,130.9,138.99,129.88,136.65,9164980,1252394517.0,龙芯中科
2025-02-24,sh688047,136.11,139.78,134.21,138.88,7813904,1085194987.52,龙芯中科
2025-02-25,sh688047,137.0,145.0,136.1,139.97,8110584,1135238442.48,龙芯中科
2025-02-26,sh688047,141.4,146.0,138.0,143.95,8032987,1156348478.6499999,龙芯中科
2025-02-27,sh688047,143.25,146.49,136.75,140.05,7593869,1063521353.45,龙芯中科
2025-02-28,sh688047,139.5,139.5,131.32,132.58,6199061,821871507.3800001,龙芯中科
2025-03-03,sh688047,133.88,135.69,132.0,133.25,3474779,463014301.75,龙芯中科
2025-03-04,sh688047,131.01,145.36,131.0,141.7,8017301,1136051551.6999998,龙芯中科
2025-03-05,sh688047,140.98,140.98,134.65,136.83,5933248,811846323.84,龙芯中科
2025-03-06,sh688047,138.0,140.99,136.88,139.0,5239935,728350965.0,龙芯中科
2025-03-07,sh688047,138.0,138.27,133.88,134.6,4253741,572553538.6,龙芯中科
2025-03-10,sh688047,134.31,137.49,133.02,136.44,3388229,462289964.76,龙芯中科
2025-03-11,sh688047,134.0,138.68,134.0,137.3,3318683,455655175.90000004,龙芯中科
2025-03-12,sh688047,137.3,139.0,135.1,135.1,3127679,422549432.9,龙芯中科
2025-03-13,sh688047,135.88,137.5,133.55,136.0,3235214,439989104.0,龙芯中科
2025-03-14,sh688047,136.05,138.41,135.5,137.86,3357080,462807048.8000001,龙芯中科
2025-03-17,sh688047,138.0,138.0,135.8,136.94,2362539,323526090.65999997,龙芯中科
2025-03-18,sh688047,136.5,138.98,136.02,136.32,2214734,301912538.88,龙芯中科
2025-03-19,sh688047,135.11,135.53,132.43,132.97,2821596,375187620.12,龙芯中科
2025-03-20,sh688047,132.6,133.75,128.5,128.5,3527760,453317160.0,龙芯中科
2025-03-21,sh688047,128.0,128.5,124.17,124.79,2924247,364916783.13,龙芯中科
2025-03-24,sh688047,124.85,126.99,124.31,126.35,2351915,297164460.25,龙芯中科
2025-03-25,sh688047,126.11,126.95,124.58,125.94,1463957,184370744.57999998,龙芯中科
2025-03-26,sh688047,125.78,126.6,124.01,124.05,1606115,199238565.75,龙芯中科
2025-03-27,sh688047,124.05,126.88,123.0,125.22,1705467,213558577.74,龙芯中科
2025-03-28,sh688047,125.0,126.35,123.65,123.65,1221730,151066914.5,龙芯中科
2025-03-31,sh688047,123.12,125.1,122.7,124.58,1307789,162924353.62,龙芯中科
2025-04-01,sh688047,125.19,128.88,125.0,126.66,1886514,238945863.23999998,龙芯中科
2025-04-02,sh688047,126.71,127.89,125.3,126.0,1173220,147825720.0,龙芯中科
2025-04-03,sh688047,127.05,130.45,125.05,129.75,2448682,317716489.5,龙芯中科
2025-04-07,sh688047,126.8,134.0,117.14,122.12,6333601,773459354.12,龙芯中科
2025-04-08,sh688047,124.9,127.8,122.48,126.5,4305866,544692049.0,龙芯中科
2025-04-09,sh688047,124.89,143.5,124.5,137.65,8598287,1183554205.55,龙芯中科
2025-04-10,sh688047,137.0,139.9,135.59,136.11,4926482,670543465.0200001,龙芯中科
2025-04-11,sh688047,135.1,146.83,135.02,143.41,8985862,1288662469.42,龙芯中科
2025-04-14,sh688047,142.39,143.6,139.03,141.52,4535849,641913350.48,龙芯中科
2025-04-15,sh688047,140.5,141.15,137.69,138.4,3697863,511784239.20000005,龙芯中科
2025-04-16,sh688047,139.5,140.0,135.68,137.65,2773953,381834630.45,龙芯中科
2025-04-17,sh688047,136.83,139.39,136.1,136.1,2657293,361657577.3,龙芯中科
2025-04-18,sh688047,135.9,140.98,135.68,139.1,3146702,437706248.2,龙芯中科
2025-04-21,sh688047,138.92,139.66,136.63,137.11,2451872,336176169.92,龙芯中科
2025-04-22,sh688047,136.79,136.98,134.6,136.08,2125006,289170816.48,龙芯中科
2025-04-23,sh688047,136.69,136.98,133.08,133.43,2484809,331548064.87,龙芯中科
2025-04-24,sh688047,133.14,135.83,132.71,133.13,2016127,268406987.51,龙芯中科
2025-04-25,sh688047,133.13,133.89,131.38,132.5,1793272,237608540.0,龙芯中科
2025-04-28,sh688047,132.18,135.5,132.0,134.16,1464643,196496504.88,龙芯中科
2025-04-29,sh688047,129.82,129.82,125.0,127.7,2824819,360729386.3,龙芯中科
2025-04-30,sh688047,127.5,131.5,127.5,129.79,2144295,278308048.05,龙芯中科
2025-05-06,sh688047,130.63,132.98,130.02,132.24,1868689,247115433.36,龙芯中科
2025-05-07,sh688047,133.2,134.5,131.31,132.0,1781173,235114836.0,龙芯中科
2025-05-08,sh688047,131.45,132.58,131.12,132.0,1178193,155521476.0,龙芯中科
2025-05-09,sh688047,131.9,132.45,128.36,129.64,1779533,230698658.11999997,龙芯中科
2025-05-12,sh688047,121.16,125.0,121.16,123.98,3916991,485628544.18,龙芯中科
2025-05-13,sh688047,124.5,124.5,121.59,121.96,1917441,233851104.35999998,龙芯中科
2025-05-14,sh688047,122.86,123.37,121.71,122.63,1570712,192616412.56,龙芯中科
2025-05-15,sh688047,122.05,122.92,121.5,122.0,997751,121725622.0,龙芯中科
2025-05-16,sh688047,122.0,122.64,120.64,121.0,1113024,134675904.0,龙芯中科
2025-05-19,sh688047,121.6,123.3,121.2,123.09,1263811,155562495.99,龙芯中科
2025-05-20,sh688047,123.06,123.27,122.22,122.35,925191,113197118.85,龙芯中科
2025-05-21,sh688047,122.35,122.35,119.02,122.0,1687427,205866094.0,龙芯中科
2025-05-22,sh688047,121.43,123.69,120.8,122.61,1440729,176647782.69,龙芯中科
2025-05-23,sh688047,122.1,122.86,120.4,120.4,1121027,134971650.8,龙芯中科
2025-05-26,sh688047,123.1,126.5,123.1,124.78,2801362,349553950.36,龙芯中科
2025-05-27,sh688047,124.0,125.99,123.48,124.96,1346625,168274260.0,龙芯中科
2025-05-28,sh688047,125.24,125.75,122.39,123.19,1105294,136161167.85999998,龙芯中科
2025-05-29,sh688047,123.02,124.88,122.01,124.88,1359900,169824312.0,龙芯中科
2025-05-30,sh688047,124.02,129.46,122.87,129.46,2173579,281391537.34000003,龙芯中科
2025-06-03,sh688047,129.46,133.98,128.01,132.05,4742745,626279477.25,龙芯中科
2025-06-04,sh688047,131.46,132.5,129.7,130.26,2589291,337281045.65999997,龙芯中科
2025-06-05,sh688047,130.87,131.0,129.4,130.0,2508985,326168050.0,龙芯中科
2025-06-06,sh688047,129.89,130.5,126.81,129.97,2665859,346481694.23,龙芯中科
2025-06-09,sh688047,129.51,131.24,128.52,130.8,2511771,328539646.8,龙芯中科
2025-06-10,sh688047,130.9,130.9,124.27,125.44,3234663,405756126.71999997,龙芯中科
2025-06-11,sh688047,125.01,125.89,123.03,123.11,2432266,299436267.26,龙芯中科
2025-06-12,sh688047,122.65,123.49,121.8,121.99,2640359,322097394.40999997,龙芯中科
2025-06-13,sh688047,122.0,123.46,120.06,123.12,8004891,985562179.9200001,龙芯中科
2025-06-16,sh688047,122.11,122.11,120.22,120.71,2298018,277393752.78,龙芯中科
2025-06-17,sh688047,120.45,121.3,118.05,118.95,1720878,204698438.1,龙芯中科
2025-06-18,sh688047,118.94,120.11,118.55,119.46,1204113,143843338.98,龙芯中科
2025-06-19,sh688047,119.35,121.4,119.02,120.65,1565069,188825574.85,龙芯中科
2025-06-20,sh688047,120.06,121.98,119.5,120.76,1211265,146272361.4,龙芯中科
2025-06-23,sh688047,121.0,121.46,118.8,120.6,1544584,186276830.4,龙芯中科
2025-06-24,sh688047,120.8,123.58,120.31,122.89,1995766,245259683.74,龙芯中科
2025-06-25,sh688047,123.51,124.1,121.68,124.1,2068287,256674416.7,龙芯中科
2025-06-26,sh688047,124.29,125.38,122.35,122.41,2479260,303486216.59999996,龙芯中科
2025-06-27,sh688047,146.88,146.89,137.01,139.01,15121064,2101979106.6399999,龙芯中科
2025-06-30,sh688047,137.97,141.31,133.18,133.39,10232573,1364922912.4699998,龙芯中科
2025-07-01,sh688047,133.01,149.42,133.01,141.97,12241853,1737975870.41,龙芯中科
2025-07-02,sh688047,142.97,144.24,139.08,139.08,7045881,979941129.4800001,龙芯中科
2025-07-03,sh688047,139.0,139.98,134.3,134.94,5703374,769613287.56,龙芯中科
2025-07-04,sh688047,134.0,136.97,132.7,132.95,4481068,595757990.5999999,龙芯中科
2025-07-07,sh688047,134.07,136.36,132.8,134.35,3338747,448560659.45,龙芯中科
2025-07-08,sh688047,134.2,134.76,132.78,134.69,3896238,524784296.21999997,龙芯中科
2025-07-09,sh688047,134.0,134.39,131.38,131.6,3520453,463291614.79999995,龙芯中科
2025-07-10,sh688047,131.56,132.87,130.82,131.95,1972190,260230470.49999997,龙芯中科
2025-07-11,sh688047,131.41,133.86,131.13,133.0,3064588,407590204.0,龙芯中科
2025-07-14,sh688047,133.02,134.28,131.65,133.15,2069228,275517708.2,龙芯中科
2025-07-15,sh688047,133.0,133.59,130.81,131.21,2576576,338072536.96000004,龙芯中科
2025-07-16,sh688047,131.6,132.89,130.11,131.98,2797802,369253907.96,龙芯中科
2025-07-17,sh688047,131.4,131.7,129.66,131.29,3239348,425293998.91999996,龙芯中科
2025-07-18,sh688047,131.03,131.99,130.5,130.8,2293949,300048529.20000005,龙芯中科
2025-07-21,sh688047,131.8,131.97,130.1,130.81,2165821,283311045.01,龙芯中科
2025-07-22,sh688047,130.33,131.78,130.23,130.5,2699509,352285924.5,龙芯中科
2025-07-23,sh688047,130.52,131.91,129.1,130.56,3575084,466762967.04,龙芯中科
2025-07-24,sh688047,130.7,131.88,130.2,131.49,2648614,348266254.86,龙芯中科
2025-07-25,sh688047,131.49,136.72,130.6,135.48,5424630,734928872.4,龙芯中科
2025-07-28,sh688047,135.19,135.2,133.12,133.78,3213982,429966511.96,龙芯中科
2025-07-29,sh688047,133.43,136.68,132.6,135.0,3984674,537930990.0,龙芯中科
2025-07-30,sh688047,134.7,134.7,130.45,131.05,3649353,478247710.65000004,龙芯中科
2025-07-31,sh688047,130.33,134.55,129.99,131.22,5055230,663347280.6,龙芯中科
2025-08-01,sh688047,131.36,133.55,129.8,130.3,2919397,380397429.1,龙芯中科
2025-08-04,sh688047,130.31,131.27,129.65,130.62,2300240,300457348.8,龙芯中科
2025-08-05,sh688047,130.55,130.56,128.3,129.29,3650129,471925178.40999997,龙芯中科
2025-08-06,sh688047,129.0,130.1,128.59,129.5,2664679,345075930.5,龙芯中科
2025-08-07,sh688047,129.21,131.74,127.0,129.8,4808310,624118638.0,龙芯中科
2025-08-08,sh688047,129.0,129.0,125.53,125.56,4984062,625798824.72,龙芯中科
2025-08-11,sh688047,125.2,126.99,125.16,126.17,2728639,344272382.63,龙芯中科
2025-08-12,sh688047,126.72,130.5,125.61,128.28,5919972,759414008.16,龙芯中科
2025-08-13,sh688047,127.48,128.45,126.63,127.9,4320779,552627634.1,龙芯中科
2025-08-14,sh688047,128.01,135.86,128.01,130.32,9585939,1249239570.48,龙芯中科
2025-08-15,sh688047,129.79,134.18,127.79,132.38,6352227,840907810.26,龙芯中科
2025-08-18,sh688047,132.84,134.34,131.08,133.23,6526372,869508541.56,龙芯中科
2025-08-19,sh688047,133.23,135.84,131.01,132.34,5900985,780936354.9,龙芯中科
2025-08-20,sh688047,131.5,136.55,131.09,135.68,7777142,1055202626.5600001,龙芯中科
2025-08-21,sh688047,135.43,138.86,133.41,134.06,6630637,888903196.22,龙芯中科
2025-08-22,sh688047,136.18,145.62,135.8,143.85,14078778,2025232215.3,龙芯中科
2025-08-25,sh688047,145.99,153.37,142.2,145.55,13241951,1927365968.0500002,龙芯中科
2025-08-26,sh688047,143.0,144.54,141.0,142.43,7135843,1016358118.49,龙芯中科
2025-08-27,sh688047,143.2,148.78,142.02,142.13,10972639,1559541181.07,龙芯中科
2025-08-28,sh688047,140.0,153.8,138.38,150.1,14712964,2208415896.4,龙芯中科
2025-08-29,sh688047,147.0,147.0,140.78,142.6,10655597,1519488132.2,龙芯中科
2025-09-01,sh688047,144.01,147.49,141.2,144.86,9494989,1375444106.5400002,龙芯中科
2025-09-02,sh688047,143.1,145.0,136.5,137.33,8766897,1203957965.01,龙芯中科
2025-09-03,sh688047,137.35,139.09,132.9,133.8,5912902,791146287.6,龙芯中科
2025-09-04,sh688047,133.33,134.12,123.77,125.61,9027218,1133908852.98,龙芯中科
2025-09-05,sh688047,125.71,127.64,123.77,127.16,5675379,721681193.64,龙芯中科
2025-09-08,sh688047,126.26,127.21,124.6,126.17,5633235,710745259.95,龙芯中科
2025-09-09,sh688047,125.7,126.3,123.21,123.8,4430963,548553219.4,龙芯中科
2025-09-10,sh688047,124.35,125.2,123.65,123.91,3994343,494939041.13,龙芯中科
2025-09-11,sh688047,123.9,130.0,123.11,129.44,8168066,1057274463.04,龙芯中科
2025-09-12,sh688047,128.4,131.98,128.0,130.0,7595340,987394200.0,龙芯中科
2025-09-15,sh688047,132.0,132.78,129.08,130.2,5883062,765974672.4,龙芯中科
2025-09-16,sh688047,135.0,156.24,134.1,149.59,22215952,3323284259.6800003,龙芯中科
2025-09-17,sh688047,146.0,147.0,141.9,143.41,14115159,2024254952.19,龙芯中科
2025-09-18,sh688047,146.78,152.87,142.45,145.0,16027378,2323969810.0,龙芯中科
2025-09-19,sh688047,150.8,154.5,145.6,146.1,11403603,1666066398.3,龙芯中科
2025-09-22,sh688047,145.0,160.4,142.1,157.15,17102115,2687597372.25,龙芯中科
2025-09-23,sh688047,155.55,161.4,152.0,159.0,14598444,2321152596.0,龙芯中科
2025-09-24,sh688047,158.21,167.0,156.5,162.42,14616180,2373959955.6,龙芯中科
2025-09-25,sh688047,161.42,164.0,159.68,160.2,9095709,1457132581.8,龙芯中科
2025-09-26,sh688047,159.95,164.4,154.77,154.86,9565804,1481360407.44,龙芯中科
2025-09-29,sh688047,156.5,160.6,153.02,157.98,7777686,1228718834.28,龙芯中科
2025-09-30,sh688047,159.0,160.64,156.4,157.8,6930611,1093650415.8000002,龙芯中科
2025-10-09,sh688047,158.0,162.09,156.82,158.29,9535508,1509375561.32,龙芯中科
2025-10-10,sh688047,156.0,156.0,144.4,145.32,11486277,1669185773.6399999,龙芯中科
2025-10-13,sh688047,140.01,154.3,140.01,151.61,9701796,1470889291.5600002,龙芯中科
2025-10-14,sh688047,151.74,153.0,146.0,147.48,6914161,1019700464.28,龙芯中科
2025-10-15,sh688047,147.05,148.0,143.8,146.5,5311591,778148081.5,龙芯中科
2025-10-16,sh688047,146.5,146.5,142.06,142.63,4688186,668675969.18,龙芯中科
2025-10-17,sh688047,142.84,143.19,135.15,135.35,5661743,766316915.05,龙芯中科
2025-10-20,sh688047,137.05,138.23,133.9,134.91,4640195,626008707.4499999,龙芯中科
2025-10-21,sh688047,135.7,138.0,134.12,137.8,4626718,637561740.4000001,龙芯中科
2025-10-22,sh688047,136.5,139.08,134.84,136.68,3823905,522651335.40000004,龙芯中科
2025-10-23,sh688047,136.68,136.9,133.6,136.2,3230468,439989741.59999996,龙芯中科
2025-10-24,sh688047,137.88,140.88,136.55,140.51,5863720,823911297.1999999,龙芯中科
2025-10-27,sh688047,141.5,142.59,138.86,140.79,5480446,771591992.3399999,龙芯中科
2025-10-28,sh688047,140.0,144.68,139.15,141.95,5607963,796050347.8499999,龙芯中科
2025-10-29,sh688047,139.62,141.88,138.8,140.49,5298478,744383174.22,龙芯中科
2025-10-30,sh688047,140.93,144.8,138.18,139.62,5828963,813839814.0600001,龙芯中科
2025-10-31,sh688047,138.89,140.25,136.5,137.93,4527331,624454764.83,龙芯中科
2025-11-03,sh688047,137.3,137.32,133.6,135.64,4239864,575095152.9599999,龙芯中科
2025-11-04,sh688047,135.9,136.48,133.4,134.13,2597360,348383896.8,龙芯中科
2025-11-05,sh688047,132.78,133.81,131.6,132.64,2834608,375982405.11999995,龙芯中科
2025-11-06,sh688047,134.38,137.38,133.88,136.61,3990803,545183597.83,龙芯中科
2025-11-07,sh688047,135.21,135.65,133.06,133.68,2862419,382648171.92,龙芯中科
2025-11-10,sh688047,134.99,135.47,131.85,132.65,3134166,415747119.90000004,龙芯中科
2025-11-11,sh688047,133.99,134.8,132.66,132.99,2669614,355031965.86,龙芯中科
2025-11-12,sh688047,133.22,133.22,130.0,131.18,2657566,348619507.88,龙芯中科
2025-11-13,sh688047,130.74,132.88,130.0,132.35,2440233,322964837.55,龙芯中科
2025-11-14,sh688047,131.35,132.19,129.2,129.2,2470554,319195576.79999995,龙芯中科
2025-11-17,sh688047,129.5,130.71,128.88,130.39,1898218,247508645.01999998,龙芯中科
2025-11-18,sh688047,130.0,131.37,129.5,130.25,2253914,293572298.5,龙芯中科
2025-11-19,sh688047,130.0,130.64,128.0,129.9,2441132,317103046.8,龙芯中科
2025-11-20,sh688047,130.8,131.0,128.0,128.0,1887421,241589888.0,龙芯中科
2025-11-21,sh688047,126.51,129.98,125.6,126.45,3550457,448955287.65000004,龙芯中科
2025-11-24,sh688047,127.01,130.48,125.67,130.0,2961055,384937150.0,龙芯中科
2025-11-25,sh688047,130.52,133.21,129.5,130.52,2947248,384674808.96000004,龙芯中科
2025-11-26,sh688047,130.5,132.38,129.58,131.66,3091947,407085742.02,龙芯中科
2025-11-27,sh688047,131.94,133.6,130.51,130.77,3141222,410777600.94000006,龙芯中科
2025-11-28,sh688047,130.3,132.55,129.81,132.25,2259094,298765181.5,龙芯中科
2025-12-01,sh688047,132.96,134.96,131.88,134.69,3218612,433514850.28,龙芯中科
2025-12-02,sh688047,134.3,134.58,131.2,132.14,2530146,334333492.43999994,龙芯中科
2025-12-03,sh688047,131.95,132.34,130.0,130.7,1980261,258820112.7,龙芯中科
2025-12-04,sh688047,130.3,132.99,129.01,132.6,2452935,325259181.0,龙芯中科
2025-12-05,sh688047,132.0,133.59,129.23,131.85,2603360,343253016.0,龙芯中科
2025-12-08,sh688047,131.85,133.42,131.03,133.0,2681203,356599999.0,龙芯中科
2025-12-09,sh688047,132.21,133.8,131.54,132.46,2414006,319759234.76,龙芯中科
2025-12-10,sh688047,132.0,134.48,130.0,134.37,3498536,470098282.32,龙芯中科
2025-12-11,sh688047,133.78,138.83,133.02,136.0,5284812,718734432.0,龙芯中科
2025-12-12,sh688047,135.87,147.1,133.47,145.4,12315569,1790683732.6000001,龙芯中科
2025-12-15,sh688047,143.0,146.08,142.48,143.3,3795261,543860901.3000001,龙芯中科
2025-12-16,sh688047,143.18,147.77,142.35,143.15,4546572,650841781.8000001,龙芯中科
2025-12-17,sh688047,141.5,143.08,138.0,142.19,4229656,601414786.64,龙芯中科
2025-12-18,sh688047,140.99,142.4,139.38,139.38,2524421,351853798.97999996,龙芯中科
2025-12-19,sh688047,139.72,141.3,138.7,140.28,2348600,329461608.0,龙芯中科
2025-12-22,sh688047,137.96,138.2,135.67,136.63,4662647,637057459.61,龙芯中科
2025-12-23,sh688047,136.64,137.75,134.95,135.7,2861422,388294965.4,龙芯中科
2025-12-24,sh688047,136.0,137.39,134.98,137.3,2489891,341862034.3,龙芯中科
2025-12-25,sh688047,136.91,138.11,135.8,136.35,2298182,313357115.7,龙芯中科
2025-12-26,sh688047,135.9,136.28,133.85,133.97,2971891,398144237.27,龙芯中科
2025-12-29,sh688047,133.77,135.7,133.18,133.65,2523003,337199350.95,龙芯中科
2025-12-30,sh688047,133.25,134.29,132.38,133.0,2404729,319828957.0,龙芯中科
2025-12-31,sh688047,132.85,133.85,131.05,132.11,2040636,269588421.96000004,龙芯中科
2026-01-05,sh688047,133.01,135.17,132.91,135.17,3563633,481696272.60999995,龙芯中科
2026-01-06,sh688047,135.81,136.9,134.65,136.14,3479673,473722682.21999997,龙芯中科
2026-01-07,sh688047,136.14,138.5,135.35,137.26,4190371,575170323.4599999,龙芯中科
2026-01-08,sh688047,137.52,141.98,136.36,139.5,5281706,736797987.0,龙芯中科
2026-01-09,sh688047,138.2,140.3,137.76,139.99,4298189,601703478.11,龙芯中科
2026-01-12,sh688047,139.99,164.17,139.76,162.5,15810823,2569258737.5,龙芯中科
2026-01-13,sh688047,160.0,160.8,147.9,148.3,9970999,1478699151.7,龙芯中科
2026-01-14,sh688047,150.78,172.51,150.56,163.85,19674667,3223694187.95,龙芯中科
2026-01-15,sh688047,160.96,166.15,150.43,152.45,11739136,1789631283.1999998,龙芯中科
2026-01-16,sh688047,148.23,150.5,143.0,145.04,12995535,1884872396.3999999,龙芯中科
2026-01-19,sh688047,144.88,149.53,141.9,146.7,10078521,1478519030.6999998,龙芯中科
2026-01-20,sh688047,150.44,159.85,146.8,148.1,13658212,2022781197.1999998,龙芯中科
2026-01-21,sh688047,153.04,177.72,153.04,177.72,13064280,2321783841.6,龙芯中科
2026-01-22,sh688047,198.0,203.05,185.0,193.38,29627096,5729287824.48,龙芯中科
2026-01-23,sh688047,185.86,194.8,178.52,193.0,24142757,4659552101.0,龙芯中科
2026-01-26,sh688047,188.0,199.89,176.11,177.8,17985178,3197764648.4,龙芯中科
2026-01-27,sh688047,176.22,183.12,171.25,181.72,15417806,2801723706.32,龙芯中科
2026-01-28,sh688047,181.0,183.5,172.2,173.98,12718684,2212796642.3199997,龙芯中科
2026-01-29,sh688047,177.0,180.8,167.9,168.08,12367941,2078803523.2800002,龙芯中科
2026-01-30,sh688047,166.9,170.69,163.03,167.29,10158512,1699417472.48,龙芯中科
2026-02-02,sh688047,166.0,167.09,159.8,159.8,8036914,1284298857.2,龙芯中科
2026-02-03,sh688047,164.16,165.18,159.21,164.7,7834775,1290387442.5,龙芯中科
2026-02-04,sh688047,161.45,161.45,153.98,156.4,8852011,1384454520.4,龙芯中科
2026-02-05,sh688047,153.1,155.8,152.8,154.28,4572993,705521360.04,龙芯中科
2026-02-06,sh688047,152.32,159.35,150.13,158.2,7709456,1219635939.1999998,龙芯中科
2026-02-09,sh688047,160.31,167.77,155.81,162.65,11259509,1831359138.8500001,龙芯中科
2026-02-10,sh688047,159.83,165.98,158.52,158.94,7500880,1192189867.2,龙芯中科
2026-02-11,sh688047,158.0,160.19,156.58,157.0,4551837,714638409.0,龙芯中科
2026-02-12,sh688047,157.0,161.89,154.88,161.0,7755090,1248569490.0,龙芯中科
2026-02-13,sh688047,159.09,162.9,158.09,158.51,5807413,920533034.63,龙芯中科
2026-02-24,sh688047,161.0,161.09,154.16,157.79,5986646,944632872.3399999,龙芯中科
2026-02-25,sh688047,158.8,161.99,156.01,160.0,6450657,1032105120.0,龙芯中科
2026-02-26,sh688047,160.0,160.0,154.47,157.35,8660755,1362769799.25,龙芯中科
2026-02-27,sh688047,155.4,160.99,154.12,158.73,7121085,1130329822.05,龙芯中科
2026-03-02,sh688047,155.88,158.46,152.75,154.3,7304855,1127139126.5,龙芯中科
2026-03-03,sh688047,155.1,155.5,144.0,144.47,8166524,1179817722.28,龙芯中科
2026-03-04,sh688047,143.0,146.38,141.48,142.15,5637507,801371620.0500001,龙芯中科
2026-03-05,sh688047,145.66,146.6,143.6,144.59,4358215,630154306.85,龙芯中科
2026-03-06,sh688047,143.78,149.96,142.6,149.96,5548376,832034464.96,龙芯中科
2026-03-09,sh688047,153.28,162.8,150.23,160.3,17469751,2800401085.3,龙芯中科
2026-03-10,sh688047,160.45,160.45,154.22,157.0,12119025,1902686925.0,龙芯中科
2026-03-11,sh688047,156.0,157.85,151.94,151.97,7599197,1154849968.09,龙芯中科
2026-03-12,sh688047,151.68,155.44,148.0,149.33,6252144,933632663.5200001,龙芯中科
2026-03-13,sh688047,147.29,148.47,143.6,145.15,6481595,940803514.25,龙芯中科
2026-03-16,sh688047,145.6,155.5,141.67,155.5,10017869,1557778629.5,龙芯中科
2026-03-17,sh688047,153.08,154.0,144.87,145.03,7748247,1123728262.41,龙芯中科
2026-03-18,sh688047,145.08,148.77,145.08,147.65,5269579,778053339.35,龙芯中科
2026-03-19,sh688047,145.0,146.38,144.0,144.4,4014640,579714016.0,龙芯中科
2026-03-20,sh688047,145.3,145.48,138.91,138.91,5433981,754834300.71,龙芯中科
2026-03-23,sh688047,135.64,137.74,131.8,132.57,5478262,726253193.3399999,龙芯中科
2026-03-24,sh688047,135.02,136.83,133.1,136.02,4141096,563271877.9200001,龙芯中科
2026-03-25,sh688047,136.02,142.47,135.8,138.85,6338109,880046434.65,龙芯中科
2026-03-26,sh688047,145.0,145.2,138.73,139.73,6069961,848155650.53,龙芯中科
2026-03-27,sh688047,134.0,139.01,133.9,137.55,5028013,691603188.1500001,龙芯中科
2026-03-30,sh688047,135.2,135.89,133.02,134.55,3653109,491525815.95000005,龙芯中科
2026-03-31,sh688047,134.03,135.33,130.51,130.55,3707160,483969738.00000006,龙芯中科
2026-04-01,sh688047,133.5,134.45,132.21,133.38,3545886,472950274.68,龙芯中科
2026-04-02,sh688047,132.83,132.83,127.61,128.36,3950141,507040098.76000005,龙芯中科
2026-04-03,sh688047,128.88,129.67,127.06,127.08,3002600,381570408.0,龙芯中科
2026-04-07,sh688047,127.28,129.49,126.97,127.11,2973790,377998446.9,龙芯中科
2026-04-08,sh688047,130.84,133.56,130.28,133.48,5893059,786605515.3199999,龙芯中科
2026-04-09,sh688047,131.66,135.11,131.02,132.36,5170374,684350702.6400001,龙芯中科
2026-04-10,sh688047,134.38,136.58,132.87,133.2,5793229,771658102.8,龙芯中科
2026-04-13,sh688047,133.05,142.1,133.05,138.0,9343910,1289459580.0,龙芯中科
2026-04-14,sh688047,138.99,144.02,138.06,141.9,8970597,1272927714.3,龙芯中科
2026-04-15,sh688047,142.0,145.72,140.23,141.7,8060822,1142218477.3999999,龙芯中科
2026-04-16,sh688047,141.96,143.2,139.98,141.58,5698732,806826476.5600001,龙芯中科
2026-04-17,sh688047,146.5,149.68,144.6,144.77,9678891,1401213050.0700002,龙芯中科
2026-04-20,sh688047,144.99,147.67,143.64,143.96,6216167,894879401.32,龙芯中科
2026-04-21,sh688047,143.0,143.0,138.6,139.77,5947008,831213308.1600001,龙芯中科
2026-04-22,sh688047,139.57,143.48,138.9,142.91,5393383,770768364.53,龙芯中科
2026-04-23,sh688047,147.46,159.75,146.39,150.66,17066355,2571217044.2999997,龙芯中科
2026-04-24,sh688047,162.0,163.46,153.86,153.86,18342123,2822119044.78,龙芯中科
2026-04-27,sh688047,160.0,165.0,157.08,159.31,16175207,2576872227.17,龙芯中科
2026-04-28,sh688047,156.0,162.36,153.8,155.62,11750283,1828579040.46,龙芯中科
2026-04-29,sh688047,151.0,156.85,146.18,155.92,13071866,2038165346.7199998,龙芯中科
2026-04-30,sh688047,158.88,167.88,157.67,166.23,18731477,3113733421.71,龙芯中科
2026-05-06,sh688047,177.5,194.7,177.1,180.91,25842137,4675101004.67,龙芯中科
2026-05-07,sh688047,184.17,188.0,180.0,183.46,16852328,3091728094.88,龙芯中科
2026-05-08,sh688047,179.1,179.8,172.89,173.82,14416146,2505814497.72,龙芯中科
2026-05-11,sh688047,182.5,184.68,178.08,179.1,17426582,3121100836.2,龙芯中科
2026-05-12,sh688047,178.0,184.7,172.3,175.1,17192181,3010350893.1,龙芯中科
2026-05-13,sh688047,169.2,176.19,166.89,175.5,14257463,2502184756.5,龙芯中科
2026-05-14,sh688047,175.18,176.06,165.0,165.02,13321424,2198301388.48,龙芯中科
2024-01-02,sh601138,15.0,15.0,14.03,14.2,128016637,1817836245.3999999,工业富联
2024-01-03,sh601138,14.11,14.24,13.78,13.88,82728790,1148275605.2,工业富联
2024-01-04,sh601138,13.78,13.87,13.35,13.47,103153907,1389483127.29,工业富联
2024-01-05,sh601138,13.45,13.62,13.2,13.3,63396897,843178730.1,工业富联
2024-01-08,sh601138,13.24,13.3,13.05,13.08,58285996,762380827.68,工业富联
2024-01-09,sh601138,13.33,13.58,13.06,13.19,88639975,1169161270.25,工业富联
2024-01-10,sh601138,13.08,13.22,12.83,12.91,69154970,892790662.7,工业富联
2024-01-11,sh601138,12.96,13.19,12.89,13.15,73663267,968671961.0500001,工业富联
2024-01-12,sh601138,13.0,13.11,12.82,12.86,59607234,766549029.24,工业富联
2024-01-15,sh601138,12.8,12.93,12.63,12.72,59544106,757401028.32,工业富联
2024-01-16,sh601138,12.64,13.03,12.64,12.91,102235691,1319862770.81,工业富联
2024-01-17,sh601138,12.87,13.1,12.68,12.68,76542827,970563046.36,工业富联
2024-01-18,sh601138,12.68,13.8,12.68,13.71,222034735,3044096216.8500004,工业富联
2024-01-19,sh601138,13.84,14.47,13.72,14.2,199161081,2828087350.2,工业富联
2024-01-22,sh601138,14.71,14.94,14.2,14.4,214606830,3090338352.0,工业富联
2024-01-23,sh601138,14.05,14.8,14.02,14.5,164723079,2388484645.5,工业富联
2024-01-24,sh601138,14.62,14.76,14.06,14.5,141635778,2053718781.0,工业富联
2024-01-25,sh601138,14.45,15.22,14.31,15.08,165483518,2495491451.44,工业富联
2024-01-26,sh601138,14.83,14.91,14.27,14.41,140558459,2025447394.19,工业富联
2024-01-29,sh601138,14.22,14.41,13.49,13.59,121927739,1656997973.01,工业富联
2024-01-30,sh601138,13.55,13.9,13.48,13.5,75619127,1020858214.5,工业富联
2024-01-31,sh601138,13.3,13.55,13.02,13.31,88463999,1177455826.69,工业富联
2024-02-01,sh601138,13.13,14.64,12.98,14.56,179836047,2618412844.32,工业富联
2024-02-02,sh601138,14.54,14.77,13.55,13.92,159352348,2218184684.16,工业富联
2024-02-05,sh601138,13.88,15.21,13.81,14.77,222610970,3287964026.9,工业富联
2024-02-06,sh601138,14.3,15.89,14.3,15.53,233467121,3625744389.1299996,工业富联
2024-02-07,sh601138,15.27,15.53,15.01,15.3,173795334,2659068610.2000003,工业富联
2024-02-08,sh601138,15.5,16.56,15.2,15.7,187079316,2937145261.2,工业富联
2024-02-19,sh601138,16.7,17.27,16.32,17.27,198838500,3433940895.0,工业富联
2024-02-20,sh601138,17.9,18.99,17.61,18.49,305323162,5645425265.379999,工业富联
2024-02-21,sh601138,17.73,17.86,17.25,17.55,248590873,4362769821.150001,工业富联
2024-02-22,sh601138,18.25,18.57,17.31,18.19,259307114,4716796403.660001,工业富联
2024-02-23,sh601138,18.82,18.95,18.06,18.17,223745878,4065462603.26,工业富联
2024-02-26,sh601138,17.6,18.01,17.51,17.67,176765115,3123439582.05,工业富联
2024-02-27,sh601138,17.59,19.44,17.39,19.33,286375968,5535647461.44,工业富联
2024-02-28,sh601138,19.05,19.29,18.2,18.2,219414506,3993344009.2,工业富联
2024-02-29,sh601138,18.16,19.06,18.08,18.69,182497975,3410887152.75,工业富联
2024-03-01,sh601138,19.05,20.46,19.05,20.02,248116620,4967294732.4,工业富联
2024-03-04,sh601138,20.8,22.02,20.44,22.02,268195145,5905657092.9,工业富联
2024-03-05,sh601138,21.7,24.18,21.53,22.75,309757066,7046973251.5,工业富联
2024-03-06,sh601138,22.07,22.55,21.7,22.01,230257687,5067971690.87,工业富联
2024-03-07,sh601138,22.47,23.21,21.86,22.61,270290678,6111272229.58,工业富联
2024-03-08,sh601138,23.1,24.87,22.66,24.87,285720842,7105877340.54,工业富联
2024-03-11,sh601138,23.68,26.75,23.4,25.82,335970986,8674770858.52,工业富联
2024-03-12,sh601138,25.26,25.48,24.07,24.8,312517653,7750437794.400001,工业富联
2024-03-13,sh601138,25.54,26.98,24.09,24.35,492039964,11981173123.400002,工业富联
2024-03-14,sh601138,22.77,23.27,21.99,22.85,550613186,12581511300.1,工业富联
2024-03-15,sh601138,22.49,23.28,22.46,23.08,358323553,8270107603.24,工业富联
2024-03-18,sh601138,23.45,25.3,23.36,25.01,424813590,10624587885.900002,工业富联
2024-03-19,sh601138,24.4,26.11,24.13,25.51,379137510,9671797880.1,工业富联
2024-03-20,sh601138,25.3,25.83,24.57,25.08,298902628,7496477910.24,工业富联
2024-03-21,sh601138,25.08,25.8,24.74,24.99,269702591,6739867749.089999,工业富联
2024-03-22,sh601138,24.82,25.35,24.11,24.43,260364004,6360692617.72,工业富联
2024-03-25,sh601138,24.85,25.0,23.87,23.91,233972826,5594290269.66,工业富联
2024-03-26,sh601138,24.0,24.3,23.0,23.73,246343859,5845739774.07,工业富联
2024-03-27,sh601138,23.37,23.67,22.36,22.41,237632035,5325333904.35,工业富联
2024-03-28,sh601138,22.42,24.11,22.42,23.45,275641078,6463783279.099999,工业富联
2024-03-29,sh601138,23.14,23.18,22.33,22.77,169352275,3856151301.75,工业富联
2024-04-01,sh601138,22.9,23.5,22.58,23.31,169946005,3961441376.5499997,工业富联
2024-04-02,sh601138,23.24,23.68,22.72,22.9,153855403,3523288728.7,工业富联
2024-04-03,sh601138,22.7,22.74,21.74,21.92,176883711,3877290945.1200004,工业富联
2024-04-08,sh601138,21.7,22.39,21.58,22.0,122388763,2692552786.0,工业富联
2024-04-09,sh601138,22.15,22.16,21.3,21.89,137238781,3004156916.09,工业富联
2024-04-10,sh601138,21.69,21.87,20.93,21.1,123658936,2609203549.6000004,工业富联
2024-04-11,sh601138,21.23,21.65,21.1,21.25,135552814,2880497297.5,工业富联
2024-04-12,sh601138,21.8,22.92,21.71,22.26,254395786,5662850196.360001,工业富联
2024-04-15,sh601138,21.88,22.55,21.7,22.24,149291715,3320247741.6,工业富联
2024-04-16,sh601138,21.53,22.37,21.4,21.81,124388081,2712904046.6099997,工业富联
2024-04-17,sh601138,22.5,22.86,21.74,22.5,204886515,4609946587.5,工业富联
2024-04-18,sh601138,21.86,23.49,21.32,22.9,232648390,5327648131.0,工业富联
2024-04-19,sh601138,22.41,22.5,21.44,22.05,188598619,4158599548.9500003,工业富联
2024-04-22,sh601138,20.38,21.1,19.95,20.84,172316991,3591086092.44,工业富联
2024-04-23,sh601138,21.05,21.19,20.36,20.59,104059777,2142590808.43,工业富联
2024-04-24,sh601138,21.02,22.59,20.92,22.24,223752108,4976246881.92,工业富联
2024-04-25,sh601138,21.66,22.49,21.56,22.19,119937317,2661409064.23,工业富联
2024-04-26,sh601138,23.22,24.41,23.2,24.41,352752382,8610685644.62,工业富联
2024-04-29,sh601138,24.76,24.76,24.17,24.52,256688898,6294011778.96,工业富联
2024-04-30,sh601138,25.3,25.3,24.45,24.5,230537544,5648169828.0,工业富联
2024-05-06,sh601138,25.0,25.3,24.4,24.82,171514799,4256997311.18,工业富联
2024-05-07,sh601138,25.2,25.99,24.67,25.38,240914242,6114403461.96,工业富联
2024-05-08,sh601138,24.74,25.2,24.41,24.46,141192478,3453568011.88,工业富联
2024-05-09,sh601138,24.3,24.5,23.76,24.22,143346770,3471858769.3999996,工业富联
2024-05-10,sh601138,24.0,24.19,23.52,23.92,97463770,2331333378.4,工业富联
2024-05-13,sh601138,23.93,24.34,23.8,24.0,101213563,2429125512.0,工业富联
2024-05-14,sh601138,24.4,24.49,23.46,23.8,114680668,2729399898.4,工业富联
2024-05-15,sh601138,23.88,25.0,23.75,24.3,142504044,3462848269.2000003,工业富联
2024-05-16,sh601138,25.73,26.42,25.41,25.58,241160954,6168897203.32,工业富联
2024-05-17,sh601138,25.2,25.8,25.1,25.7,138735923,3565513221.1,工业富联
2024-05-20,sh601138,25.3,26.23,25.01,26.22,171532187,4497573943.139999,工业富联
2024-05-21,sh601138,25.94,26.2,25.46,25.72,111707843,2873125721.96,工业富联
2024-05-22,sh601138,25.69,25.86,25.19,25.43,98684188,2509538900.84,工业富联
2024-05-23,sh601138,26.0,26.18,24.44,25.62,181848683,4658963258.46,工业富联
2024-05-24,sh601138,25.2,25.9,24.06,24.15,205119477,4953635369.549999,工业富联
2024-05-27,sh601138,24.6,25.32,24.51,24.86,146606162,3644629187.3199997,工业富联
2024-05-28,sh601138,24.65,24.9,24.1,24.12,98564656,2377379502.7200003,工业富联
2024-05-29,sh601138,24.75,24.82,24.1,24.21,90270296,2185443866.16,工业富联
2024-05-30,sh601138,24.0,24.28,23.7,23.94,71018550,1700184087.0,工业富联
2024-05-31,sh601138,23.67,24.08,22.91,22.91,139113217,3187083801.47,工业富联
2024-06-03,sh601138,22.91,24.14,22.9,23.87,155612490,3714470136.3,工业富联
2024-06-04,sh601138,23.87,23.9,23.45,23.79,82107356,1953333999.24,工业富联
2024-06-05,sh601138,23.67,23.97,23.46,23.7,73281583,1736773517.1,工业富联
2024-06-06,sh601138,24.88,26.07,24.88,26.07,297932510,7767100535.7,工业富联
2024-06-07,sh601138,25.85,26.14,23.88,24.53,295697836,7253467917.08,工业富联
2024-06-11,sh601138,24.5,25.05,24.04,24.21,161039103,3898756683.63,工业富联
2024-06-12,sh601138,24.55,25.48,24.31,24.37,193434854,4714007391.9800005,工业富联
2024-06-13,sh601138,24.8,26.59,24.77,25.9,238197880,6169325092.0,工业富联
2024-06-14,sh601138,26.05,27.72,25.84,27.23,228452320,6220756673.6,工业富联
2024-06-17,sh601138,27.07,27.99,26.68,27.51,204393237,5622857949.87,工业富联
2024-06-18,sh601138,27.53,28.91,27.53,28.62,205413036,5878921090.320001,工业富联
2024-06-19,sh601138,29.19,29.27,28.29,28.47,142246265,4049751164.5499997,工业富联
2024-06-20,sh601138,28.47,29.09,28.38,28.61,104347447,2985380458.67,工业富联
2024-06-21,sh601138,27.5,28.74,27.44,28.47,123132060,3505569748.2,工业富联
2024-06-24,sh601138,27.8,28.47,27.32,27.55,113412966,3124527213.3,工业富联
2024-06-25,sh601138,26.76,27.2,26.21,26.44,131710039,3482413431.1600003,工业富联
2024-06-26,sh601138,27.12,27.38,26.45,27.17,119786129,3254589124.9300003,工业富联
2024-06-27,sh601138,26.67,27.25,26.32,26.81,105659504,2832731302.24,工业富联
2024-06-28,sh601138,26.7,27.78,26.69,27.4,115006111,3151167441.3999996,工业富联
2024-07-01,sh601138,27.41,28.19,27.0,28.0,100519731,2814552468.0,工业富联
2024-07-02,sh601138,27.75,27.87,27.26,27.36,90173318,2467141980.48,工业富联
2024-07-03,sh601138,27.15,27.54,26.81,27.38,74022541,2026737172.58,工业富联
2024-07-04,sh601138,27.75,27.85,27.16,27.27,79068697,2156203367.19,工业富联
2024-07-05,sh601138,27.0,27.22,26.36,27.08,88154019,2387210834.52,工业富联
2024-07-08,sh601138,26.87,27.43,26.81,26.96,63942302,1723884461.92,工业富联
2024-07-09,sh601138,27.1,29.18,26.75,29.0,159519849,4626075621.0,工业富联
2024-07-10,sh601138,29.0,29.18,28.42,28.95,102541972,2968590089.4,工业富联
2024-07-11,sh601138,29.45,29.47,27.87,28.76,128407393,3692996622.6800003,工业富联
2024-07-12,sh601138,27.65,27.68,27.2,27.26,129264185,3523741683.1000004,工业富联
2024-07-15,sh601138,27.15,27.32,26.67,26.96,84711831,2283830963.76,工业富联
2024-07-16,sh601138,26.96,27.6,26.36,27.46,126827003,3482669502.38,工业富联
2024-07-17,sh601138,27.06,27.1,25.84,25.95,136061170,3530787361.5,工业富联
2024-07-18,sh601138,24.82,25.46,24.33,25.41,160303630,4073315238.3,工业富联
2024-07-19,sh601138,24.97,25.3,24.55,24.66,115732584,2853965521.44,工业富联
2024-07-22,sh601138,24.49,25.03,24.22,24.91,104301295,2598145258.45,工业富联
2024-07-23,sh601138,25.35,25.45,24.53,24.54,98908835,2427222810.9,工业富联
2024-07-24,sh601138,24.4,25.1,24.16,24.3,88393632,2147965257.6,工业富联
2024-07-25,sh601138,23.5,23.74,23.0,23.2,134603105,3122792036.0,工业富联
2024-07-26,sh601138,23.2,23.66,22.95,23.5,85995527,2020894884.5,工业富联
2024-07-29,sh601138,23.4,24.09,23.17,23.8,97698659,2325228084.2000003,工业富联
2024-07-30,sh601138,23.49,23.6,22.63,22.85,128294872,2931537825.2000003,工业富联
2024-07-31,sh601138,22.76,23.88,22.74,23.84,150300024,3583152572.16,工业富联
2024-08-01,sh601138,24.6,24.78,23.96,23.97,145251146,3481669969.62,工业富联
2024-08-02,sh601138,22.93,23.1,22.25,22.33,181982272,4063664133.7599998,工业富联
2024-08-05,sh601138,21.1,21.52,20.28,20.42,234159896,4781545076.320001,工业富联
2024-08-06,sh601138,21.03,21.23,20.5,20.81,142961573,2975030334.1299996,工业富联
2024-08-07,sh601138,20.6,20.81,20.31,20.4,110934369,2263061127.6,工业富联
2024-08-08,sh601138,20.0,20.59,19.75,20.48,131241616,2687828295.68,工业富联
2024-08-09,sh601138,20.8,21.32,20.61,20.79,172681538,3590049175.02,工业富联
2024-08-12,sh601138,20.51,20.92,20.47,20.64,92680160,1912918502.4,工业富联
2024-08-13,sh601138,20.85,21.05,20.45,20.78,101406585,2107228836.3000002,工业富联
2024-08-14,sh601138,21.2,21.9,21.03,21.38,210949756,4510105783.28,工业富联
2024-08-15,sh601138,20.74,20.9,20.3,20.66,126430976,2612063964.16,工业富联
2024-08-16,sh601138,21.01,21.46,20.98,21.06,151856291,3198093488.46,工业富联
2024-08-19,sh601138,21.0,21.14,20.73,20.78,90504739,1880688476.42,工业富联
2024-08-20,sh601138,21.11,21.18,20.51,20.65,90417976,1867131204.3999999,工业富联
2024-08-21,sh601138,20.3,21.13,20.27,20.77,93709853,1946353646.81,工业富联
2024-08-22,sh601138,20.78,20.79,20.21,20.39,82223637,1676539958.43,工业富联
2024-08-23,sh601138,20.2,20.56,19.99,20.46,82016447,1678056505.6200001,工业富联
2024-08-26,sh601138,20.6,20.7,20.0,20.12,75746267,1524014892.04,工业富联
2024-08-27,sh601138,20.0,20.07,19.66,19.75,73099372,1443712597.0,工业富联
2024-08-28,sh601138,19.6,20.06,19.5,19.77,67886138,1342108948.26,工业富联
2024-08-29,sh601138,19.0,19.33,18.51,19.22,137279810,2638517948.2,工业富联
2024-08-30,sh601138,19.08,20.75,19.07,20.47,192325552,3936904049.4399996,工业富联
2024-09-02,sh601138,20.37,20.37,19.45,19.45,131361234,2554976001.2999997,工业富联
2024-09-03,sh601138,19.34,19.65,19.23,19.44,82296888,1599851502.72,工业富联
2024-09-04,sh601138,18.5,18.98,18.4,18.92,128753525,2436016693.0,工业富联
2024-09-05,sh601138,18.86,19.21,18.71,18.88,81826458,1544883527.04,工业富联
2024-09-06,sh601138,18.87,18.94,18.3,18.36,91816708,1685754758.8799999,工业富联
2024-09-09,sh601138,18.13,18.64,18.1,18.6,86590007,1610574130.2,工业富联
2024-09-10,sh601138,18.6,18.99,18.36,18.82,101561910,1911395146.2,工业富联
2024-09-11,sh601138,18.72,19.08,18.65,18.78,69307085,1301587056.3000002,工业富联
2024-09-12,sh601138,19.39,19.64,18.8,18.84,117994957,2223024989.88,工业富联
2024-09-13,sh601138,18.86,19.59,18.86,19.25,159682046,3073879385.5,工业富联
2024-09-18,sh601138,19.0,19.1,18.57,18.75,81437493,1526952993.75,工业富联
2024-09-19,sh601138,18.87,18.97,18.45,18.85,97736748,1842337699.8000002,工业富联
2024-09-20,sh601138,19.0,19.24,18.73,18.86,90368834,1704356209.24,工业富联
2024-09-23,sh601138,18.65,19.15,18.54,18.71,77052617,1441654464.0700002,工业富联
2024-09-24,sh601138,18.9,20.58,18.88,20.58,257830495,5306151587.099999,工业富联
2024-09-25,sh601138,21.32,21.83,21.01,21.07,245417550,5170947778.5,工业富联
2024-09-26,sh601138,21.11,21.69,20.86,21.66,188815516,4089744076.56,工业富联
2024-09-27,sh601138,22.02,23.0,21.85,23.0,140687552,3235813696.0,工业富联
2024-09-30,sh601138,24.3,25.29,23.5,25.19,279167424,7032227410.56,工业富联
2024-10-08,sh601138,27.71,27.71,25.32,27.71,306561540,8494820273.400001,工业富联
2024-10-09,sh601138,27.7,28.3,25.67,26.0,266582661,6931149186.0,工业富联
2024-10-10,sh601138,26.52,26.68,25.05,25.8,184542632,4761199905.6,工业富联
2024-10-11,sh601138,25.4,25.92,24.12,24.59,145864388,3586805300.92,工业富联
2024-10-14,sh601138,24.54,25.17,23.96,25.16,141380396,3557130763.36,工业富联
2024-10-15,sh601138,25.19,25.75,24.6,24.6,134091798,3298658230.8,工业富联
2024-10-16,sh601138,23.61,24.09,23.19,23.53,135064300,3178062979.0,工业富联
2024-10-17,sh601138,23.77,24.22,23.61,23.71,115279782,2733283631.2200003,工业富联
2024-10-18,sh601138,23.98,26.08,23.98,26.08,242853626,6333622566.08,工业富联
2024-10-21,sh601138,26.81,26.98,25.61,26.2,250042619,6551116617.8,工业富联
2024-10-22,sh601138,26.49,26.78,25.8,26.26,147253825,3866885444.5,工业富联
2024-10-23,sh601138,25.79,26.05,25.25,25.61,123814983,3170901714.63,工业富联
2024-10-24,sh601138,25.16,25.8,24.83,25.35,92148813,2335972409.55,工业富联
2024-10-25,sh601138,25.39,26.05,25.13,25.66,106671706,2737195975.96,工业富联
2024-10-28,sh601138,25.31,25.62,24.89,25.26,108666268,2744909929.6800003,工业富联
2024-10-29,sh601138,25.2,25.98,24.91,25.05,138353273,3465749488.65,工业富联
2024-10-30,sh601138,24.9,25.64,24.54,24.84,121294360,3012951902.4,工业富联
2024-10-31,sh601138,24.5,24.65,23.81,24.25,186721176,4527988518.0,工业富联
2024-11-01,sh601138,23.85,24.36,23.65,23.68,113029928,2676548695.04,工业富联
2024-11-04,sh601138,23.78,24.53,23.78,24.33,109551173,2665380039.0899997,工业富联
2024-11-05,sh601138,24.34,24.99,24.05,24.75,153238285,3792647553.75,工业富联
2024-11-06,sh601138,25.0,25.0,24.03,24.18,156516872,3784577964.96,工业富联
2024-11-07,sh601138,23.96,24.79,23.62,24.64,154901012,3816760935.6800003,工业富联
2024-11-08,sh601138,24.9,27.0,24.9,25.98,331382048,8609305607.04,工业富联
2024-11-11,sh601138,25.3,27.18,25.21,27.01,312967957,8453264518.570001,工业富联
2024-11-12,sh601138,27.01,27.01,25.46,25.72,231145238,5945055521.36,工业富联
2024-11-13,sh601138,25.47,27.14,25.1,26.47,239437201,6337902710.469999,工业富联
2024-11-14,sh601138,26.58,26.6,24.85,24.87,185087000,4603113690.0,工业富联
2024-11-15,sh601138,24.8,25.13,23.9,23.92,151761884,3630144265.28,工业富联
2024-11-18,sh601138,23.92,24.09,23.08,23.24,112267255,2609091006.2,工业富联
2024-11-19,sh601138,23.45,23.88,22.92,23.72,107477550,2549367486.0,工业富联
2024-11-20,sh601138,23.7,24.19,23.7,24.0,114557643,2749383432.0,工业富联
2024-11-21,sh601138,23.6,23.79,23.21,23.43,122915439,2879908735.77,工业富联
2024-11-22,sh601138,23.49,23.96,22.84,22.84,121144968,2766951069.12,工业富联
2024-11-25,sh601138,22.84,22.95,21.7,22.11,128415935,2839276322.85,工业富联
2024-11-26,sh601138,21.89,22.42,21.71,22.09,89667297,1980750590.73,工业富联
2024-11-27,sh601138,21.92,22.42,21.72,22.32,86857473,1938658797.3600001,工业富联
2024-11-28,sh601138,22.32,22.32,21.78,21.85,90815754,1984324224.9,工业富联
2024-11-29,sh601138,21.85,22.7,21.75,22.19,115397302,2560666131.38,工业富联
2024-12-02,sh601138,22.07,22.75,22.07,22.56,122331509,2759798843.04,工业富联
2024-12-03,sh601138,22.68,22.68,22.05,22.24,88129201,1959993430.2399998,工业富联
2024-12-04,sh601138,22.25,22.32,21.8,21.88,96260800,2106186304.0,工业富联
2024-12-05,sh601138,21.92,22.65,21.92,22.54,146716643,3306993133.22,工业富联
2024-12-06,sh601138,22.54,22.67,22.23,22.6,110723650,2502354490.0,工业富联
2024-12-09,sh601138,22.62,22.62,22.0,22.13,93128359,2060930584.6699998,工业富联
2024-12-10,sh601138,22.61,22.8,22.13,22.14,129917418,2876371634.52,工业富联
2024-12-11,sh601138,22.1,22.48,22.03,22.33,93745436,2093335585.8799999,工业富联
2024-12-12,sh601138,22.37,22.65,22.2,22.34,90988819,2032690216.46,工业富联
2024-12-13,sh601138,22.17,22.2,21.3,21.35,165159068,3526146101.8,工业富联
2024-12-16,sh601138,21.2,21.3,20.87,21.06,98816603,2081077659.1799998,工业富联
2024-12-17,sh601138,20.99,22.17,20.92,21.6,183654590,3966939144.0000005,工业富联
2024-12-18,sh601138,21.62,21.7,21.18,21.41,92351552,1977246728.32,工业富联
2024-12-19,sh601138,21.2,22.37,21.11,22.19,182462203,4048836284.57,工业富联
2024-12-20,sh601138,22.03,22.35,21.92,22.02,124979076,2752039253.52,工业富联
2024-12-23,sh601138,22.23,22.64,22.04,22.05,138310381,3049743901.05,工业富联
2024-12-24,sh601138,22.11,23.07,21.8,23.0,210029160,4830670680.0,工业富联
2024-12-25,sh601138,23.03,23.19,22.52,22.72,162508620,3692195846.3999996,工业富联
2024-12-26,sh601138,22.64,23.38,22.42,23.33,195460093,4560083969.69,工业富联
2024-12-27,sh601138,23.16,23.2,22.55,22.61,179613147,4061053253.67,工业富联
2024-12-30,sh601138,22.55,22.75,22.3,22.45,97277049,2183869750.0499997,工业富联
2024-12-31,sh601138,22.46,22.5,21.5,21.5,134445513,2890578529.5,工业富联
2025-01-02,sh601138,21.4,21.4,20.44,20.71,124729946,2583157181.6600003,工业富联
2025-01-03,sh601138,20.64,21.16,20.46,20.55,103765415,2132379278.25,工业富联
2025-01-06,sh601138,20.79,21.05,20.41,20.67,82697727,1709362017.0900002,工业富联
2025-01-07,sh601138,20.81,21.27,20.63,21.25,115191738,2447824432.5,工业富联
2025-01-08,sh601138,20.9,20.91,20.16,20.63,116026270,2393621950.1,工业富联
2025-01-09,sh601138,20.62,20.83,20.46,20.54,76115469,1563411733.26,工业富联
2025-01-10,sh601138,20.49,20.49,19.75,19.75,110387532,2180153757.0,工业富联
2025-01-13,sh601138,19.48,19.86,19.4,19.72,64694739,1275780253.08,工业富联
2025-01-14,sh601138,19.75,20.68,19.48,20.57,134820567,2773259063.19,工业富联
2025-01-15,sh601138,20.5,20.5,20.09,20.14,83278913,1677237307.82,工业富联
2025-01-16,sh601138,20.35,20.99,20.2,20.84,157268995,3277485855.8,工业富联
2025-01-17,sh601138,20.68,21.0,20.5,20.66,102381225,2115196108.5,工业富联
2025-01-20,sh601138,20.91,21.09,20.69,20.77,84717471,1759581872.67,工业富联
2025-01-21,sh601138,20.96,21.6,20.75,21.21,125772325,2667631013.25,工业富联
2025-01-22,sh601138,21.42,23.33,21.41,23.33,399541198,9321296149.34,工业富联
2025-01-23,sh601138,23.81,24.24,23.0,23.0,404504805,9303610515.0,工业富联
2025-01-24,sh601138,22.71,23.5,22.56,23.35,231955256,5416155227.6,工业富联
2025-01-27,sh601138,22.55,22.59,21.39,21.45,254718757,5463717337.65,工业富联
2025-02-05,sh601138,20.56,20.59,19.8,20.0,299566077,5991321540.0,工业富联
2025-02-06,sh601138,20.31,20.57,20.0,20.48,204003961,4178001121.28,工业富联
2025-02-07,sh601138,20.67,21.91,20.59,21.55,289325724,6234969352.2,工业富联
2025-02-10,sh601138,21.66,21.78,21.43,21.72,172621877,3749347168.4399996,工业富联
2025-02-11,sh601138,21.8,22.22,21.73,21.77,153306095,3337473688.15,工业富联
2025-02-12,sh601138,21.72,22.18,21.58,22.15,127206650,2817627297.5,工业富联
2025-02-13,sh601138,22.05,22.18,21.76,21.79,112709628,2455942794.12,工业富联
2025-02-14,sh601138,21.81,22.63,21.81,22.1,154139884,3406491436.4,工业富联
2025-02-17,sh601138,22.46,23.1,22.31,22.9,210038514,4809881970.599999,工业富联
2025-02-18,sh601138,22.9,23.47,22.59,22.68,213604148,4844542076.64,工业富联
2025-02-19,sh601138,22.6,23.64,22.55,23.24,197765185,4596062899.4,工业富联
2025-02-20,sh601138,23.05,23.11,22.58,22.62,148493316,3358918807.92,工业富联
2025-02-21,sh601138,22.87,23.3,22.59,23.2,202636966,4701177611.2,工业富联
2025-02-24,sh601138,23.38,23.96,22.8,23.21,236870254,5497758595.34,工业富联
2025-02-25,sh601138,22.8,23.6,22.72,23.08,191426045,4418113118.599999,工业富联
2025-02-26,sh601138,22.99,22.99,22.34,22.77,167579499,3815785192.23,工业富联
2025-02-27,sh601138,22.9,22.97,21.69,21.96,193584812,4251122471.52,工业富联
2025-02-28,sh601138,21.1,21.39,20.74,21.19,171902150,3642606558.5,工业富联
2025-03-03,sh601138,21.37,21.49,20.85,21.07,105909115,2231505053.05,工业富联
2025-03-04,sh601138,20.39,21.04,20.3,21.04,112727749,2371791838.96,工业富联
2025-03-05,sh601138,21.04,21.14,20.75,21.04,81767743,1720393312.72,工业富联
2025-03-06,sh601138,21.2,21.5,21.11,21.32,139775384,2980011186.88,工业富联
2025-03-07,sh601138,21.13,21.13,20.82,20.87,103057893,2150818226.9100003,工业富联
2025-03-10,sh601138,20.93,21.07,20.76,21.03,71173791,1496784824.73,工业富联
2025-03-11,sh601138,20.61,20.91,20.56,20.82,78743243,1639434319.26,工业富联
2025-03-12,sh601138,20.92,21.1,20.8,20.91,90150381,1885044466.71,工业富联
2025-03-13,sh601138,21.03,21.15,20.61,20.67,89112088,1841946858.96,工业富联
2025-03-14,sh601138,20.81,21.28,20.68,21.26,144783355,3078094127.3,工业富联
2025-03-17,sh601138,21.6,21.77,21.39,21.52,116467322,2506376769.44,工业富联
2025-03-18,sh601138,21.48,21.66,21.31,21.54,91080758,1961879527.32,工业富联
2025-03-19,sh601138,21.4,21.4,20.98,21.02,97197176,2043084639.52,工业富联
2025-03-20,sh601138,21.11,21.16,20.82,20.85,63732456,1328821707.6000001,工业富联
2025-03-21,sh601138,20.78,20.91,20.58,20.63,71449932,1474012097.1599998,工业富联
2025-03-24,sh601138,20.69,20.84,20.51,20.84,65146897,1357661333.48,工业富联
2025-03-25,sh601138,20.79,20.89,20.48,20.51,73463297,1506732221.47,工业富联
2025-03-26,sh601138,20.43,20.55,20.35,20.38,52520747,1070372823.8599999,工业富联
2025-03-27,sh601138,20.21,20.35,19.9,20.22,72460007,1465141341.54,工业富联
2025-03-28,sh601138,20.2,20.29,19.97,19.98,57214140,1143138517.2,工业富联
2025-03-31,sh601138,19.8,19.95,19.68,19.86,63644398,1263977744.28,工业富联
2025-04-01,sh601138,19.95,20.17,19.79,20.02,57477698,1150703513.96,工业富联
2025-04-02,sh601138,19.95,20.18,19.92,20.0,47903170,958063400.0,工业富联
2025-04-03,sh601138,19.65,19.88,19.01,19.05,127476448,2428426334.4,工业富联
2025-04-07,sh601138,17.15,17.15,17.15,17.15,33166200,568800330.0,工业富联
2025-04-08,sh601138,16.29,16.64,15.44,15.44,214740384,3315591528.96,工业富联
2025-04-09,sh601138,14.58,16.5,14.58,16.33,218935510,3575216878.2999997,工业富联
2025-04-10,sh601138,17.9,17.96,17.5,17.96,253856136,4559256202.56,工业富联
2025-04-11,sh601138,17.65,18.09,17.38,17.8,157423758,2802142892.4,工业富联
2025-04-14,sh601138,18.4,18.67,17.83,17.92,142905610,2560868531.2000003,工业富联
2025-04-15,sh601138,17.92,18.18,17.82,18.1,87402246,1581980652.6000001,工业富联
2025-04-16,sh601138,18.0,18.06,17.13,17.5,118725269,2077692207.5,工业富联
2025-04-17,sh601138,17.22,17.65,17.2,17.4,77822578,1354112857.1999998,工业富联
2025-04-18,sh601138,17.4,17.65,17.35,17.56,54420200,955618711.9999999,工业富联
2025-04-21,sh601138,17.55,17.85,17.39,17.81,51131649,910654668.6899999,工业富联
2025-04-22,sh601138,17.7,17.83,17.58,17.78,46164465,820804187.7,工业富联
2025-04-23,sh601138,18.19,18.53,18.12,18.24,101451626,1850477658.2399998,工业富联
2025-04-24,sh601138,18.26,18.26,17.87,17.92,53640112,961230807.0400001,工业富联
2025-04-25,sh601138,18.09,18.38,18.01,18.24,70530373,1286474003.52,工业富联
2025-04-28,sh601138,18.26,18.29,17.92,18.0,45880001,825840018.0,工业富联
2025-04-29,sh601138,17.99,18.09,17.82,18.09,36497121,660232918.89,工业富联
2025-04-30,sh601138,18.25,18.25,17.98,18.06,55257454,997949619.2399999,工业富联
2025-05-06,sh601138,18.3,18.83,18.2,18.81,99564294,1872804370.1399999,工业富联
2025-05-07,sh601138,19.09,19.15,18.46,18.63,99942861,1861935500.4299998,工业富联
2025-05-08,sh601138,18.7,19.15,18.65,19.03,101076326,1923482483.7800002,工业富联
2025-05-09,sh601138,18.91,18.95,18.65,18.69,57976577,1083582224.13,工业富联
2025-05-12,sh601138,19.11,19.36,18.91,19.27,106401083,2050348869.4099998,工业富联
2025-05-13,sh601138,19.8,19.8,19.08,19.09,104596236,1996742145.24,工业富联
2025-05-14,sh601138,19.48,20.03,19.3,19.55,150481305,2941909512.75,工业富联
2025-05-15,sh601138,19.56,19.56,19.1,19.1,80655413,1540518388.3000002,工业富联
2025-05-16,sh601138,19.0,19.29,18.87,19.22,53707921,1032266241.6199999,工业富联
2025-05-19,sh601138,19.06,19.13,18.74,19.05,55325443,1053949689.1500001,工业富联
2025-05-20,sh601138,19.05,19.2,18.85,19.06,39748245,757601549.6999999,工业富联
2025-05-21,sh601138,19.06,19.06,18.87,18.97,32936626,624807795.2199999,工业富联
2025-05-22,sh601138,18.88,19.26,18.82,19.05,54431877,1036927256.85,工业富联
2025-05-23,sh601138,19.08,19.4,18.79,18.79,53667134,1008405447.8599999,工业富联
2025-05-26,sh601138,18.84,18.9,18.65,18.76,38188676,716419561.7600001,工业富联
2025-05-27,sh601138,18.76,18.76,18.39,18.47,43219189,798258420.8299999,工业富联
2025-05-28,sh601138,18.5,18.68,18.4,18.58,33184465,616567359.6999999,工业富联
2025-05-29,sh601138,18.81,19.85,18.81,19.7,176932722,3485574623.4,工业富联
2025-05-30,sh601138,19.32,19.39,18.93,18.93,93560500,1771100265.0,工业富联
2025-06-03,sh601138,18.82,18.96,18.76,18.79,49742611,934663660.6899999,工业富联
2025-06-04,sh601138,18.95,19.49,18.95,19.43,111202578,2160666090.54,工业富联
2025-06-05,sh601138,19.38,20.7,19.38,20.56,232144233,4772885430.48,工业富联
2025-06-06,sh601138,20.5,20.5,20.25,20.31,84800400,1722296124.0,工业富联
2025-06-09,sh601138,20.52,20.65,20.21,20.43,74382813,1519640869.59,工业富联
2025-06-10,sh601138,20.45,20.46,19.96,20.16,62518510,1260373161.6,工业富联
2025-06-11,sh601138,20.25,20.75,20.23,20.4,85806322,1750448968.8,工业富联
2025-06-12,sh601138,20.25,20.9,20.23,20.66,104812227,2165420609.82,工业富联
2025-06-13,sh601138,20.6,21.19,20.53,20.9,104334298,2180586828.2,工业富联
2025-06-16,sh601138,20.85,21.76,20.82,21.22,123513568,2620957912.96,工业富联
2025-06-17,sh601138,21.31,21.38,20.56,20.6,88210748,1817141408.8000002,工业富联
2025-06-18,sh601138,20.65,21.25,20.27,21.16,117888260,2494515581.6,工业富联
2025-06-19,sh601138,21.1,21.56,20.74,20.81,80737498,1680147333.3799999,工业富联
2025-06-20,sh601138,20.91,21.0,20.58,20.59,50086357,1031278090.63,工业富联
2025-06-23,sh601138,20.43,20.66,19.98,20.2,78429546,1584276829.2,工业富联
2025-06-24,sh601138,20.41,20.55,20.23,20.29,71136841,1443366503.8899999,工业富联
2025-06-25,sh601138,20.49,21.07,20.49,20.98,114952281,2411698855.38,工业富联
2025-06-26,sh601138,21.4,21.7,21.02,21.04,117964426,2481971523.04,工业富联
2025-06-27,sh601138,21.04,21.65,20.72,21.35,116162043,2480059618.05,工业富联
2025-06-30,sh601138,21.48,21.55,21.2,21.38,75858487,1621854452.06,工业富联
2025-07-01,sh601138,21.26,21.63,21.0,21.4,75057997,1606241135.8,工业富联
2025-07-02,sh601138,21.2,21.31,21.05,21.16,53683448,1135941759.68,工业富联
2025-07-03,sh601138,21.26,23.28,21.26,23.28,341838829,7958007939.120001,工业富联
2025-07-04,sh601138,23.31,24.35,23.28,23.81,323605462,7705046050.219999,工业富联
2025-07-07,sh601138,23.8,24.33,23.34,23.98,164899723,3954295357.54,工业富联
2025-07-08,sh601138,24.88,26.38,24.8,26.38,289695438,7642165654.44,工业富联
2025-07-09,sh601138,27.0,27.12,26.5,26.6,265386641,7059284650.6,工业富联
2025-07-10,sh601138,26.9,26.99,25.88,26.16,186420588,4876762582.08,工业富联
2025-07-11,sh601138,26.1,26.57,25.88,26.0,143914629,3741780354.0,工业富联
2025-07-14,sh601138,26.0,26.22,25.4,25.92,108430624,2810521774.0800004,工业富联
2025-07-15,sh601138,26.3,27.41,26.17,27.25,276347142,7530459619.5,工业富联
2025-07-16,sh601138,26.99,27.41,26.65,26.73,145623211,3892508430.03,工业富联
2025-07-17,sh601138,26.63,27.63,26.63,27.5,157134173,4321189757.5,工业富联
2025-07-18,sh601138,27.49,27.99,27.06,27.11,128958666,3496069435.2599998,工业富联
2025-07-21,sh601138,27.0,27.55,26.75,27.02,86503840,2337333756.8,工业富联
2025-07-22,sh601138,27.0,28.26,26.8,26.96,141884699,3825211485.04,工业富联
2025-07-23,sh601138,26.5,26.76,26.35,26.58,114093401,3032602598.58,工业富联
2025-07-24,sh601138,27.19,28.95,27.05,28.45,223942507,6371164324.15,工业富联
2025-07-25,sh601138,28.45,29.15,28.41,28.66,107433857,3079054341.62,工业富联
2025-07-28,sh601138,28.94,29.57,28.61,29.57,152249569,4502019755.33,工业富联
2025-07-29,sh601138,29.56,31.28,29.31,31.19,178836481,5577909842.39,工业富联
2025-07-30,sh601138,31.0,34.25,30.29,33.28,206835613,6883489200.64,工业富联
2025-07-31,sh601138,33.26,35.9,33.2,34.61,302280341,10461922602.01,工业富联
2025-08-01,sh601138,34.0,34.3,32.48,33.0,219395147,7240039851.0,工业富联
2025-08-04,sh601138,32.4,33.1,32.21,32.97,138180054,4555796380.38,工业富联
2025-08-05,sh601138,33.5,35.34,33.11,35.05,244590076,8572882163.799999,工业富联
2025-08-06,sh601138,34.1,34.69,33.55,34.3,147620736,5063391244.799999,工业富联
2025-08-07,sh601138,36.2,37.64,34.72,35.65,243591751,8684045923.15,工业富联
2025-08-08,sh601138,35.73,37.55,35.06,36.59,180125156,6590779458.040001,工业富联
2025-08-11,sh601138,36.5,37.19,35.1,36.35,192984769,7014996353.150001,工业富联
2025-08-12,sh601138,36.47,39.71,36.47,39.71,222850156,8849379694.76,工业富联
2025-08-13,sh601138,39.72,43.68,38.95,43.68,242366773,10586580644.64,工业富联
2025-08-14,sh601138,43.96,45.78,42.98,43.22,242001501,10459304873.22,工业富联
2025-08-15,sh601138,42.59,45.7,42.5,44.86,230671299,10347914473.14,工业富联
2025-08-18,sh601138,44.8,45.25,41.66,44.46,263078034,11696449391.64,工业富联
2025-08-19,sh601138,44.02,48.91,43.68,48.91,273043827,13354573578.57,工业富联
2025-08-20,sh601138,46.5,48.96,45.8,47.91,253058665,12124040640.15,工业富联
2025-08-21,sh601138,47.42,48.4,44.57,45.29,231661917,10491968220.93,工业富联
2025-08-22,sh601138,44.5,47.29,44.0,45.83,241263010,11057083748.3,工业富联
2025-08-25,sh601138,46.5,48.07,44.7,48.0,306073008,14691504384.0,工业富联
2025-08-26,sh601138,46.88,47.0,45.48,45.48,221637437,10080070634.76,工业富联
2025-08-27,sh601138,45.0,47.89,44.51,45.72,260361155,11903712006.6,工业富联
2025-08-28,sh601138,44.6,49.95,44.22,48.94,345929345,16929782144.3,工业富联
2025-08-29,sh601138,48.0,53.83,47.14,53.83,343022654,18464909464.82,工业富联
2025-09-01,sh601138,53.99,56.96,52.3,55.62,269519213,14990658627.06,工业富联
2025-09-02,sh601138,56.7,58.0,52.51,53.88,272311538,14672145667.44,工业富联
2025-09-03,sh601138,53.88,55.6,51.08,54.24,221915698,12036707459.52,工业富联
2025-09-04,sh601138,56.5,57.88,49.93,53.13,333831271,17736455428.23,工业富联
2025-09-05,sh601138,53.3,57.2,50.6,55.83,339091254,18931464710.82,工业富联
2025-09-08,sh601138,55.0,56.14,50.38,51.4,303251521,15587128179.4,工业富联
2025-09-09,sh601138,50.4,51.5,47.5,48.79,262177391,12791634906.89,工业富联
2025-09-10,sh601138,51.6,53.67,50.6,53.67,346078651,18574041199.170002,工业富联
2025-09-11,sh601138,55.8,59.04,54.65,59.04,272279844,16075401989.76,工业富联
2025-09-12,sh601138,58.88,63.1,58.03,61.9,315605216,19535962870.399998,工业富联
2025-09-15,sh601138,60.0,61.28,58.5,59.9,193171858,11570994294.199999,工业富联
2025-09-16,sh601138,59.87,61.9,58.87,59.73,179496997,10721355630.81,工业富联
2025-09-17,sh601138,58.9,63.0,57.71,61.12,241909399,14785502466.88,工业富联
2025-09-18,sh601138,59.39,67.23,59.39,64.36,315066851,20277702530.36,工业富联
2025-09-19,sh601138,65.64,68.63,65.0,66.1,236867281,15656927274.099998,工业富联
2025-09-22,sh601138,66.55,71.89,64.64,70.5,239928000,16914924000.0,工业富联
2025-09-23,sh601138,74.72,74.72,68.5,70.87,267032716,18924608582.920002,工业富联
2025-09-24,sh601138,68.8,69.94,67.5,68.63,196384443,13477864323.089998,工业富联
2025-09-25,sh601138,67.88,69.86,66.19,68.46,188668167,12916222712.82,工业富联
2025-09-26,sh601138,67.55,68.51,64.65,64.87,192175650,12466434415.5,工业富联
2025-09-29,sh601138,64.85,67.5,64.85,66.58,155035785,10322282565.3,工业富联
2025-09-30,sh601138,66.8,69.48,65.52,66.01,165341739,10914208191.390001,工业富联
2025-10-09,sh601138,67.11,70.88,67.0,68.45,221543652,15164662979.400002,工业富联
2025-10-10,sh601138,68.31,69.99,65.46,66.41,184283841,12238289880.81,工业富联
2025-10-13,sh601138,61.0,64.63,61.0,63.48,170867713,10846682421.24,工业富联
2025-10-14,sh601138,64.99,65.66,59.25,59.72,194679098,11626235732.56,工业富联
2025-10-15,sh601138,59.72,63.9,58.5,63.38,191166300,12116120094.0,工业富联
2025-10-16,sh601138,62.0,64.35,61.7,63.59,115939328,7372581867.52,工业富联
2025-10-17,sh601138,63.0,63.27,59.9,60.01,137879485,8274147894.849999,工业富联
2025-10-20,sh601138,62.0,63.82,61.07,62.06,145002286,8998841869.16,工业富联
2025-10-21,sh601138,62.94,68.19,62.42,68.0,252287766,17155568088.0,工业富联
2025-10-22,sh601138,66.99,67.0,64.5,65.46,167191686,10944367765.56,工业富联
2025-10-23,sh601138,64.8,65.02,62.7,63.99,111025337,7104511314.63,工业富联
2025-10-24,sh601138,65.18,67.7,64.06,67.25,179020774,12039147051.5,工业富联
2025-10-27,sh601138,69.26,73.58,69.26,72.76,234879242,17089813647.920002,工业富联
2025-10-28,sh601138,71.18,75.76,71.05,73.99,202804199,15005482684.009998,工业富联
2025-10-29,sh601138,78.12,81.39,77.9,80.8,199193919,16094868655.199999,工业富联
2025-10-30,sh601138,80.0,83.88,77.7,77.97,240890950,18782267371.5,工业富联
2025-10-31,sh601138,77.95,78.67,71.5,72.0,246298664,17733503808.0,工业富联
2025-11-03,sh601138,70.36,76.0,70.21,74.89,214332627,16051370436.03,工业富联
2025-11-04,sh601138,74.77,75.2,72.47,73.49,131235753,9644515487.97,工业富联
2025-11-05,sh601138,70.31,75.8,69.87,75.24,167250715,12583943796.599998,工业富联
2025-11-06,sh601138,75.24,76.7,74.1,76.22,172482897,13146646409.34,工业富联
2025-11-07,sh601138,74.07,74.5,71.63,72.7,158542019,11526004781.300001,工业富联
2025-11-10,sh601138,72.0,72.21,68.0,71.5,212282559,15178202968.5,工业富联
2025-11-11,sh601138,72.0,72.06,68.0,68.03,140935264,9587826009.92,工业富联
2025-11-12,sh601138,66.45,69.55,65.66,68.6,136968180,9396017148.0,工业富联
2025-11-13,sh601138,67.58,68.87,66.19,67.99,121665589,8272043396.11,工业富联
2025-11-14,sh601138,65.8,66.49,64.26,64.27,155045196,9964754746.92,工业富联
2025-11-17,sh601138,64.39,66.49,64.32,64.94,116268089,7550449699.66,工业富联
2025-11-18,sh601138,63.65,66.5,63.2,64.72,114697538,7423224659.36,工业富联
2025-11-19,sh601138,64.5,66.62,64.2,65.06,145636642,9475119928.52,工业富联
2025-11-20,sh601138,68.06,68.33,65.0,65.94,142175376,9375044293.44,工业富联
2025-11-21,sh601138,63.05,63.45,60.08,60.67,190289343,11544854439.81,工业富联
2025-11-24,sh601138,61.0,61.8,54.6,55.94,332009071,18572587431.739998,工业富联
2025-11-25,sh601138,56.36,58.34,56.16,56.61,226214444,12805999674.84,工业富联
2025-11-26,sh601138,55.31,61.1,55.02,58.93,281284286,16576082973.98,工业富联
2025-11-27,sh601138,60.02,63.45,59.91,60.27,275887464,16627737455.28,工业富联
2025-11-28,sh601138,60.24,60.76,59.02,60.72,166778785,10126807825.2,工业富联
2025-12-01,sh601138,60.03,60.21,58.0,59.81,180788700,10812972147.0,工业富联
2025-12-02,sh601138,59.83,62.7,59.72,60.96,209127721,12748425872.16,工业富联
2025-12-03,sh601138,61.0,62.77,61.0,61.68,186593118,11509063518.24,工业富联
2025-12-04,sh601138,60.88,62.96,59.68,61.4,157077468,9644556535.199999,工业富联
2025-12-05,sh601138,61.99,62.26,60.0,61.12,130559029,7979767852.48,工业富联
2025-12-08,sh601138,60.75,64.27,60.38,63.41,241075371,15286589275.109999,工业富联
2025-12-09,sh601138,64.0,68.38,63.18,67.99,293803972,19975732056.28,工业富联
2025-12-10,sh601138,66.84,66.96,64.0,65.21,219527524,14315389840.039999,工业富联
2025-12-11,sh601138,64.01,64.88,61.61,62.3,192090669,11967248678.699999,工业富联
2025-12-12,sh601138,61.0,62.5,59.86,61.75,168514361,10405761791.75,工业富联
2025-12-15,sh601138,59.5,60.68,59.11,59.14,137405776,8126177592.64,工业富联
2025-12-16,sh601138,58.95,60.32,58.38,58.95,129422100,7629432795.0,工业富联
2025-12-17,sh601138,59.1,61.56,58.68,61.5,162252639,9978537298.5,工业富联
2025-12-18,sh601138,59.56,59.86,58.25,58.28,176150213,10266034413.64,工业富联
2025-12-19,sh601138,59.19,59.22,57.74,58.3,99007715,5772149784.5,工业富联
2025-12-22,sh601138,59.47,61.0,59.12,60.62,176485282,10698537794.84,工业富联
2025-12-23,sh601138,60.56,63.38,60.32,62.86,216493755,13608797439.3,工业富联
2025-12-24,sh601138,64.18,66.0,63.59,65.14,217873034,14192249434.76,工业富联
2025-12-25,sh601138,65.4,68.15,65.4,66.72,202224528,13492420508.16,工业富联
2025-12-26,sh601138,66.5,66.5,63.8,63.84,192929740,12316634601.6,工业富联
2025-12-29,sh601138,63.74,66.39,63.73,65.24,188492424,12297245741.759998,工业富联
2025-12-30,sh601138,63.8,65.3,63.01,64.23,149296167,9589292806.41,工业富联
2025-12-31,sh601138,64.24,64.54,61.86,62.05,156410378,9705263954.9,工业富联
2026-01-05,sh601138,63.29,64.28,62.71,63.67,159340565,10145213773.550001,工业富联
2026-01-06,sh601138,63.67,64.97,62.86,64.05,170861519,10943680291.949999,工业富联
2026-01-07,sh601138,63.41,64.66,62.6,63.15,165700324,10463975460.6,工业富联
2026-01-08,sh601138,63.31,63.47,61.07,61.33,185971526,11405633689.58,工业富联
2026-01-09,sh601138,60.5,61.75,60.05,61.48,156532098,9623593385.039999,工业富联
2026-01-12,sh601138,61.49,61.7,59.75,60.93,211081625,12861203411.25,工业富联
2026-01-13,sh601138,60.78,61.73,59.09,59.43,193031606,11471868344.58,工业富联
2026-01-14,sh601138,60.1,60.49,59.37,60.0,156240185,9374411100.0,工业富联
2026-01-15,sh601138,59.3,61.0,58.89,60.79,142621511,8669961653.69,工业富联
2026-01-16,sh601138,61.2,64.0,61.2,63.0,262596271,16543565073.0,工业富联
2026-01-19,sh601138,62.11,62.18,60.71,60.9,188389009,11472890648.1,工业富联
2026-01-20,sh601138,60.3,60.45,58.8,59.67,139511512,8324651921.04,工业富联
2026-01-21,sh601138,58.71,61.79,58.7,61.56,173493593,10680265585.08,工业富联
2026-01-22,sh601138,61.69,63.0,60.79,62.75,221856297,13921482636.75,工业富联
2026-01-23,sh601138,62.0,62.05,60.08,60.11,203299233,12220316895.63,工业富联
2026-01-26,sh601138,60.09,60.09,59.01,59.26,117843070,6983380328.2,工业富联
2026-01-27,sh601138,59.51,62.0,58.7,60.97,212344495,12946643860.15,工业富联
2026-01-28,sh601138,62.3,62.64,60.11,60.69,171990122,10438080504.18,工业富联
2026-01-29,sh601138,60.68,60.88,56.88,57.6,324554403,18694333612.8,工业富联
2026-01-30,sh601138,57.0,58.0,55.62,57.7,173194449,9993319707.300001,工业富联
2026-02-02,sh601138,56.8,57.5,55.67,55.68,156350348,8705587376.64,工业富联
2026-02-03,sh601138,56.3,56.42,54.03,55.75,167510256,9338696772.0,工业富联
2026-02-04,sh601138,54.69,54.78,52.6,53.41,189065643,10097995992.63,工业富联
2026-02-05,sh601138,52.27,54.32,52.2,53.88,144385646,7779498606.4800005,工业富联
2026-02-06,sh601138,53.0,55.48,52.41,54.4,137772202,7494807788.8,工业富联
2026-02-09,sh601138,56.2,56.5,55.31,55.52,140098639,7778276437.280001,工业富联
2026-02-10,sh601138,55.73,56.99,55.58,56.07,111303019,6240760275.33,工业富联
2026-02-11,sh601138,55.6,56.12,55.01,55.2,75077186,4144260667.2000003,工业富联
2026-02-12,sh601138,55.35,55.96,54.52,55.33,83427628,4616050657.24,工业富联
2026-02-13,sh601138,54.45,55.75,54.2,54.75,68764597,3764861685.75,工业富联
2026-02-24,sh601138,55.41,56.09,54.9,55.38,107500987,5953404660.06,工业富联
2026-02-25,sh601138,55.81,57.58,55.7,57.39,169941169,9752923688.91,工业富联
2026-02-26,sh601138,57.4,58.54,56.3,57.95,162725955,9429969092.25,工业富联
2026-02-27,sh601138,56.3,56.44,55.1,55.7,170181186,9479092060.2,工业富联
2026-03-02,sh601138,54.0,56.0,53.84,55.53,118412005,6575418637.650001,工业富联
2026-03-03,sh601138,55.84,57.8,54.88,54.88,193218849,10603850433.12,工业富联
2026-03-04,sh601138,53.98,55.16,53.51,53.76,107528229,5780717591.04,工业富联
2026-03-05,sh601138,54.79,56.26,54.33,55.1,136238015,7506714626.5,工业富联
2026-03-06,sh601138,54.8,54.9,53.8,54.33,86929791,4722895545.03,工业富联
2026-03-09,sh601138,52.76,52.94,51.21,52.79,169457850,8945679901.5,工业富联
2026-03-10,sh601138,53.63,54.38,53.4,54.36,117385056,6381051644.16,工业富联
2026-03-11,sh601138,54.7,54.99,53.6,53.89,122007345,6574975822.05,工业富联
2026-03-12,sh601138,53.9,54.78,52.22,52.54,141006096,7408460283.84,工业富联
2026-03-13,sh601138,52.02,53.17,52.01,52.49,94179792,4943497282.08,工业富联
2026-03-16,sh601138,52.18,52.74,51.5,52.7,101004502,5322937255.400001,工业富联
2026-03-17,sh601138,52.99,53.18,50.87,50.9,131937600,6715623840.0,工业富联
2026-03-18,sh601138,51.3,52.14,50.85,52.06,117477631,6115885469.860001,工业富联
2026-03-19,sh601138,51.0,51.29,50.2,50.46,105601848,5328669250.08,工业富联
2026-03-20,sh601138,50.98,52.45,50.21,50.3,154452125,7768941887.5,工业富联
2026-03-23,sh601138,48.95,49.09,47.35,47.6,137095123,6525727854.8,工业富联
2026-03-24,sh601138,48.57,48.88,47.49,48.84,110762899,5409659987.160001,工业富联
2026-03-25,sh601138,49.39,51.0,49.02,50.31,126470338,6362722704.780001,工业富联
2026-03-26,sh601138,50.0,51.5,49.57,49.74,107289028,5336556252.72,工业富联
2026-03-27,sh601138,48.63,49.9,48.4,49.53,78464489,3886346140.17,工业富联
2026-03-30,sh601138,48.46,49.29,48.33,49.27,66262388,3264747856.76,工业富联
2026-03-31,sh601138,49.0,52.85,48.53,51.46,238674008,12282164451.68,工业富联
2026-04-01,sh601138,53.0,53.5,51.47,53.32,215430014,11486728346.48,工业富联
2026-04-02,sh601138,52.66,54.45,51.75,52.0,157175051,8173102652.0,工业富联
2026-04-03,sh601138,52.6,53.18,52.0,52.18,104540059,5454900278.62,工业富联
2026-04-07,sh601138,52.98,54.0,52.0,52.58,120586393,6340432543.94,工业富联
2026-04-08,sh601138,54.16,56.61,53.38,56.61,251758712,14252060686.32,工业富联
2026-04-09,sh601138,55.0,55.81,54.8,55.02,155388673,8549484788.46,工业富联
2026-04-10,sh601138,55.6,57.27,55.33,56.52,190944086,10792159740.720001,工业富联
2026-04-13,sh601138,56.0,56.55,55.4,55.7,135714872,7559318370.400001,工业富联
2026-04-14,sh601138,56.47,59.29,56.13,58.92,254950677,15021693888.84,工业富联
2026-04-15,sh601138,59.36,59.97,57.2,57.82,197374123,11412171791.86,工业富联
2026-04-16,sh601138,57.99,59.99,57.4,59.32,180523624,10708661375.68,工业富联
2026-04-17,sh601138,59.6,61.2,58.98,60.97,187817900,11451257363.0,工业富联
2026-04-20,sh601138,61.89,63.33,61.01,61.51,213150819,13110906876.689999,工业富联
2026-04-21,sh601138,60.97,61.5,59.87,61.41,139203661,8548496822.009999,工业富联
2026-04-22,sh601138,61.19,67.55,61.03,66.89,316083151,21142801970.39,工业富联
2026-04-23,sh601138,66.98,69.1,66.66,67.92,277745270,18864458738.4,工业富联
2026-04-24,sh601138,66.57,67.21,63.67,65.01,264664000,17205806640.0,工业富联
2026-04-27,sh601138,66.01,68.0,65.38,67.25,235836737,15860020563.25,工业富联
2026-04-28,sh601138,67.25,68.99,66.92,68.2,237139570,16172918674.0,工业富联
2026-04-29,sh601138,67.77,67.77,64.0,66.26,282303867,18705454227.420002,工业富联
2026-04-30,sh601138,65.9,66.2,62.71,62.88,292407506,18386583977.280003,工业富联
2026-05-06,sh601138,63.28,63.88,61.74,63.08,265283791,16734101536.279999,工业富联
2026-05-07,sh601138,64.09,64.59,63.0,64.18,210329965,13498977153.7,工业富联
2026-05-08,sh601138,63.0,64.2,62.77,63.28,162017135,10252444302.8,工业富联
2026-05-11,sh601138,64.2,65.87,63.0,65.85,272402949,17937734191.649998,工业富联
2026-05-12,sh601138,65.87,65.9,63.23,64.4,213525906,13751068346.400002,工业富联
2026-05-13,sh601138,64.1,70.84,63.86,70.84,407356986,28857168888.24,工业富联
2026-05-14,sh601138,74.0,74.0,67.28,68.6,401745179,27559719279.399998,工业富联
2024-01-02,sz000977,33.25,33.25,32.53,32.58,29133021,949153824.18,浪潮信息
2024-01-03,sz000977,32.39,32.47,31.4,31.81,42761325,1360237748.25,浪潮信息
2024-01-04,sz000977,31.8,31.8,30.89,31.17,31263667,974488500.3900001,浪潮信息
2024-01-05,sz000977,31.05,31.25,29.88,30.16,44762908,1350049305.28,浪潮信息
2024-01-08,sz000977,30.29,30.5,29.57,29.62,30350508,898982046.96,浪潮信息
2024-01-09,sz000977,29.97,30.15,29.35,29.64,34576208,1024838805.12,浪潮信息
2024-01-10,sz000977,29.61,29.93,28.8,29.66,35672162,1058036324.92,浪潮信息
2024-01-11,sz000977,29.97,31.21,29.88,30.75,65568923,2016244382.25,浪潮信息
2024-01-12,sz000977,30.59,31.68,30.17,30.18,41762370,1260388326.6,浪潮信息
2024-01-15,sz000977,29.98,30.49,29.7,30.15,29371256,885543368.4,浪潮信息
2024-01-16,sz000977,29.96,30.09,29.38,29.99,30787183,923307618.17,浪潮信息
2024-01-17,sz000977,30.1,31.64,30.09,30.5,85280376,2601051468.0,浪潮信息
2024-01-18,sz000977,30.45,31.68,29.74,31.68,95477497,3024727104.96,浪潮信息
2024-01-19,sz000977,31.75,32.85,31.6,31.8,84410409,2684251006.2000003,浪潮信息
2024-01-22,sz000977,32.5,32.75,30.0,30.26,68897055,2084824884.3000002,浪潮信息
2024-01-23,sz000977,30.04,32.3,29.89,31.98,85383188,2730554352.2400002,浪潮信息
2024-01-24,sz000977,31.98,32.14,30.71,31.93,65576445,2093855888.85,浪潮信息
2024-01-25,sz000977,31.99,33.77,31.98,33.38,100074033,3340471221.5400004,浪潮信息
2024-01-26,sz000977,32.9,33.57,32.66,32.78,58061387,1903252265.8600001,浪潮信息
2024-01-29,sz000977,32.6,32.7,30.5,30.81,61618794,1898475043.1399999,浪潮信息
2024-01-30,sz000977,30.51,31.26,29.88,30.22,42779931,1292809514.82,浪潮信息
2024-01-31,sz000977,29.8,29.9,28.0,28.07,54100259,1518594270.13,浪潮信息
2024-02-01,sz000977,27.86,30.28,27.0,29.2,65216110,1904310412.0,浪潮信息
2024-02-02,sz000977,28.87,29.63,27.08,28.53,61776853,1762493616.0900002,浪潮信息
2024-02-05,sz000977,28.03,28.75,26.62,27.48,56929417,1564420379.16,浪潮信息
2024-02-06,sz000977,27.03,29.35,26.82,29.13,65860306,1918510713.78,浪潮信息
2024-02-07,sz000977,28.71,29.85,28.68,28.95,63723536,1844796367.2,浪潮信息
2024-02-08,sz000977,29.2,30.43,29.2,30.38,63564328,1931084284.6399999,浪潮信息
2024-02-19,sz000977,31.7,33.42,31.35,33.2,115923426,3848657743.2000003,浪潮信息
2024-02-20,sz000977,32.49,34.68,32.22,33.38,120164790,4011100690.2000003,浪潮信息
2024-02-21,sz000977,32.4,33.75,32.28,32.62,91890641,2997472709.4199996,浪潮信息
2024-02-22,sz000977,33.6,35.56,33.6,34.29,129509128,4440867999.12,浪潮信息
2024-02-23,sz000977,35.0,35.2,34.0,34.56,89874773,3106072154.88,浪潮信息
2024-02-26,sz000977,34.4,35.95,33.93,35.25,110626344,3899578626.0,浪潮信息
2024-02-27,sz000977,34.8,38.2,34.45,37.66,156261454,5884806357.639999,浪潮信息
2024-02-28,sz000977,37.86,39.48,35.54,35.78,172013206,6154632510.68,浪潮信息
2024-02-29,sz000977,35.75,37.64,35.71,37.39,123494491,4617459018.49,浪潮信息
2024-03-01,sz000977,39.0,41.13,39.0,41.13,189860688,7808970097.440001,浪潮信息
2024-03-04,sz000977,43.0,44.01,42.18,43.19,274310109,11847453607.71,浪潮信息
2024-03-05,sz000977,42.0,44.38,41.49,42.06,201466389,8473676321.34,浪潮信息
2024-03-06,sz000977,41.3,42.71,40.56,41.83,149153422,6239087642.259999,浪潮信息
2024-03-07,sz000977,41.8,42.5,40.12,40.68,131591134,5353127331.12,浪潮信息
2024-03-08,sz000977,40.99,42.5,40.1,42.12,138685449,5841431111.88,浪潮信息
2024-03-11,sz000977,40.43,41.93,40.05,41.73,122617440,5116825771.2,浪潮信息
2024-03-12,sz000977,41.41,42.12,40.56,41.01,94324796,3868259883.96,浪潮信息
2024-03-13,sz000977,41.81,41.99,39.76,39.9,121991369,4867455623.099999,浪潮信息
2024-03-14,sz000977,39.18,40.17,38.78,39.3,101064978,3971853635.3999996,浪潮信息
2024-03-15,sz000977,39.29,40.15,38.58,39.98,98305235,3930243295.2999997,浪潮信息
2024-03-18,sz000977,40.15,42.4,40.0,42.36,157774396,6683323414.559999,浪潮信息
2024-03-19,sz000977,41.6,43.35,41.42,41.76,122681048,5123160564.48,浪潮信息
2024-03-20,sz000977,41.55,42.44,41.03,41.85,85744562,3588409919.7000003,浪潮信息
2024-03-21,sz000977,41.91,42.11,41.0,41.06,69567106,2856425372.36,浪潮信息
2024-03-22,sz000977,40.91,41.53,40.22,40.71,77337475,3148408607.25,浪潮信息
2024-03-25,sz000977,40.71,42.18,40.0,40.26,92823641,3737079786.66,浪潮信息
2024-03-26,sz000977,39.61,42.26,39.61,40.53,111664559,4525764576.27,浪潮信息
2024-03-27,sz000977,40.03,42.0,39.4,40.32,123236968,4968914549.76,浪潮信息
2024-03-28,sz000977,41.0,44.35,41.0,44.35,177530162,7873462684.7,浪潮信息
2024-03-29,sz000977,44.49,44.79,41.6,42.9,203252699,8719540787.1,浪潮信息
2024-04-01,sz000977,42.38,44.67,42.04,44.03,149128097,6566110110.91,浪潮信息
2024-04-02,sz000977,43.5,44.0,40.99,41.55,130715385,5431224246.75,浪潮信息
2024-04-03,sz000977,40.99,41.2,39.01,39.35,99196966,3903400612.1,浪潮信息
2024-04-08,sz000977,39.33,40.44,38.96,39.8,65014508,2587577418.3999996,浪潮信息
2024-04-09,sz000977,39.5,39.65,37.86,38.47,76139534,2929087872.98,浪潮信息
2024-04-10,sz000977,38.23,38.3,36.85,37.1,71251739,2643439516.9,浪潮信息
2024-04-11,sz000977,37.1,38.49,37.1,37.79,62677000,2368563830.0,浪潮信息
2024-04-12,sz000977,38.14,38.86,37.75,37.85,55996074,2119451400.9,浪潮信息
2024-04-15,sz000977,37.45,38.5,37.28,37.75,57012387,2152217609.25,浪潮信息
2024-04-16,sz000977,37.33,37.81,36.53,36.67,54928401,2014224464.67,浪潮信息
2024-04-17,sz000977,37.2,38.3,36.92,38.25,65091657,2489755880.25,浪潮信息
2024-04-18,sz000977,37.67,38.68,37.19,37.73,57462182,2168048126.8599997,浪潮信息
2024-04-19,sz000977,37.5,37.67,35.58,35.85,74063240,2655167154.0,浪潮信息
2024-04-22,sz000977,34.73,35.95,33.8,35.51,51842186,1840916024.86,浪潮信息
2024-04-23,sz000977,35.8,35.99,34.71,34.93,39969900,1396148607.0,浪潮信息
2024-04-24,sz000977,35.3,37.35,34.95,36.81,71948859,2648437499.79,浪潮信息
2024-04-25,sz000977,36.36,36.67,36.02,36.2,40608574,1470030378.8000002,浪潮信息
2024-04-26,sz000977,36.59,37.86,36.59,37.5,77910874,2921657775.0,浪潮信息
2024-04-29,sz000977,37.91,38.78,37.55,38.49,70732656,2722499929.44,浪潮信息
2024-04-30,sz000977,40.32,42.18,40.04,40.91,147733456,6043775684.959999,浪潮信息
2024-05-06,sz000977,41.89,41.9,40.6,41.0,85391365,3501045965.0,浪潮信息
2024-05-07,sz000977,41.2,41.46,39.84,40.18,82292330,3306505819.4,浪潮信息
2024-05-08,sz000977,39.8,39.85,38.88,39.04,54938566,2144801616.6399999,浪潮信息
2024-05-09,sz000977,39.0,39.6,38.89,39.37,51967412,2045957010.4399998,浪潮信息
2024-05-10,sz000977,39.3,39.35,38.21,38.48,51284458,1973425943.84,浪潮信息
2024-05-13,sz000977,38.09,38.77,37.9,38.27,43319784,1657848133.68,浪潮信息
2024-05-14,sz000977,38.63,40.0,38.13,40.0,79853432,3194137280.0,浪潮信息
2024-05-15,sz000977,39.55,40.38,39.3,39.38,62118838,2446239840.44,浪潮信息
2024-05-16,sz000977,40.5,40.9,39.76,39.95,83975552,3354823302.4,浪潮信息
2024-05-17,sz000977,39.46,39.46,38.66,39.12,62548811,2446909486.3199997,浪潮信息
2024-05-20,sz000977,38.89,40.45,38.8,40.3,76437553,3080433385.8999996,浪潮信息
2024-05-21,sz000977,40.1,40.56,39.68,39.89,43302089,1727320330.21,浪潮信息
2024-05-22,sz000977,39.61,40.3,39.4,39.98,44314109,1771678077.82,浪潮信息
2024-05-23,sz000977,40.31,40.38,38.94,39.02,53673966,2094358153.3200002,浪潮信息
2024-05-24,sz000977,39.06,40.31,37.85,37.92,69172185,2623009255.2000003,浪潮信息
2024-05-27,sz000977,38.0,38.98,37.6,38.38,55236465,2119975526.7,浪潮信息
2024-05-28,sz000977,38.3,38.3,36.38,36.55,74883007,2736973905.85,浪潮信息
2024-05-29,sz000977,36.93,37.09,36.28,36.63,37623391,1378144812.3300002,浪潮信息
2024-05-30,sz000977,36.39,36.54,35.77,36.28,36647908,1329586102.24,浪潮信息
2024-05-31,sz000977,36.19,36.98,35.95,36.41,42284742,1539587456.2199998,浪潮信息
2024-06-03,sz000977,36.41,37.0,36.21,36.89,44554046,1643598756.94,浪潮信息
2024-06-04,sz000977,36.91,36.98,36.35,36.85,33000828,1216080511.8,浪潮信息
2024-06-05,sz000977,36.8,37.0,35.7,35.86,45514545,1632151583.7,浪潮信息
2024-06-06,sz000977,36.3,37.58,36.23,36.71,82068884,3012748731.64,浪潮信息
2024-06-07,sz000977,36.41,36.5,34.87,35.28,75402352,2660194978.56,浪潮信息
2024-06-11,sz000977,35.09,35.68,34.72,35.51,33214069,1179431590.1899998,浪潮信息
2024-06-12,sz000977,35.52,36.26,35.4,35.84,40898387,1465798190.0800002,浪潮信息
2024-06-13,sz000977,35.98,36.66,35.6,36.02,48994688,1764788661.7600002,浪潮信息
2024-06-14,sz000977,35.71,36.96,35.42,36.72,64931172,2384272635.84,浪潮信息
2024-06-17,sz000977,36.51,36.69,36.12,36.33,49733604,1806821833.32,浪潮信息
2024-06-18,sz000977,36.32,37.77,36.11,37.28,73226170,2729871617.6,浪潮信息
2024-06-19,sz000977,38.36,39.5,38.36,38.8,136400059,5292322289.2,浪潮信息
2024-06-20,sz000977,38.52,38.7,37.41,37.61,80497140,3027497435.4,浪潮信息
2024-06-21,sz000977,37.0,37.88,36.7,37.7,47728441,1799362225.7,浪潮信息
2024-06-24,sz000977,37.51,37.8,35.9,35.96,57350543,2062325526.28,浪潮信息
2024-06-25,sz000977,35.7,35.95,34.55,34.86,52361978,1825338553.08,浪潮信息
2024-06-26,sz000977,35.21,37.13,34.86,36.7,62149667,2280892778.9,浪潮信息
2024-06-27,sz000977,36.28,36.63,35.93,35.93,39182364,1407822338.52,浪潮信息
2024-06-28,sz000977,35.61,36.99,35.61,36.37,45992624,1672751734.8799999,浪潮信息
2024-07-01,sz000977,36.44,37.48,36.21,37.28,54447381,2029798363.68,浪潮信息
2024-07-02,sz000977,37.07,37.39,36.65,36.99,35963619,1330294266.8100002,浪潮信息
2024-07-03,sz000977,37.15,37.63,36.93,37.07,45633401,1691630175.07,浪潮信息
2024-07-04,sz000977,37.35,37.4,36.16,36.29,39280958,1425505965.82,浪潮信息
2024-07-05,sz000977,37.98,38.36,37.02,37.33,83284012,3108992167.96,浪潮信息
2024-07-08,sz000977,37.0,37.69,36.6,36.94,52131179,1925725752.26,浪潮信息
2024-07-09,sz000977,37.1,39.33,36.3,39.1,119342785,4666302893.5,浪潮信息
2024-07-10,sz000977,38.79,39.7,38.5,39.2,81207085,3183317732.0,浪潮信息
2024-07-11,sz000977,39.95,39.99,38.26,38.95,121091940,4716531063.0,浪潮信息
2024-07-12,sz000977,38.4,38.44,37.66,37.68,74202198,2795938820.64,浪潮信息
2024-07-15,sz000977,37.8,38.16,37.6,37.9,38861630,1472855777.0,浪潮信息
2024-07-16,sz000977,37.6,39.39,37.39,39.1,97161836,3799027787.6,浪潮信息
2024-07-17,sz000977,38.79,39.25,38.2,38.2,67262960,2569445072.0,浪潮信息
2024-07-18,sz000977,37.4,37.69,36.62,37.57,66560476,2500677083.32,浪潮信息
2024-07-19,sz000977,37.38,38.76,37.22,38.23,67725543,2589147508.89,浪潮信息
2024-07-22,sz000977,38.38,39.86,37.91,39.06,91271994,3565084085.6400003,浪潮信息
2024-07-23,sz000977,38.35,38.96,37.7,37.78,64194703,2425275879.34,浪潮信息
2024-07-24,sz000977,37.45,38.25,37.43,37.8,45512164,1720359799.1999998,浪潮信息
2024-07-25,sz000977,37.24,37.46,36.81,36.84,48502358,1786826868.7200003,浪潮信息
2024-07-26,sz000977,36.92,37.31,36.66,37.1,29775234,1104661181.4,浪潮信息
2024-07-29,sz000977,37.2,37.42,36.89,36.96,23502865,868665890.4,浪潮信息
2024-07-30,sz000977,36.6,36.68,35.8,36.17,40819766,1476450936.22,浪潮信息
2024-07-31,sz000977,35.95,37.3,35.88,37.26,53688939,2000449867.1399999,浪潮信息
2024-08-01,sz000977,37.44,37.58,36.91,37.05,38412436,1423180753.8,浪潮信息
2024-08-02,sz000977,36.49,36.83,35.85,36.0,48359835,1740954060.0,浪潮信息
2024-08-05,sz000977,35.5,35.89,34.41,34.41,52861209,1818954201.6899998,浪潮信息
2024-08-06,sz000977,34.99,35.18,34.3,34.83,31191508,1086400223.6399999,浪潮信息
2024-08-07,sz000977,34.8,35.03,33.55,33.65,42725121,1437700321.6499999,浪潮信息
2024-08-08,sz000977,33.33,33.56,32.41,33.22,43810565,1455386969.3,浪潮信息
2024-08-09,sz000977,33.55,33.75,33.1,33.1,24741622,818947688.2,浪潮信息
2024-08-12,sz000977,32.94,33.26,32.45,32.68,22775698,744309810.64,浪潮信息
2024-08-13,sz000977,32.75,32.95,32.52,32.94,21040849,693085566.06,浪潮信息
2024-08-14,sz000977,33.15,33.2,32.81,32.81,21820361,715926044.4100001,浪潮信息
2024-08-15,sz000977,32.6,33.48,32.45,33.21,27779291,922550254.11,浪潮信息
2024-08-16,sz000977,33.3,33.43,33.03,33.09,22111822,731680189.98,浪潮信息
2024-08-19,sz000977,32.92,33.51,32.81,33.29,19111482,636221235.78,浪潮信息
2024-08-20,sz000977,33.33,33.38,32.51,32.65,21008570,685929810.5,浪潮信息
2024-08-21,sz000977,32.5,32.95,32.42,32.44,19431378,630353902.3199999,浪潮信息
2024-08-22,sz000977,32.5,32.75,31.14,31.46,36293109,1141781209.14,浪潮信息
2024-08-23,sz000977,31.33,31.78,31.31,31.68,22820397,722950176.96,浪潮信息
2024-08-26,sz000977,31.98,32.04,31.16,31.6,23553086,744277517.6,浪潮信息
2024-08-27,sz000977,31.31,31.49,30.87,31.02,22464822,696858778.4399999,浪潮信息
2024-08-28,sz000977,31.02,31.3,30.88,31.15,16050585,499975722.75,浪潮信息
2024-08-29,sz000977,30.87,31.63,30.6,31.39,27251623,855428445.97,浪潮信息
2024-08-30,sz000977,31.37,32.66,31.31,32.38,44691422,1447108244.3600001,浪潮信息
2024-09-02,sz000977,32.24,32.38,31.36,31.4,26351913,827450068.1999999,浪潮信息
2024-09-03,sz000977,31.39,31.93,31.31,31.78,18053079,573726850.62,浪潮信息
2024-09-04,sz000977,31.31,31.64,31.25,31.42,17579001,552332211.4200001,浪潮信息
2024-09-05,sz000977,31.41,31.91,31.41,31.69,17538852,555806219.88,浪潮信息
2024-09-06,sz000977,31.7,31.9,31.08,31.12,21851752,680026522.24,浪潮信息
2024-09-09,sz000977,30.78,31.18,30.68,31.02,15071535,467519015.7,浪潮信息
2024-09-10,sz000977,31.22,32.18,30.69,31.77,29750740,945181009.8,浪潮信息
2024-09-11,sz000977,31.54,31.86,31.51,31.7,16087382,509970009.4,浪潮信息
2024-09-12,sz000977,31.96,32.2,31.5,31.5,18967888,597488472.0,浪潮信息
2024-09-13,sz000977,31.49,31.8,31.14,31.16,15647633,487580244.28000003,浪潮信息
2024-09-18,sz000977,31.16,31.33,30.7,31.18,14505009,452266180.62,浪潮信息
2024-09-19,sz000977,31.38,31.98,30.93,31.64,27018586,854868061.04,浪潮信息
2024-09-20,sz000977,31.66,32.57,31.59,32.37,45979095,1488343305.1499999,浪潮信息
2024-09-23,sz000977,32.02,32.79,32.02,32.21,33179683,1068717589.4300001,浪潮信息
2024-09-24,sz000977,32.38,33.52,32.03,33.5,59743154,2001395659.0,浪潮信息
2024-09-25,sz000977,33.79,34.37,33.27,33.3,67770253,2256749424.8999996,浪潮信息
2024-09-26,sz000977,33.31,34.3,33.2,34.3,52746446,1809203097.8,浪潮信息
2024-09-27,sz000977,34.94,37.73,34.68,37.73,127949753,4827544180.69,浪潮信息
2024-09-30,sz000977,39.5,41.5,38.88,41.5,172092185,7141825677.5,浪潮信息
2024-10-08,sz000977,45.65,45.65,42.2,45.65,184282620,8412501603.0,浪潮信息
2024-10-09,sz000977,44.0,47.0,42.0,43.2,169647636,7328777875.200001,浪潮信息
2024-10-10,sz000977,43.5,43.99,40.56,41.27,113929849,4701884868.2300005,浪潮信息
2024-10-11,sz000977,40.55,41.27,39.0,39.5,75418092,2979014634.0,浪潮信息
2024-10-14,sz000977,39.62,40.59,38.8,40.45,71473994,2891123057.3,浪潮信息
2024-10-15,sz000977,42.29,44.15,41.71,41.79,154015232,6436296545.28,浪潮信息
2024-10-16,sz000977,40.7,41.66,40.58,40.91,73735716,3016528141.56,浪潮信息
2024-10-17,sz000977,41.45,43.23,41.18,41.63,108294798,4508312440.740001,浪潮信息
2024-10-18,sz000977,41.63,44.77,41.31,43.4,142182790,6170733086.0,浪潮信息
2024-10-21,sz000977,43.82,45.15,43.41,43.62,137090761,5979898994.82,浪潮信息
2024-10-22,sz000977,43.14,43.95,42.8,43.29,77828499,3369195721.71,浪潮信息
2024-10-23,sz000977,43.29,45.12,42.93,43.85,106128006,4653713063.1,浪潮信息
2024-10-24,sz000977,43.21,43.57,42.51,43.02,68521410,2947791058.2000003,浪潮信息
2024-10-25,sz000977,43.21,43.59,42.71,43.2,56309009,2432549188.8,浪潮信息
2024-10-28,sz000977,43.26,43.9,42.97,43.58,59876854,2609433297.3199997,浪潮信息
2024-10-29,sz000977,43.68,46.44,42.89,44.51,143836871,6402179128.21,浪潮信息
2024-10-30,sz000977,44.0,45.5,43.77,44.83,101318374,4542102706.42,浪潮信息
2024-10-31,sz000977,45.8,47.5,45.03,46.78,165024691,7719855044.9800005,浪潮信息
2024-11-01,sz000977,45.86,48.42,43.51,43.7,146878324,6418582758.8,浪潮信息
2024-11-04,sz000977,43.25,46.61,43.25,46.1,110766219,5106322695.900001,浪潮信息
2024-11-05,sz000977,45.7,48.38,45.4,47.45,151720069,7199117274.05,浪潮信息
2024-11-06,sz000977,47.6,47.7,46.0,46.4,124628724,5782772793.599999,浪潮信息
2024-11-07,sz000977,45.78,47.18,45.25,47.01,101474403,4770311685.03,浪潮信息
2024-11-08,sz000977,47.58,51.71,47.55,51.71,174776487,9037692142.77,浪潮信息
2024-11-11,sz000977,53.9,56.88,52.8,54.72,257008474,14063503697.279999,浪潮信息
2024-11-12,sz000977,53.95,56.7,53.12,55.88,194710522,10880423969.36,浪潮信息
2024-11-13,sz000977,54.82,59.5,54.78,57.01,191179269,10899130125.69,浪潮信息
2024-11-14,sz000977,55.7,56.16,52.3,52.4,173711037,9102458338.8,浪潮信息
2024-11-15,sz000977,52.29,53.4,49.19,49.21,134724319,6629783737.99,浪潮信息
2024-11-18,sz000977,49.35,49.75,46.24,46.92,102923588,4829174748.96,浪潮信息
2024-11-19,sz000977,46.96,49.84,46.12,48.9,112256263,5489331260.7,浪潮信息
2024-11-20,sz000977,48.39,49.81,48.15,48.89,91094585,4453614260.65,浪潮信息
2024-11-21,sz000977,48.78,50.05,48.5,49.26,86556128,4263754865.2799997,浪潮信息
2024-11-22,sz000977,48.98,50.97,47.48,47.71,103827326,4953601723.46,浪潮信息
2024-11-25,sz000977,47.38,47.87,44.9,46.45,104241510,4842018139.5,浪潮信息
2024-11-26,sz000977,46.0,46.58,45.26,45.29,54495303,2468092272.87,浪潮信息
2024-11-27,sz000977,45.03,46.63,44.56,46.62,70653681,3293874608.22,浪潮信息
2024-11-28,sz000977,46.58,48.99,46.32,47.21,96524212,4556908048.52,浪潮信息
2024-11-29,sz000977,47.0,48.6,46.31,47.8,83671627,3999503770.6,浪潮信息
2024-12-02,sz000977,47.59,48.37,47.51,48.03,64581008,3101825814.2400002,浪潮信息
2024-12-03,sz000977,48.03,48.15,45.9,46.5,82905701,3855115096.5,浪潮信息
2024-12-04,sz000977,46.49,47.03,45.9,46.12,48969487,2258472740.44,浪潮信息
2024-12-05,sz000977,46.1,46.69,45.96,46.26,36526333,1689708164.58,浪潮信息
2024-12-06,sz000977,46.89,48.32,46.75,47.84,82336228,3938965147.5200005,浪潮信息
2024-12-09,sz000977,47.53,48.05,46.46,46.9,50656758,2375801950.2,浪潮信息
2024-12-10,sz000977,48.6,48.61,47.0,47.09,62508491,2943524841.19,浪潮信息
2024-12-11,sz000977,47.0,47.44,46.73,47.1,37136926,1749149214.6000001,浪潮信息
2024-12-12,sz000977,46.97,47.48,46.39,47.18,44935363,2120050426.34,浪潮信息
2024-12-13,sz000977,46.71,47.03,45.75,45.76,47623829,2179266415.04,浪潮信息
2024-12-16,sz000977,45.79,46.3,45.41,45.6,32633441,1488084909.6000001,浪潮信息
2024-12-17,sz000977,45.61,46.92,45.5,45.78,52822551,2418216384.78,浪潮信息
2024-12-18,sz000977,45.66,47.17,45.2,46.54,49613201,2308998374.54,浪潮信息
2024-12-19,sz000977,45.99,51.19,45.81,51.19,218115914,11165353637.66,浪潮信息
2024-12-20,sz000977,51.07,53.0,50.97,51.56,201431099,10385787464.44,浪潮信息
2024-12-23,sz000977,52.55,53.0,50.26,50.85,133224273,6774454282.05,浪潮信息
2024-12-24,sz000977,50.91,54.23,50.5,53.88,177858879,9583036400.52,浪潮信息
2024-12-25,sz000977,53.4,55.33,52.72,53.86,139170745,7495736325.7,浪潮信息
2024-12-26,sz000977,53.1,56.37,52.31,55.05,139901754,7701591557.7,浪潮信息
2024-12-27,sz000977,54.8,55.55,52.72,53.43,123018447,6572875623.21,浪潮信息
2024-12-30,sz000977,54.0,54.55,52.99,53.07,83412219,4426686462.33,浪潮信息
2024-12-31,sz000977,53.46,54.15,51.6,51.88,94597994,4907743928.72,浪潮信息
2025-01-02,sz000977,51.93,52.1,47.92,48.69,113079818,5505856338.42,浪潮信息
2025-01-03,sz000977,48.55,48.8,45.8,45.88,80718428,3703361476.6400003,浪潮信息
2025-01-06,sz000977,45.62,47.19,45.36,45.91,66374642,3047259814.22,浪潮信息
2025-01-07,sz000977,46.11,48.74,45.89,48.58,104753719,5088935669.0199995,浪潮信息
2025-01-08,sz000977,47.49,48.35,46.13,48.03,84933058,4079334775.7400002,浪潮信息
2025-01-09,sz000977,47.8,49.95,47.55,49.04,87423688,4287257659.52,浪潮信息
2025-01-10,sz000977,48.65,48.84,46.86,46.86,81742412,3830449426.32,浪潮信息
2025-01-13,sz000977,46.0,47.27,46.0,46.63,46414966,2164329864.58,浪潮信息
2025-01-14,sz000977,46.93,50.45,46.0,50.45,109778731,5538336978.950001,浪潮信息
2025-01-15,sz000977,50.51,52.23,50.2,50.97,106117426,5408805203.22,浪潮信息
2025-01-16,sz000977,51.3,51.7,49.1,49.85,96451209,4808092768.650001,浪潮信息
2025-01-17,sz000977,49.54,51.25,49.01,50.0,74032142,3701607100.0,浪潮信息
2025-01-20,sz000977,50.66,51.2,49.88,50.42,62293138,3140820017.96,浪潮信息
2025-01-21,sz000977,50.99,52.94,50.99,52.33,112004521,5861196583.929999,浪潮信息
2025-01-22,sz000977,52.28,54.0,51.71,52.96,104298501,5523648612.96,浪潮信息
2025-01-23,sz000977,53.56,53.91,51.42,51.74,98967094,5120557443.56,浪潮信息
2025-01-24,sz000977,51.54,53.19,51.5,52.96,71492524,3786244071.04,浪潮信息
2025-01-27,sz000977,55.0,55.56,51.73,51.94,117680069,6112302783.86,浪潮信息
2025-02-05,sz000977,54.5,56.98,53.84,55.71,168488064,9386470045.44,浪潮信息
2025-02-06,sz000977,55.38,57.08,54.2,56.28,137447551,7735548170.28,浪潮信息
2025-02-07,sz000977,56.5,61.91,55.7,60.28,234809121,14154293813.880001,浪潮信息
2025-02-10,sz000977,61.0,64.46,60.1,60.82,231883018,14103125154.76,浪潮信息
2025-02-11,sz000977,60.2,64.33,60.2,62.9,191793852,12063833290.8,浪潮信息
2025-02-12,sz000977,62.49,65.75,61.62,62.94,178897909,11259834392.46,浪潮信息
2025-02-13,sz000977,62.37,62.38,59.95,60.67,156175113,9475144105.710001,浪潮信息
2025-02-14,sz000977,60.36,63.67,60.3,63.27,165201281,10452285048.87,浪潮信息
2025-02-17,sz000977,66.65,69.6,64.7,67.87,211747516,14371303910.92,浪潮信息
2025-02-18,sz000977,66.0,66.47,62.92,63.14,166155794,10491076833.16,浪潮信息
2025-02-19,sz000977,63.45,64.57,62.8,64.57,124234416,8021816241.119999,浪潮信息
2025-02-20,sz000977,64.0,64.28,62.22,63.36,104917183,6647552714.88,浪潮信息
2025-02-21,sz000977,65.61,69.0,64.33,67.75,195233531,13227071725.25,浪潮信息
2025-02-24,sz000977,67.88,68.88,66.0,67.13,136019166,9130966613.58,浪潮信息
2025-02-25,sz000977,64.99,66.21,63.88,64.97,117503386,7634194988.42,浪潮信息
2025-02-26,sz000977,65.01,65.99,63.26,65.08,109409305,7120357569.4,浪潮信息
2025-02-27,sz000977,65.08,65.1,61.61,62.8,108463798,6811526514.4,浪潮信息
2025-02-28,sz000977,61.68,62.65,59.0,59.21,96260922,5699609191.62,浪潮信息
2025-03-03,sz000977,59.33,59.8,57.13,58.24,81263107,4732763351.68,浪潮信息
2025-03-04,sz000977,57.03,58.87,57.01,58.81,65431076,3848001579.56,浪潮信息
2025-03-05,sz000977,58.96,60.1,58.23,60.0,75935596,4556135760.0,浪潮信息
2025-03-06,sz000977,60.62,62.0,60.45,61.39,87581212,5376610604.68,浪潮信息
2025-03-07,sz000977,61.16,61.25,59.3,59.88,69431039,4157530615.32,浪潮信息
2025-03-10,sz000977,59.54,60.19,58.79,59.3,44564759,2642690208.7,浪潮信息
2025-03-11,sz000977,58.18,59.09,57.9,58.82,47775118,2810132440.76,浪潮信息
2025-03-12,sz000977,59.33,60.88,58.91,59.49,70048835,4167205194.15,浪潮信息
2025-03-13,sz000977,59.0,59.2,57.5,57.79,51601028,2982023408.12,浪潮信息
2025-03-14,sz000977,57.67,59.5,57.53,59.27,57624263,3415390068.01,浪潮信息
2025-03-17,sz000977,59.3,60.16,58.67,59.37,43126157,2560399941.0899997,浪潮信息
2025-03-18,sz000977,59.59,60.86,59.5,59.85,51459810,3079869628.5,浪潮信息
2025-03-19,sz000977,59.86,60.2,58.84,59.06,34602679,2043634221.74,浪潮信息
2025-03-20,sz000977,59.0,59.5,58.21,58.3,34360987,2003245542.1,浪潮信息
2025-03-21,sz000977,57.88,58.18,56.5,56.63,44366825,2512493299.75,浪潮信息
2025-03-24,sz000977,56.65,57.85,55.77,57.62,43753618,2521083469.16,浪潮信息
2025-03-25,sz000977,57.48,57.71,55.26,55.43,44248027,2452668136.61,浪潮信息
2025-03-26,sz000977,54.43,54.94,53.58,53.83,65550275,3528571303.25,浪潮信息
2025-03-27,sz000977,53.3,54.16,53.17,53.57,46605626,2496663384.82,浪潮信息
2025-03-28,sz000977,53.61,54.1,53.45,53.54,33200234,1777540528.36,浪潮信息
2025-03-31,sz000977,52.98,53.8,52.22,53.48,45463310,2431377818.7999997,浪潮信息
2025-04-01,sz000977,53.6,53.88,53.06,53.07,29222347,1550829955.29,浪潮信息
2025-04-02,sz000977,53.09,53.67,52.9,53.08,22864485,1213646863.8,浪潮信息
2025-04-03,sz000977,52.3,53.19,51.88,52.2,29664752,1548500054.4,浪潮信息
2025-04-07,sz000977,47.62,49.06,46.98,46.98,46878514,2202352587.72,浪潮信息
2025-04-08,sz000977,46.01,46.78,43.26,44.63,91509715,4084078580.4500003,浪潮信息
2025-04-09,sz000977,43.35,46.06,41.57,45.7,83564012,3818875348.4,浪潮信息
2025-04-10,sz000977,47.2,48.44,47.1,47.25,71703171,3387974829.75,浪潮信息
2025-04-11,sz000977,46.6,48.2,46.35,47.78,51209530,2446791343.4,浪潮信息
2025-04-14,sz000977,48.93,49.3,48.08,48.22,48762800,2351342216.0,浪潮信息
2025-04-15,sz000977,48.1,48.79,47.52,48.35,33453076,1617456224.6000001,浪潮信息
2025-04-16,sz000977,47.61,48.05,46.59,47.19,39132796,1846676643.24,浪潮信息
2025-04-17,sz000977,46.81,48.0,46.8,47.12,27655329,1303119102.48,浪潮信息
2025-04-18,sz000977,47.12,47.6,46.9,47.29,20536441,971168294.89,浪潮信息
2025-04-21,sz000977,47.35,48.69,46.97,48.69,37440338,1822970057.22,浪潮信息
2025-04-22,sz000977,48.69,48.69,47.8,47.97,28745348,1378914343.56,浪潮信息
2025-04-23,sz000977,48.4,49.13,48.01,48.58,43597083,2117946292.1399999,浪潮信息
2025-04-24,sz000977,48.66,48.68,47.53,47.75,27571500,1316539125.0,浪潮信息
2025-04-25,sz000977,48.11,48.58,47.85,48.16,29165425,1404606868.0,浪潮信息
2025-04-28,sz000977,48.16,49.15,48.04,48.05,25292059,1215283434.9499998,浪潮信息
2025-04-29,sz000977,48.03,48.98,47.63,48.65,38272606,1861962281.8999999,浪潮信息
2025-04-30,sz000977,49.5,51.49,49.03,50.85,74092085,3767582522.25,浪潮信息
2025-05-06,sz000977,51.79,52.39,51.04,52.28,62497864,3267388329.92,浪潮信息
2025-05-07,sz000977,53.03,53.3,51.12,51.53,55380330,2853748404.9,浪潮信息
2025-05-08,sz000977,51.55,52.5,51.55,52.23,39756613,2076487896.9899998,浪潮信息
2025-05-09,sz000977,51.93,51.93,50.87,51.29,29474582,1511751310.78,浪潮信息
2025-05-12,sz000977,51.85,52.0,51.42,51.97,31890418,1657345023.46,浪潮信息
2025-05-13,sz000977,52.7,52.7,51.25,51.35,30109086,1546101566.1000001,浪潮信息
2025-05-14,sz000977,51.57,52.19,51.36,51.85,34184011,1772440970.3500001,浪潮信息
2025-05-15,sz000977,51.86,51.9,50.03,50.05,37750418,1889408420.8999999,浪潮信息
2025-05-16,sz000977,49.7,50.61,49.63,50.08,23286547,1166190273.76,浪潮信息
2025-05-19,sz000977,49.98,50.48,49.14,50.31,24578612,1236549969.72,浪潮信息
2025-05-20,sz000977,50.31,50.66,50.0,50.45,17980727,907127677.1500001,浪潮信息
2025-05-21,sz000977,50.45,50.46,49.78,50.16,17939054,899822948.64,浪潮信息
2025-05-22,sz000977,50.0,50.28,49.36,49.5,19071923,944060188.5,浪潮信息
2025-05-23,sz000977,49.18,49.84,48.66,48.67,21693712,1055832963.0400001,浪潮信息
2025-05-26,sz000977,49.53,51.19,49.52,50.04,39188205,1960977778.2,浪潮信息
2025-05-27,sz000977,49.81,49.88,48.55,48.69,28372742,1381468807.98,浪潮信息
2025-05-28,sz000977,48.71,48.97,48.31,48.43,17739627,859130135.61,浪潮信息
2025-05-29,sz000977,48.59,50.01,48.56,49.96,36360244,1816557790.24,浪潮信息
2025-05-30,sz000977,49.51,49.7,48.82,48.95,25072318,1227289966.1000001,浪潮信息
2025-06-03,sz000977,48.52,49.12,48.42,49.01,16625766,814828791.66,浪潮信息
2025-06-04,sz000977,49.16,50.4,49.15,49.92,30835776,1539321937.92,浪潮信息
2025-06-05,sz000977,50.28,51.43,50.2,51.39,50009638,2569995296.82,浪潮信息
2025-06-06,sz000977,51.52,52.1,51.14,51.92,43278591,2247024444.7200003,浪潮信息
2025-06-09,sz000977,51.91,52.44,51.4,52.43,42752480,2241512526.4,浪潮信息
2025-06-10,sz000977,53.0,53.05,50.0,50.55,62594851,3164169718.0499997,浪潮信息
2025-06-11,sz000977,50.3,50.79,50.14,50.16,32740151,1642245974.1599998,浪潮信息
2025-06-12,sz000977,49.99,50.33,49.65,49.73,25988521,1292409149.33,浪潮信息
2025-06-13,sz000977,49.46,49.73,48.59,48.81,32413452,1582100592.1200001,浪潮信息
2025-06-16,sz000977,48.55,49.8,48.5,49.42,22205568,1097399170.56,浪潮信息
2025-06-17,sz000977,49.42,49.43,48.6,48.75,21501687,1048207241.25,浪潮信息
2025-06-18,sz000977,48.77,49.25,48.51,49.0,20328363,996089787.0,浪潮信息
2025-06-19,sz000977,48.9,49.26,48.11,48.26,24545315,1184556901.8999999,浪潮信息
2025-06-20,sz000977,48.3,48.48,47.71,47.76,18325427,875222393.52,浪潮信息
2025-06-23,sz000977,47.3,48.2,47.21,48.14,18308550,881373597.0,浪潮信息
2025-06-24,sz000977,48.71,49.46,48.58,49.46,36075398,1784289185.08,浪潮信息
2025-06-25,sz000977,49.51,50.66,49.34,50.56,44223423,2235936266.88,浪潮信息
2025-06-26,sz000977,50.67,51.48,50.27,50.38,48893649,2463262036.6200004,浪潮信息
2025-06-27,sz000977,51.15,51.3,50.3,50.67,37216102,1885739888.3400002,浪潮信息
2025-06-30,sz000977,50.7,50.93,50.4,50.88,29865867,1519575312.96,浪潮信息
2025-07-01,sz000977,50.81,50.81,50.08,50.44,26187515,1320898256.6,浪潮信息
2025-07-02,sz000977,50.2,50.2,49.18,49.39,26280117,1297974978.63,浪潮信息
2025-07-03,sz000977,49.32,51.0,49.32,50.94,47560940,2422754283.6,浪潮信息
2025-07-04,sz000977,50.6,51.03,50.2,50.31,30857955,1552463716.05,浪潮信息
2025-07-07,sz000977,50.03,50.16,49.53,49.71,18209539,905196183.69,浪潮信息
2025-07-08,sz000977,49.73,51.97,49.73,51.88,75833515,3934242758.2000003,浪潮信息
2025-07-09,sz000977,51.8,51.95,51.11,51.28,35696293,1830505905.04,浪潮信息
2025-07-10,sz000977,51.41,52.22,51.2,51.43,40533070,2084615790.1,浪潮信息
2025-07-11,sz000977,51.42,52.68,51.03,52.23,55322789,2889509269.47,浪潮信息
2025-07-14,sz000977,52.5,52.86,51.86,52.1,40168121,2092759104.1000001,浪潮信息
2025-07-15,sz000977,51.5,56.64,51.11,55.79,146396799,8167477416.21,浪潮信息
2025-07-16,sz000977,55.31,55.67,54.36,54.52,81436363,4439910510.76,浪潮信息
2025-07-17,sz000977,54.42,55.78,54.42,55.32,66033081,3652950040.92,浪潮信息
2025-07-18,sz000977,55.34,56.24,54.9,55.28,53939195,2981758699.6,浪潮信息
2025-07-21,sz000977,55.14,55.14,54.06,54.74,46435355,2541871332.7000003,浪潮信息
2025-07-22,sz000977,54.48,54.9,53.83,54.1,40687529,2201195318.9,浪潮信息
2025-07-23,sz000977,54.11,54.58,53.72,53.85,38072987,2050230349.95,浪潮信息
2025-07-24,sz000977,53.82,54.5,53.82,54.37,35519587,1931199945.1899998,浪潮信息
2025-07-25,sz000977,54.55,54.98,54.26,54.89,42990558,2359751728.62,浪潮信息
2025-07-28,sz000977,55.12,55.27,54.03,54.6,42878789,2341181879.4,浪潮信息
2025-07-29,sz000977,54.3,55.35,53.85,55.15,49942587,2754333673.0499997,浪潮信息
2025-07-30,sz000977,54.92,55.85,54.28,54.98,53412407,2936614136.8599997,浪潮信息
2025-07-31,sz000977,54.88,57.12,54.82,55.77,110881100,6183838947.0,浪潮信息
2025-08-01,sz000977,55.78,55.95,53.57,54.1,65398082,3538036236.2000003,浪潮信息
2025-08-04,sz000977,53.56,54.28,53.39,54.07,35125362,1899228323.34,浪潮信息
2025-08-05,sz000977,54.1,55.6,53.79,55.19,52921834,2920756018.46,浪潮信息
2025-08-06,sz000977,54.94,55.8,54.52,55.29,42635033,2357290974.57,浪潮信息
2025-08-07,sz000977,55.29,56.28,54.6,54.7,44522543,2435383102.1,浪潮信息
2025-08-08,sz000977,54.99,54.99,53.69,53.69,37451468,2010769316.9199998,浪潮信息
2025-08-11,sz000977,53.56,54.45,53.5,54.29,30718254,1667694009.66,浪潮信息
2025-08-12,sz000977,54.3,56.49,53.96,56.25,94693656,5326518150.0,浪潮信息
2025-08-13,sz000977,56.49,58.39,56.12,58.39,113658865,6636541127.35,浪潮信息
2025-08-14,sz000977,58.46,60.39,57.7,58.53,129526844,7581206179.32,浪潮信息
2025-08-15,sz000977,58.55,58.98,58.08,58.68,81744579,4796771895.72,浪潮信息
2025-08-18,sz000977,58.96,61.6,58.89,61.07,115826544,7073527042.08,浪潮信息
2025-08-19,sz000977,60.75,60.77,59.47,59.95,82171385,4926174530.75,浪潮信息
2025-08-20,sz000977,59.5,65.95,58.78,65.95,163607375,10789906381.25,浪潮信息
2025-08-21,sz000977,67.37,69.43,65.36,65.46,229449302,15019751308.919998,浪潮信息
2025-08-22,sz000977,65.6,68.97,64.64,68.2,178000007,12139600477.4,浪潮信息
2025-08-25,sz000977,69.72,71.5,67.94,69.15,177912320,12302636928.000002,浪潮信息
2025-08-26,sz000977,68.55,71.38,68.29,68.52,129069516,8843843236.32,浪潮信息
2025-08-27,sz000977,68.54,69.51,65.98,66.28,160892971,10663986117.880001,浪潮信息
2025-08-28,sz000977,65.2,68.01,65.11,67.9,127204096,8637158118.400002,浪潮信息
2025-08-29,sz000977,67.5,68.6,65.8,67.15,103704429,6963752407.35,浪潮信息
2025-09-01,sz000977,70.5,70.98,67.53,68.93,145136164,10004235784.52,浪潮信息
2025-09-02,sz000977,68.0,68.65,63.61,63.81,137596858,8780055508.98,浪潮信息
2025-09-03,sz000977,63.89,65.5,62.23,62.64,87561845,5484873970.8,浪潮信息
2025-09-04,sz000977,62.68,63.2,57.69,58.98,109742084,6472588114.32,浪潮信息
2025-09-05,sz000977,59.09,60.46,58.0,60.2,72717480,4377592296.0,浪潮信息
2025-09-08,sz000977,60.19,60.7,59.1,59.79,56436846,3374359022.34,浪潮信息
2025-09-09,sz000977,59.5,59.56,57.83,58.03,47403954,2750851450.62,浪潮信息
2025-09-10,sz000977,58.58,60.8,58.43,59.74,80240561,4793571114.14,浪潮信息
2025-09-11,sz000977,60.8,64.28,59.75,63.99,118664507,7593341802.93,浪潮信息
2025-09-12,sz000977,63.9,65.2,63.11,64.08,96840829,6205560322.32,浪潮信息
2025-09-15,sz000977,64.12,65.13,62.88,63.77,75909896,4840774067.92,浪潮信息
2025-09-16,sz000977,63.77,66.46,63.77,65.57,98673503,6470021591.709999,浪潮信息
2025-09-17,sz000977,65.01,66.2,63.88,65.09,69450377,4520525038.93,浪潮信息
2025-09-18,sz000977,65.14,67.32,64.0,65.56,119444080,7830753884.8,浪潮信息
2025-09-19,sz000977,65.61,66.06,63.91,64.36,71778566,4619668507.76,浪潮信息
2025-09-22,sz000977,64.32,66.99,63.85,66.5,94773576,6302442804.0,浪潮信息
2025-09-23,sz000977,66.98,68.45,64.88,67.16,108609406,7294207706.96,浪潮信息
2025-09-24,sz000977,66.7,69.14,65.9,69.14,121290898,8386052687.72,浪潮信息
2025-09-25,sz000977,70.24,76.05,69.22,76.05,140383775,10676186088.75,浪潮信息
2025-09-26,sz000977,76.45,76.94,71.87,71.99,174678619,12575113781.81,浪潮信息
2025-09-29,sz000977,72.04,73.11,70.75,72.6,102415466,7435362831.599999,浪潮信息
2025-09-30,sz000977,73.6,75.15,72.33,74.42,105858310,7877975430.2,浪潮信息
2025-10-09,sz000977,76.88,80.8,75.79,75.96,153847911,11686287319.56,浪潮信息
2025-10-10,sz000977,74.68,74.93,69.04,69.66,140294842,9772938693.72,浪潮信息
2025-10-13,sz000977,66.0,70.88,66.0,70.48,87825154,6189916853.92,浪潮信息
2025-10-14,sz000977,70.88,71.18,66.19,66.72,89272178,5956239716.16,浪潮信息
2025-10-15,sz000977,66.51,67.9,65.38,67.73,59644287,4039707558.51,浪潮信息
2025-10-16,sz000977,67.01,69.25,66.78,67.41,55143663,3717234322.83,浪潮信息
2025-10-17,sz000977,67.51,67.81,64.27,64.41,56237353,3622247906.73,浪潮信息
2025-10-20,sz000977,65.97,66.31,64.19,64.75,48688424,3152575454.0,浪潮信息
2025-10-21,sz000977,65.17,67.4,64.62,67.21,65561010,4406355482.099999,浪潮信息
2025-10-22,sz000977,66.59,67.3,65.7,66.52,39797050,2647299766.0,浪潮信息
2025-10-23,sz000977,66.03,66.17,63.8,65.68,45609106,2995606082.0800004,浪潮信息
2025-10-24,sz000977,66.1,67.92,65.96,67.8,59913576,4062140452.7999997,浪潮信息
2025-10-27,sz000977,68.9,68.94,67.28,68.41,69484392,4753427256.719999,浪潮信息
2025-10-28,sz000977,68.25,69.97,67.9,68.17,64947703,4427484913.51,浪潮信息
2025-10-29,sz000977,68.98,70.88,68.46,70.75,85361047,6039294075.25,浪潮信息
2025-10-30,sz000977,70.75,71.0,68.43,69.37,73642447,5108576548.39,浪潮信息
2025-10-31,sz000977,67.0,67.42,65.15,65.23,94356495,6154874168.85,浪潮信息
2025-11-03,sz000977,64.95,64.95,62.53,63.78,60220240,3840846907.2000003,浪潮信息
2025-11-04,sz000977,63.7,64.0,61.85,62.3,43338593,2699994343.9,浪潮信息
2025-11-05,sz000977,61.32,63.02,60.85,62.51,40497605,2531505288.5499997,浪潮信息
2025-11-06,sz000977,62.45,64.27,62.32,63.78,43469900,2772510222.0,浪潮信息
2025-11-07,sz000977,63.0,63.18,62.23,62.4,31439144,1961802585.6,浪潮信息
2025-11-10,sz000977,62.5,62.75,61.07,61.88,35710513,2209766544.44,浪潮信息
2025-11-11,sz000977,62.23,62.49,60.06,60.15,38413653,2310581227.95,浪潮信息
2025-11-12,sz000977,60.05,60.8,59.24,60.13,32853984,1975510057.92,浪潮信息
2025-11-13,sz000977,60.12,60.99,59.7,60.85,32099339,1953244778.15,浪潮信息
2025-11-14,sz000977,60.01,60.21,59.25,59.25,28942896,1714866588.0,浪潮信息
2025-11-17,sz000977,59.09,60.08,59.0,59.68,23154303,1381848803.04,浪潮信息
2025-11-18,sz000977,59.71,60.99,59.21,60.7,39431269,2393478028.3,浪潮信息
2025-11-19,sz000977,61.14,61.31,60.21,60.69,26962862,1636376094.78,浪潮信息
2025-11-20,sz000977,61.55,61.9,60.4,60.79,26135000,1588746650.0,浪潮信息
2025-11-21,sz000977,59.39,59.98,57.63,57.63,40442580,2330705885.4,浪潮信息
2025-11-24,sz000977,58.11,59.87,56.93,59.1,37174847,2197033457.7000003,浪潮信息
2025-11-25,sz000977,60.0,61.13,60.0,60.11,40975902,2463061469.22,浪潮信息
2025-11-26,sz000977,60.3,64.33,60.01,63.56,99539862,6326753628.72,浪潮信息
2025-11-27,sz000977,63.0,63.58,61.95,62.05,63662368,3950249934.3999996,浪潮信息
2025-11-28,sz000977,61.85,62.01,60.8,61.59,35661890,2196415805.1,浪潮信息
2025-12-01,sz000977,61.59,62.6,61.0,62.46,39630562,2475324902.52,浪潮信息
2025-12-02,sz000977,62.2,62.3,60.9,61.16,31141759,1904629980.4399998,浪潮信息
2025-12-03,sz000977,61.0,61.47,60.17,60.36,21754154,1313080735.44,浪潮信息
2025-12-04,sz000977,60.58,61.86,60.01,61.34,26797419,1643753681.46,浪潮信息
2025-12-05,sz000977,61.55,61.62,60.3,61.32,23850248,1462497207.36,浪潮信息
2025-12-08,sz000977,61.48,64.3,61.38,62.69,54264558,3401845141.02,浪潮信息
2025-12-09,sz000977,66.0,67.0,64.18,64.38,102846021,6621226831.98,浪潮信息
2025-12-10,sz000977,63.02,63.35,61.71,63.0,57352567,3613211721.0,浪潮信息
2025-12-11,sz000977,62.86,62.86,61.15,61.15,39221195,2398376074.25,浪潮信息
2025-12-12,sz000977,60.95,63.43,60.95,62.55,51307715,3209297573.25,浪潮信息
2025-12-15,sz000977,61.8,63.62,61.65,62.42,47986710,2995330438.2000003,浪潮信息
2025-12-16,sz000977,62.11,62.75,60.06,60.55,36910710,2234943490.5,浪潮信息
2025-12-17,sz000977,60.56,63.12,60.4,62.85,44429025,2792364221.25,浪潮信息
2025-12-18,sz000977,62.03,62.66,61.24,61.26,30057403,1841316507.78,浪潮信息
2025-12-19,sz000977,61.67,62.95,61.5,61.62,31174445,1920969300.8999999,浪潮信息
2025-12-22,sz000977,62.19,65.22,62.19,64.39,84125807,5416860712.7300005,浪潮信息
2025-12-23,sz000977,64.4,65.7,64.3,65.0,48354042,3143012730.0,浪潮信息
2025-12-24,sz000977,65.13,67.05,64.61,66.5,59088888,3929411052.0,浪潮信息
2025-12-25,sz000977,66.48,67.35,65.78,66.33,44566571,2956100654.43,浪潮信息
2025-12-26,sz000977,66.36,68.39,66.33,67.0,56767217,3803403539.0,浪潮信息
2025-12-29,sz000977,66.83,68.78,66.6,67.62,52329158,3538497663.96,浪潮信息
2025-12-30,sz000977,67.0,68.15,66.34,67.56,33438904,2259132354.2400002,浪潮信息
2025-12-31,sz000977,67.8,67.89,66.49,66.6,30676572,2043059695.1999998,浪潮信息
2026-01-05,sz000977,67.09,68.18,66.9,67.88,41857189,2841265989.3199997,浪潮信息
2026-01-06,sz000977,67.98,69.19,67.3,68.09,59676404,4063366348.36,浪潮信息
2026-01-07,sz000977,68.15,68.48,66.75,67.42,46970812,3166772145.04,浪潮信息
2026-01-08,sz000977,67.45,69.3,66.79,67.12,65762845,4414002156.400001,浪潮信息
2026-01-09,sz000977,66.63,69.43,66.2,68.9,71967949,4958591686.1,浪潮信息
2026-01-12,sz000977,69.36,71.38,69.2,70.77,82948473,5870263434.21,浪潮信息
2026-01-13,sz000977,71.12,71.4,67.1,67.66,76313403,5163364846.98,浪潮信息
2026-01-14,sz000977,68.23,71.6,68.15,69.55,93489011,6502160715.05,浪潮信息
2026-01-15,sz000977,69.81,69.82,67.55,68.13,53617203,3652940040.39,浪潮信息
2026-01-16,sz000977,68.7,69.45,67.03,68.09,50262029,3422341554.61,浪潮信息
2026-01-19,sz000977,67.49,67.53,65.36,65.8,68029027,4476309976.599999,浪潮信息
2026-01-20,sz000977,65.77,65.98,64.06,64.52,42783228,2760373870.56,浪潮信息
2026-01-21,sz000977,64.06,66.84,64.0,65.82,49501094,3258162007.0799994,浪潮信息
2026-01-22,sz000977,66.75,67.46,64.71,65.09,46634350,3035429841.5,浪潮信息
2026-01-23,sz000977,65.2,65.43,64.36,64.88,40004745,2595507855.6,浪潮信息
2026-01-26,sz000977,65.09,68.06,65.09,65.84,71971012,4738571430.08,浪潮信息
2026-01-27,sz000977,65.01,65.02,62.01,63.85,65527139,4183907825.15,浪潮信息
2026-01-28,sz000977,64.27,65.5,63.36,64.87,53479993,3469247145.9100003,浪潮信息
2026-01-29,sz000977,64.2,64.44,62.7,63.0,41295896,2601641448.0,浪潮信息
2026-01-30,sz000977,62.7,63.85,61.62,62.9,33075355,2080439829.5,浪潮信息
2026-02-02,sz000977,62.95,63.64,60.82,60.89,39163602,2384671725.78,浪潮信息
2026-02-03,sz000977,61.5,61.62,60.1,61.12,35583388,2174856674.56,浪潮信息
2026-02-04,sz000977,60.5,60.5,59.1,59.9,37932776,2272173282.4,浪潮信息
2026-02-05,sz000977,59.2,60.17,59.15,59.67,24852388,1482941991.96,浪潮信息
2026-02-06,sz000977,59.06,60.23,58.5,59.39,31071349,1845327417.1100001,浪潮信息
2026-02-09,sz000977,60.77,60.97,60.05,60.49,35979420,2176395115.8,浪潮信息
2026-02-10,sz000977,60.9,62.49,60.65,62.0,49882111,3092690882.0,浪潮信息
2026-02-11,sz000977,62.2,63.0,61.71,62.08,36562256,2269784852.48,浪潮信息
2026-02-12,sz000977,62.9,65.48,62.5,64.77,73768937,4778014049.49,浪潮信息
2026-02-13,sz000977,63.51,65.99,63.51,65.33,59495239,3886823963.87,浪潮信息
2026-02-24,sz000977,65.9,66.36,63.27,63.39,58688675,3720275108.25,浪潮信息
2026-02-25,sz000977,63.22,63.26,62.0,62.57,41063561,2569347011.77,浪潮信息
2026-02-26,sz000977,62.61,63.77,62.0,63.07,42077863,2653850819.41,浪潮信息
2026-02-27,sz000977,62.15,65.03,61.63,63.88,54425213,3476682606.44,浪潮信息
2026-03-02,sz000977,62.62,63.16,61.16,61.26,55695577,3411911047.02,浪潮信息
2026-03-03,sz000977,61.6,62.13,58.7,58.73,50915194,2990249343.62,浪潮信息
2026-03-04,sz000977,57.9,59.53,57.77,58.33,30224649,1763003776.1699998,浪潮信息
2026-03-05,sz000977,59.37,60.0,58.5,59.33,34443051,2043506215.83,浪潮信息
2026-03-06,sz000977,59.0,59.5,58.58,59.43,24880651,1478657088.93,浪潮信息
2026-03-09,sz000977,59.79,61.8,58.36,61.77,58059028,3586306159.5600004,浪潮信息
2026-03-10,sz000977,62.65,63.26,61.34,61.99,56340324,3492536684.76,浪潮信息
2026-03-11,sz000977,62.0,63.0,61.81,62.35,42514235,2650762552.25,浪潮信息
2026-03-12,sz000977,61.77,64.84,61.6,63.3,66747097,4225091240.1,浪潮信息
2026-03-13,sz000977,62.05,63.51,60.79,61.79,52660042,3253863995.18,浪潮信息
2026-03-16,sz000977,60.7,60.86,59.9,60.6,29524086,1789159611.6000001,浪潮信息
2026-03-17,sz000977,60.88,61.19,59.0,59.04,31791425,1876965732.0,浪潮信息
2026-03-18,sz000977,59.21,62.58,59.0,62.36,50898126,3174007137.36,浪潮信息
2026-03-19,sz000977,61.0,62.46,60.69,61.4,38730460,2378050244.0,浪潮信息
2026-03-20,sz000977,61.61,61.71,59.5,59.5,40211746,2392598887.0,浪潮信息
2026-03-23,sz000977,58.26,58.44,55.66,55.73,45695980,2546636965.4,浪潮信息
2026-03-24,sz000977,56.78,58.49,55.66,58.06,35876115,2082967236.9,浪潮信息
2026-03-25,sz000977,58.06,60.22,58.0,59.54,40454700,2408672838.0,浪潮信息
2026-03-26,sz000977,59.45,60.09,57.6,57.96,29475349,1708391228.04,浪潮信息
2026-03-27,sz000977,57.01,58.04,56.33,57.39,25895055,1486117206.45,浪潮信息
2026-03-30,sz000977,56.05,57.24,55.36,56.7,29259027,1658986830.9,浪潮信息
2026-03-31,sz000977,56.5,57.75,56.01,56.08,23462835,1315795786.8,浪潮信息
2026-04-01,sz000977,57.43,58.86,57.12,58.48,46409594,2714033057.12,浪潮信息
2026-04-02,sz000977,58.01,58.37,56.26,56.65,30100497,1705193155.05,浪潮信息
2026-04-03,sz000977,57.12,58.0,56.73,56.94,24878064,1416556964.1599998,浪潮信息
2026-04-07,sz000977,57.37,59.99,57.33,59.47,59586525,3543610641.75,浪潮信息
2026-04-08,sz000977,60.66,63.1,59.86,62.68,70790050,4437120334.0,浪潮信息
2026-04-09,sz000977,61.5,65.66,61.3,65.07,106255949,6914074601.429999,浪潮信息
2026-04-10,sz000977,65.77,69.2,65.28,67.5,117289253,7917024577.5,浪潮信息
2026-04-13,sz000977,66.0,70.19,65.81,68.34,105560311,7213991653.740001,浪潮信息
2026-04-14,sz000977,69.0,69.31,66.85,67.99,79882464,5431208727.36,浪潮信息
2026-04-15,sz000977,67.97,70.16,66.95,68.88,88658327,6106785563.759999,浪潮信息
2026-04-16,sz000977,68.42,69.19,67.22,68.28,60857716,4155364848.48,浪潮信息
2026-04-17,sz000977,68.98,69.68,67.85,68.23,61797175,4216421250.2500005,浪潮信息
2026-04-20,sz000977,69.45,75.05,69.45,73.12,148677609,10871306770.08,浪潮信息
2026-04-21,sz000977,71.01,72.23,68.3,71.37,107085311,7642678646.070001,浪潮信息
2026-04-22,sz000977,71.65,75.44,70.98,74.2,101649417,7542386741.400001,浪潮信息
2026-04-23,sz000977,74.32,75.15,72.48,73.83,69404790,5124155645.7,浪潮信息
2026-04-24,sz000977,73.78,75.62,72.0,74.85,93362100,6988153184.999999,浪潮信息
2026-04-27,sz000977,75.0,75.99,72.95,73.16,67154361,4913013050.76,浪潮信息
2026-04-28,sz000977,73.0,73.06,70.37,70.83,59967731,4247514386.73,浪潮信息
2026-04-29,sz000977,70.48,73.0,69.69,72.28,50964877,3683741309.56,浪潮信息
2026-04-30,sz000977,69.5,70.5,66.15,69.75,119991057,8369376225.75,浪潮信息
2026-05-06,sz000977,71.0,74.78,71.0,73.22,100776559,7378859649.98,浪潮信息
2026-05-07,sz000977,73.22,73.45,71.78,73.24,64043156,4690520745.44,浪潮信息
2026-05-08,sz000977,72.13,79.49,71.1,76.48,125184330,9574097558.4,浪潮信息
2026-05-11,sz000977,77.1,78.24,75.6,76.0,93727040,7123255040.0,浪潮信息
2026-05-12,sz000977,76.5,76.55,72.54,73.13,76575806,5599988692.78,浪潮信息
2026-05-13,sz000977,72.66,77.58,72.11,77.38,99741679,7718011121.0199995,浪潮信息
2026-05-14,sz000977,78.0,78.15,70.2,71.6,144468697,10343958705.199999,浪潮信息
2024-01-02,sh603019,39.39,40.08,39.09,39.11,24638517,963612399.87,中科曙光
2024-01-03,sh603019,39.1,39.36,37.9,38.42,26473851,1017125355.4200001,中科曙光
2024-01-04,sh603019,38.2,38.96,37.9,38.94,22643788,881749104.7199999,中科曙光
2024-01-05,sh603019,38.68,38.75,37.0,37.23,34291845,1276685389.35,中科曙光
2024-01-08,sh603019,37.0,37.0,35.8,35.8,25498965,912862946.9999999,中科曙光
2024-01-09,sh603019,36.0,36.47,34.8,35.39,26624810,942252025.9,中科曙光
2024-01-10,sh603019,35.29,35.3,34.27,34.3,21530503,738496252.9,中科曙光
2024-01-11,sh603019,34.27,35.43,34.26,35.34,26992058,953899329.7200001,中科曙光
2024-01-12,sh603019,35.02,35.21,34.26,34.28,22282388,763840260.64,中科曙光
2024-01-15,sh603019,33.97,34.11,32.53,32.62,50097633,1634184788.4599998,中科曙光
2024-01-16,sh603019,32.5,32.74,31.63,32.13,43547573,1399183520.49,中科曙光
2024-01-17,sh603019,32.1,32.68,31.8,31.83,28148980,895982033.4,中科曙光
2024-01-18,sh603019,31.4,32.91,31.18,32.89,45873547,1508780960.83,中科曙光
2024-01-19,sh603019,32.68,33.2,32.5,32.51,30794679,1001135014.29,中科曙光
2024-01-22,sh603019,32.91,33.3,31.56,32.0,35033960,1121086720.0,中科曙光
2024-01-23,sh603019,31.7,33.68,31.7,33.4,47528685,1587458079.0,中科曙光
2024-01-24,sh603019,33.44,33.73,32.36,33.64,39867443,1341140782.52,中科曙光
2024-01-25,sh603019,33.61,35.19,33.21,34.99,53711473,1879364440.2700002,中科曙光
2024-01-26,sh603019,34.88,34.97,33.88,33.99,36972729,1256703058.71,中科曙光
2024-01-29,sh603019,34.14,34.63,33.1,33.61,34351834,1154565140.74,中科曙光
2024-01-30,sh603019,33.2,34.09,32.68,32.86,27413204,900797883.4399999,中科曙光
2024-01-31,sh603019,32.66,32.84,31.31,31.35,35063365,1099236492.75,中科曙光
2024-02-01,sh603019,31.0,32.9,30.34,31.98,36336763,1162049680.74,中科曙光
2024-02-02,sh603019,31.9,32.3,29.0,30.79,46156694,1421164608.26,中科曙光
2024-02-05,sh603019,30.3,31.41,28.72,30.1,40996499,1233994619.9,中科曙光
2024-02-06,sh603019,29.55,32.83,29.51,32.4,43936011,1423526756.3999999,中科曙光
2024-02-07,sh603019,32.3,33.38,32.1,32.65,40564720,1324438108.0,中科曙光
2024-02-08,sh603019,33.2,34.25,33.18,34.0,42077291,1430627894.0,中科曙光
2024-02-19,sh603019,36.01,37.4,35.18,37.4,86529663,3236209396.2,中科曙光
2024-02-20,sh603019,36.9,37.45,36.48,36.58,68370272,2500984549.7599998,中科曙光
2024-02-21,sh603019,35.86,37.1,35.71,36.12,49742676,1796705457.12,中科曙光
2024-02-22,sh603019,38.5,39.73,38.49,39.14,120117053,4701381454.42,中科曙光
2024-02-23,sh603019,39.73,39.87,38.86,39.32,90123648,3543661839.36,中科曙光
2024-02-26,sh603019,39.47,42.8,39.18,41.69,114128888,4758033340.719999,中科曙光
2024-02-27,sh603019,41.07,45.86,40.8,45.86,89577987,4108046483.82,中科曙光
2024-02-28,sh603019,50.21,50.45,47.54,47.56,262077229,12464393011.24,中科曙光
2024-02-29,sh603019,48.56,51.36,47.8,49.71,234818992,11672852092.32,中科曙光
2024-03-01,sh603019,48.95,54.0,48.71,53.5,214532103,11477467510.5,中科曙光
2024-03-04,sh603019,54.8,54.8,51.87,53.92,186216120,10040773190.4,中科曙光
2024-03-05,sh603019,52.59,56.8,51.8,52.94,185870415,9839979770.1,中科曙光
2024-03-06,sh603019,52.1,55.4,51.68,54.5,171358664,9339047188.0,中科曙光
2024-03-07,sh603019,54.01,54.65,51.8,52.07,146563485,7631560663.95,中科曙光
2024-03-08,sh603019,52.6,53.58,51.76,53.15,118634492,6305423249.8,中科曙光
2024-03-11,sh603019,51.8,55.12,51.6,55.12,142659139,7863371741.679999,中科曙光
2024-03-12,sh603019,54.9,54.97,52.7,53.2,118315317,6294374864.400001,中科曙光
2024-03-13,sh603019,54.02,54.24,51.56,51.62,122453993,6321075118.66,中科曙光
2024-03-14,sh603019,50.6,53.07,50.59,52.3,118355110,6189972253.0,中科曙光
2024-03-15,sh603019,52.03,52.55,50.87,52.46,87324711,4581054339.06,中科曙光
2024-03-18,sh603019,52.3,53.71,51.98,53.3,117721180,6274538894.0,中科曙光
2024-03-19,sh603019,52.8,54.1,52.08,52.43,87482754,4586720792.22,中科曙光
2024-03-20,sh603019,52.3,54.93,52.3,53.42,117325764,6267542312.88,中科曙光
2024-03-21,sh603019,53.08,54.02,52.18,52.26,80334963,4198305166.3799996,中科曙光
2024-03-22,sh603019,52.3,54.68,52.3,54.09,140807697,7616288330.7300005,中科曙光
2024-03-25,sh603019,54.0,54.37,51.77,51.77,111874402,5791737791.54,中科曙光
2024-03-26,sh603019,51.63,52.93,48.38,48.77,145872845,7114218650.650001,中科曙光
2024-03-27,sh603019,48.71,49.17,46.88,47.05,93035112,4377302019.599999,中科曙光
2024-03-28,sh603019,47.3,49.92,47.12,48.87,110320727,5391373928.49,中科曙光
2024-03-29,sh603019,48.37,48.49,46.85,47.75,68807510,3285558602.5,中科曙光
2024-04-01,sh603019,48.35,49.5,47.98,48.89,69056659,3376180058.51,中科曙光
2024-04-02,sh603019,48.75,49.06,47.18,47.54,57636938,2740060032.52,中科曙光
2024-04-03,sh603019,47.25,47.45,45.89,46.05,57650205,2654791940.25,中科曙光
2024-04-08,sh603019,45.8,46.9,45.79,45.9,41273394,1894448784.6,中科曙光
2024-04-09,sh603019,45.9,46.07,44.68,45.48,47881822,2177665264.56,中科曙光
2024-04-10,sh603019,45.4,45.4,43.71,43.93,46036427,2022380238.11,中科曙光
2024-04-11,sh603019,43.96,45.17,43.95,44.38,48285432,2142907472.16,中科曙光
2024-04-12,sh603019,45.04,46.19,45.0,45.0,59290628,2668078260.0,中科曙光
2024-04-15,sh603019,45.02,46.19,44.73,45.6,58259921,2656652397.6,中科曙光
2024-04-16,sh603019,45.1,47.37,44.85,46.01,89451090,4115644650.8999996,中科曙光
2024-04-17,sh603019,46.53,48.0,45.8,47.99,89639659,4301807235.41,中科曙光
2024-04-18,sh603019,47.18,47.89,46.22,46.75,79905257,3735570764.75,中科曙光
2024-04-19,sh603019,46.35,46.69,44.31,44.67,76963347,3437952710.4900002,中科曙光
2024-04-22,sh603019,42.2,42.98,41.93,42.51,71834047,3053665337.97,中科曙光
2024-04-23,sh603019,42.88,43.12,41.8,41.88,45055808,1886937239.0400002,中科曙光
2024-04-24,sh603019,42.4,44.44,42.12,44.21,69265494,3062227489.7400002,中科曙光
2024-04-25,sh603019,43.79,44.82,43.58,44.19,42556670,1880579247.3,中科曙光
2024-04-26,sh603019,44.81,47.0,44.81,46.59,85743359,3994783095.8100004,中科曙光
2024-04-29,sh603019,47.14,48.22,46.88,47.77,73278543,3500515999.11,中科曙光
2024-04-30,sh603019,48.0,48.66,46.79,47.68,71625591,3415108178.88,中科曙光
2024-05-06,sh603019,48.62,48.65,46.88,47.21,53374045,2519788664.45,中科曙光
2024-05-07,sh603019,47.3,47.66,45.92,46.28,54985640,2544735419.2000003,中科曙光
2024-05-08,sh603019,46.02,46.73,45.56,46.09,35229032,1623706084.88,中科曙光
2024-05-09,sh603019,46.11,46.5,45.55,46.5,44761753,2081421514.5,中科曙光
2024-05-10,sh603019,46.3,46.35,44.31,44.5,62374933,2775684518.5,中科曙光
2024-05-13,sh603019,44.1,44.58,43.42,43.59,37797123,1647576591.5700002,中科曙光
2024-05-14,sh603019,43.86,44.38,43.44,44.23,35139497,1554219952.31,中科曙光
2024-05-15,sh603019,44.01,44.53,43.53,43.77,31162937,1364001752.49,中科曙光
2024-05-16,sh603019,44.41,45.3,43.92,44.53,59021355,2628220938.15,中科曙光
2024-05-17,sh603019,44.1,44.4,43.58,44.22,36543002,1615931548.44,中科曙光
2024-05-20,sh603019,43.9,44.95,43.41,44.55,46299007,2062620761.85,中科曙光
2024-05-21,sh603019,44.63,44.95,43.83,43.88,29662428,1301587340.64,中科曙光
2024-05-22,sh603019,43.79,44.09,43.5,43.89,24192998,1061830682.22,中科曙光
2024-05-23,sh603019,44.23,44.3,42.45,42.65,41889986,1786607902.8999999,中科曙光
2024-05-24,sh603019,42.65,43.12,41.35,41.35,41519177,1716817968.95,中科曙光
2024-05-27,sh603019,41.39,42.17,40.71,42.17,39083399,1648146935.8300002,中科曙光
2024-05-28,sh603019,41.97,42.29,41.09,41.15,28439540,1170287071.0,中科曙光
2024-05-29,sh603019,41.4,41.56,40.13,40.58,34594560,1403847244.8,中科曙光
2024-05-30,sh603019,40.25,40.76,39.79,40.4,24924004,1006929761.6,中科曙光
2024-05-31,sh603019,40.47,41.68,40.31,40.87,30981058,1266195840.46,中科曙光
2024-06-03,sh603019,40.88,41.29,40.35,40.78,29038565,1184192680.7,中科曙光
2024-06-04,sh603019,40.8,40.99,40.0,40.56,26780310,1086209373.6000001,中科曙光
2024-06-05,sh603019,40.6,40.89,39.87,39.93,23270489,929190625.77,中科曙光
2024-06-06,sh603019,40.1,41.28,39.77,40.02,46842246,1874626684.92,中科曙光
2024-06-07,sh603019,40.06,40.12,38.48,38.85,45107231,1752415924.3500001,中科曙光
2024-06-11,sh603019,38.73,40.08,38.5,39.99,39654998,1585803370.02,中科曙光
2024-06-12,sh603019,39.87,40.65,39.79,40.29,28344808,1142012314.32,中科曙光
2024-06-13,sh603019,40.29,41.41,40.29,40.84,38098352,1555936695.68,中科曙光
2024-06-14,sh603019,40.55,42.5,40.52,42.26,57839096,2444280196.96,中科曙光
2024-06-17,sh603019,42.18,42.2,41.42,41.75,35487391,1481598574.25,中科曙光
2024-06-18,sh603019,41.58,43.5,41.51,42.69,49059257,2094339681.33,中科曙光
2024-06-19,sh603019,42.74,43.65,42.52,42.52,43198355,1836794054.6000001,中科曙光
2024-06-20,sh603019,42.04,42.05,40.96,40.97,40218384,1647747192.48,中科曙光
2024-06-21,sh603019,40.54,41.43,40.12,41.26,26207647,1081327515.22,中科曙光
2024-06-24,sh603019,41.0,41.21,39.65,39.76,26652049,1059685468.2399999,中科曙光
2024-06-25,sh603019,39.8,39.87,38.01,38.49,32672367,1257559405.8300002,中科曙光
2024-06-26,sh603019,38.5,42.08,38.46,41.83,50869253,2127860852.99,中科曙光
2024-06-27,sh603019,41.55,42.07,41.02,41.08,41063152,1686874284.1599998,中科曙光
2024-06-28,sh603019,40.81,42.21,40.75,41.5,39883678,1655172637.0,中科曙光
2024-07-01,sh603019,41.45,41.79,40.29,41.43,34927565,1447049017.95,中科曙光
2024-07-02,sh603019,41.16,41.64,40.26,40.59,26364840,1070148855.6000001,中科曙光
2024-07-03,sh603019,40.56,40.63,39.43,40.01,22814134,912793501.3399999,中科曙光
2024-07-04,sh603019,40.46,40.47,39.16,39.2,21257486,833293451.2,中科曙光
2024-07-05,sh603019,39.3,40.38,39.22,39.68,29051640,1152769075.2,中科曙光
2024-07-08,sh603019,39.55,39.56,38.5,38.75,25653865,994087268.75,中科曙光
2024-07-09,sh603019,38.8,40.55,38.38,40.4,44648720,1803808288.0,中科曙光
2024-07-10,sh603019,40.1,40.62,40.02,40.15,25870909,1038716996.3499999,中科曙光
2024-07-11,sh603019,40.96,41.25,40.17,41.24,43947620,1812399848.8000002,中科曙光
2024-07-12,sh603019,40.92,40.92,40.21,40.42,25314445,1023209866.9000001,中科曙光
2024-07-15,sh603019,40.15,40.7,39.83,40.28,18364669,739728867.32,中科曙光
2024-07-16,sh603019,40.06,42.92,39.91,42.3,69732968,2949704546.3999996,中科曙光
2024-07-17,sh603019,42.06,43.29,41.78,41.85,54130681,2265368999.85,中科曙光
2024-07-18,sh603019,41.31,41.7,39.88,41.23,49739475,2050758554.2499998,中科曙光
2024-07-19,sh603019,41.01,44.18,41.01,43.52,88449168,3849307791.36,中科曙光
2024-07-22,sh603019,44.16,45.51,43.56,44.43,90967214,4041673318.02,中科曙光
2024-07-23,sh603019,44.63,45.19,43.0,43.1,64615334,2784920895.4,中科曙光
2024-07-24,sh603019,43.06,44.56,43.06,43.49,59754453,2598721160.9700003,中科曙光
2024-07-25,sh603019,42.81,44.28,42.7,43.54,51874015,2258594613.1,中科曙光
2024-07-26,sh603019,43.21,43.81,41.93,42.89,52897488,2268773260.32,中科曙光
2024-07-29,sh603019,42.91,42.98,42.0,42.0,32759590,1375902780.0,中科曙光
2024-07-30,sh603019,41.53,42.0,40.77,42.0,34228507,1437597294.0,中科曙光
2024-07-31,sh603019,41.79,43.9,41.68,43.9,53369069,2342902129.1,中科曙光
2024-08-01,sh603019,44.24,44.26,43.31,43.71,41131831,1797872333.01,中科曙光
2024-08-02,sh603019,43.0,44.64,42.8,42.89,43293250,1856847492.5,中科曙光
2024-08-05,sh603019,42.0,42.89,40.5,40.5,47712894,1932372207.0,中科曙光
2024-08-06,sh603019,41.3,41.48,40.08,41.11,31958414,1313810399.54,中科曙光
2024-08-07,sh603019,40.95,41.19,38.9,39.41,40782134,1607223900.9399998,中科曙光
2024-08-08,sh603019,38.99,39.81,38.5,39.16,29289381,1146972159.9599998,中科曙光
2024-08-09,sh603019,39.69,39.85,38.97,38.99,19639648,765749875.52,中科曙光
2024-08-12,sh603019,38.9,39.3,38.55,38.94,17020996,662797584.24,中科曙光
2024-08-13,sh603019,39.03,39.52,38.91,39.5,16945711,669355584.5,中科曙光
2024-08-14,sh603019,39.84,39.84,39.06,39.11,13874731,542640729.41,中科曙光
2024-08-15,sh603019,38.51,39.99,38.49,39.49,25955579,1024985814.71,中科曙光
2024-08-16,sh603019,39.5,39.98,39.3,39.54,18633391,736764280.14,中科曙光
2024-08-19,sh603019,39.55,40.47,39.38,40.0,20649688,825987520.0,中科曙光
2024-08-20,sh603019,40.0,40.01,38.88,39.02,20944690,817261803.8000001,中科曙光
2024-08-21,sh603019,38.81,39.38,38.81,39.0,13713575,534829425.0,中科曙光
2024-08-22,sh603019,39.08,39.3,36.37,36.51,48985609,1788464584.59,中科曙光
2024-08-23,sh603019,36.52,37.03,35.79,36.38,34519677,1255825849.26,中科曙光
2024-08-26,sh603019,36.4,36.58,35.16,35.68,31478130,1123139678.4,中科曙光
2024-08-27,sh603019,35.45,35.55,34.83,35.01,20837301,729513908.01,中科曙光
2024-08-28,sh603019,35.01,35.48,34.82,35.3,16893123,596327241.9,中科曙光
2024-08-29,sh603019,35.11,36.02,34.89,35.58,22484847,800010856.26,中科曙光
2024-08-30,sh603019,35.58,37.28,35.5,36.88,36537933,1347518969.0400002,中科曙光
2024-09-02,sh603019,36.87,37.07,35.61,35.63,23958452,853639644.7600001,中科曙光
2024-09-03,sh603019,35.63,36.12,35.46,35.85,15083921,540758567.85,中科曙光
2024-09-04,sh603019,35.3,35.75,35.16,35.46,13384120,474600895.2,中科曙光
2024-09-05,sh603019,35.59,36.25,35.55,35.71,15185408,542270919.6800001,中科曙光
2024-09-06,sh603019,35.65,35.98,34.07,34.32,28780446,987744906.72,中科曙光
2024-09-09,sh603019,34.18,34.6,34.1,34.52,14941919,515795043.88000005,中科曙光
2024-09-10,sh603019,34.52,36.54,34.24,35.97,31297080,1125755967.6,中科曙光
2024-09-11,sh603019,35.6,36.14,35.58,36.07,17288880,623609901.6,中科曙光
2024-09-12,sh603019,36.19,36.68,35.74,35.76,18377125,657165990.0,中科曙光
2024-09-13,sh603019,35.79,36.16,35.33,35.46,14974060,530980167.6,中科曙光
2024-09-18,sh603019,35.46,35.79,35.03,35.57,14611608,519734896.56,中科曙光
2024-09-19,sh603019,35.8,36.63,35.35,36.3,23821606,864724297.8,中科曙光
2024-09-20,sh603019,36.3,36.76,36.13,36.59,22888870,837503753.3000001,中科曙光
2024-09-23,sh603019,36.36,37.3,36.3,36.36,22422096,815267410.56,中科曙光
2024-09-24,sh603019,36.6,38.31,35.9,38.23,47439138,1813598245.7399998,中科曙光
2024-09-25,sh603019,38.6,39.74,38.2,38.3,51698850,1980065954.9999998,中科曙光
2024-09-26,sh603019,38.25,39.66,38.03,39.62,39835395,1578278349.8999999,中科曙光
2024-09-27,sh603019,40.28,43.55,39.87,43.38,54107860,2347198966.8,中科曙光
2024-09-30,sh603019,46.1,47.72,45.42,47.72,104802721,5001185846.12,中科曙光
2024-10-08,sh603019,52.49,52.49,50.1,52.49,72751990,3818751955.1000004,中科曙光
2024-10-09,sh603019,54.0,57.74,52.9,55.95,211251413,11819516557.35,中科曙光
2024-10-10,sh603019,56.0,56.5,50.4,52.51,133383924,7003989849.24,中科曙光
2024-10-11,sh603019,51.45,53.55,50.52,51.01,92069216,4696450708.16,中科曙光
2024-10-14,sh603019,51.26,52.09,48.75,52.0,95823963,4982846076.0,中科曙光
2024-10-15,sh603019,52.0,54.1,51.15,51.19,91893442,4704025295.98,中科曙光
2024-10-16,sh603019,48.99,50.26,48.66,49.01,79900097,3915903753.97,中科曙光
2024-10-17,sh603019,50.7,53.85,50.26,52.02,143423616,7460896504.320001,中科曙光
2024-10-18,sh603019,51.5,56.88,51.35,55.22,149789653,8271384638.66,中科曙光
2024-10-21,sh603019,56.5,59.11,56.16,56.37,158622557,8941553538.09,中科曙光
2024-10-22,sh603019,55.0,56.1,54.42,55.22,89136080,4922094337.599999,中科曙光
2024-10-23,sh603019,55.25,56.2,54.13,54.46,82738143,4505919267.78,中科曙光
2024-10-24,sh603019,53.97,55.29,53.75,54.6,55786967,3045968398.2000003,中科曙光
2024-10-25,sh603019,55.0,55.12,53.73,54.42,57460236,3126986043.12,中科曙光
2024-10-28,sh603019,54.42,54.78,53.77,54.23,47771751,2590662056.73,中科曙光
2024-10-29,sh603019,54.32,59.65,54.09,59.65,194900880,11625837492.0,中科曙光
2024-10-30,sh603019,59.67,59.67,56.88,58.47,153157294,8955106980.18,中科曙光
2024-10-31,sh603019,58.48,63.15,57.36,61.2,171489050,10495129860.0,中科曙光
2024-11-01,sh603019,60.02,65.77,60.0,60.45,156526296,9462014593.2,中科曙光
2024-11-04,sh603019,60.64,66.5,59.07,66.5,141336702,9398890683.0,中科曙光
2024-11-05,sh603019,68.01,73.15,66.6,71.73,189325876,13580345085.480001,中科曙光
2024-11-06,sh603019,71.89,74.9,68.96,72.11,168065425,12119197796.75,中科曙光
2024-11-07,sh603019,70.5,77.3,69.1,75.6,141927477,10729717261.199999,中科曙光
2024-11-08,sh603019,76.01,82.5,76.01,79.44,142410319,11313075741.36,中科曙光
2024-11-11,sh603019,79.85,87.38,79.85,87.38,165475503,14459249452.14,中科曙光
2024-11-12,sh603019,89.93,89.93,81.01,83.9,186792356,15671878668.400002,中科曙光
2024-11-13,sh603019,81.91,85.59,81.58,82.7,110898616,9171315543.2,中科曙光
2024-11-14,sh603019,81.2,81.2,76.55,76.86,141979916,10912576343.76,中科曙光
2024-11-15,sh603019,76.0,76.9,71.98,72.53,151540109,10991204105.77,中科曙光
2024-11-18,sh603019,72.53,73.93,70.2,71.35,109634099,7822392963.65,中科曙光
2024-11-19,sh603019,70.9,78.42,69.85,77.19,146036994,11272595566.86,中科曙光
2024-11-20,sh603019,75.88,80.89,74.9,77.7,132564953,10300296848.1,中科曙光
2024-11-21,sh603019,76.79,80.5,76.28,78.93,105284754,8310125633.22,中科曙光
2024-11-22,sh603019,78.91,79.88,74.58,74.85,100020043,7486500218.549999,中科曙光
2024-11-25,sh603019,74.6,79.59,72.86,79.07,115421453,9126374288.71,中科曙光
2024-11-26,sh603019,78.28,79.04,76.02,76.04,76973328,5853051861.120001,中科曙光
2024-11-27,sh603019,74.56,78.98,73.7,78.48,96095930,7541608586.400001,中科曙光
2024-11-28,sh603019,78.48,86.0,78.01,81.74,151152272,12355186713.279999,中科曙光
2024-11-29,sh603019,80.2,85.95,80.11,84.8,123298143,10455682526.4,中科曙光
2024-12-02,sh603019,84.8,86.84,82.67,83.8,112960431,9466084117.8,中科曙光
2024-12-03,sh603019,83.2,84.8,75.53,77.85,151806115,11818106052.75,中科曙光
2024-12-04,sh603019,77.3,79.1,76.4,78.0,95305546,7433832588.0,中科曙光
2024-12-05,sh603019,77.2,77.5,75.2,75.95,82059353,6232407860.35,中科曙光
2024-12-06,sh603019,76.06,78.57,75.74,76.99,76783538,5911564590.62,中科曙光
2024-12-09,sh603019,77.0,77.14,74.36,74.99,63112806,4732829321.94,中科曙光
2024-12-10,sh603019,78.81,79.05,74.6,74.94,82403070,6175286065.8,中科曙光
2024-12-11,sh603019,74.11,74.8,72.9,73.72,71603442,5278605744.24,中科曙光
2024-12-12,sh603019,73.95,75.79,72.5,74.79,71701581,5362561242.990001,中科曙光
2024-12-13,sh603019,73.9,74.26,71.79,71.93,61294860,4408939279.8,中科曙光
2024-12-16,sh603019,71.92,73.1,71.11,71.39,44960638,3209739946.82,中科曙光
2024-12-17,sh603019,71.56,72.72,71.14,71.45,42017643,3002160592.35,中科曙光
2024-12-18,sh603019,71.72,72.46,71.13,71.89,39851255,2864906721.95,中科曙光
2024-12-19,sh603019,71.01,77.18,70.8,76.26,113366226,8645308394.76,中科曙光
2024-12-20,sh603019,75.2,77.3,74.6,75.54,78060333,5896677554.820001,中科曙光
2024-12-23,sh603019,76.0,78.5,75.99,76.78,90959647,6983881696.66,中科曙光
2024-12-24,sh603019,77.0,77.96,75.6,76.98,61702847,4749885162.06,中科曙光
2024-12-25,sh603019,77.85,80.74,77.68,78.8,104598272,8242343833.599999,中科曙光
2024-12-26,sh603019,77.8,79.99,77.19,79.01,82176694,6492780592.940001,中科曙光
2024-12-27,sh603019,79.02,79.39,74.59,74.84,105106984,7866206682.56,中科曙光
2024-12-30,sh603019,74.84,75.93,73.8,74.04,63185590,4678261083.6,中科曙光
2024-12-31,sh603019,74.17,74.2,72.13,72.32,51907108,3753922050.5599995,中科曙光
2025-01-02,sh603019,72.2,72.2,67.01,67.95,89899466,6108668714.7,中科曙光
2025-01-03,sh603019,67.42,67.79,64.78,64.82,68366490,4431515881.799999,中科曙光
2025-01-06,sh603019,64.17,65.98,63.89,64.51,44500713,2870740995.63,中科曙光
2025-01-07,sh603019,64.6,66.55,64.38,66.55,58279784,3878519625.2,中科曙光
2025-01-08,sh603019,65.9,66.17,63.36,65.44,60119352,3934210394.8799996,中科曙光
2025-01-09,sh603019,64.96,66.79,64.9,65.74,45742533,3007114119.4199996,中科曙光
2025-01-10,sh603019,62.7,64.09,61.65,61.66,91340473,5632053565.179999,中科曙光
2025-01-13,sh603019,60.31,61.64,60.18,60.89,42707039,2600431604.71,中科曙光
2025-01-14,sh603019,61.87,64.44,61.01,64.34,72667835,4675448503.900001,中科曙光
2025-01-15,sh603019,64.34,66.44,63.67,64.49,66567201,4292918792.49,中科曙光
2025-01-16,sh603019,64.49,65.99,63.23,63.98,50971371,3261148316.58,中科曙光
2025-01-17,sh603019,63.58,65.39,63.58,64.42,40583803,2614408589.26,中科曙光
2025-01-20,sh603019,65.3,65.79,64.39,64.73,36129338,2338652048.7400002,中科曙光
2025-01-21,sh603019,64.99,65.9,64.66,65.25,42122217,2748474659.25,中科曙光
2025-01-22,sh603019,64.95,67.48,64.58,66.72,75612837,5044888484.64,中科曙光
2025-01-23,sh603019,67.17,68.54,65.41,65.52,69366584,4544898583.679999,中科曙光
2025-01-24,sh603019,65.19,66.71,65.01,66.5,42708575,2840120237.5,中科曙光
2025-01-27,sh603019,70.0,70.0,66.73,66.99,73282851,4909218188.49,中科曙光
2025-02-05,sh603019,70.0,72.18,69.0,72.1,113378664,8174601674.4,中科曙光
2025-02-06,sh603019,72.71,73.68,70.67,73.0,89198297,6511475681.0,中科曙光
2025-02-07,sh603019,73.21,78.78,72.58,75.02,140029285,10504996960.699999,中科曙光
2025-02-10,sh603019,75.19,78.5,75.18,76.51,103458954,7915644570.540001,中科曙光
2025-02-11,sh603019,76.0,77.0,74.25,74.96,86006410,6447040493.599999,中科曙光
2025-02-12,sh603019,74.4,75.44,74.07,74.82,69413270,5193500861.4,中科曙光
2025-02-13,sh603019,74.9,75.14,72.34,72.5,73562560,5333285600.0,中科曙光
2025-02-14,sh603019,72.3,74.5,72.08,73.98,65265085,4828310988.3,中科曙光
2025-02-17,sh603019,76.0,78.7,75.32,76.15,102204793,7782894986.950001,中科曙光
2025-02-18,sh603019,76.15,76.16,72.52,72.92,71083366,5183399048.72,中科曙光
2025-02-19,sh603019,72.92,74.35,72.53,74.07,50080443,3709458413.0099998,中科曙光
2025-02-20,sh603019,74.07,74.07,72.6,73.01,45275680,3305577396.8,中科曙光
2025-02-21,sh603019,73.8,77.31,73.8,76.95,128441658,9883585583.1,中科曙光
2025-02-24,sh603019,77.6,78.33,76.0,77.29,95008627,7343216780.830001,中科曙光
2025-02-25,sh603019,75.82,78.0,75.5,76.1,62979581,4792746114.099999,中科曙光
2025-02-26,sh603019,76.69,78.5,75.2,78.2,91967579,7191864677.8,中科曙光
2025-02-27,sh603019,78.98,79.01,75.5,76.39,74043369,5656172957.91,中科曙光
2025-02-28,sh603019,75.5,75.98,71.47,71.74,72643915,5211474462.099999,中科曙光
2025-03-03,sh603019,71.73,72.3,69.81,70.48,46021318,3243582492.6400003,中科曙光
2025-03-04,sh603019,69.5,71.43,69.23,71.19,32840295,2337900601.0499997,中科曙光
2025-03-05,sh603019,71.48,72.19,70.5,71.62,31781917,2276220895.54,中科曙光
2025-03-06,sh603019,72.33,74.0,72.33,73.49,46945644,3450035377.56,中科曙光
2025-03-07,sh603019,73.52,73.93,71.65,72.08,37972537,2737060466.96,中科曙光
2025-03-10,sh603019,71.79,72.28,70.5,71.03,34081871,2420835297.13,中科曙光
2025-03-11,sh603019,69.64,70.8,69.49,70.72,30015654,2122707050.8799999,中科曙光
2025-03-12,sh603019,71.1,72.69,71.1,71.82,41131418,2954058440.7599998,中科曙光
2025-03-13,sh603019,71.68,71.7,69.72,70.04,31877626,2232708925.04,中科曙光
2025-03-14,sh603019,69.99,72.11,69.78,71.42,33733503,2409246784.26,中科曙光
2025-03-17,sh603019,71.51,72.1,71.0,71.31,23318669,1662854286.39,中科曙光
2025-03-18,sh603019,71.41,72.18,71.2,71.44,22900832,1636035438.08,中科曙光
2025-03-19,sh603019,71.2,71.2,70.08,70.49,23328569,1644430828.81,中科曙光
2025-03-20,sh603019,70.49,70.66,69.9,70.06,19744232,1383280893.92,中科曙光
2025-03-21,sh603019,69.76,69.8,67.14,67.2,43543392,2926115942.4,中科曙光
2025-03-24,sh603019,67.21,67.76,65.25,66.87,33762886,2257724186.82,中科曙光
2025-03-25,sh603019,66.89,66.9,65.35,65.53,20887817,1368778648.01,中科曙光
2025-03-26,sh603019,65.43,66.17,65.2,65.33,18383590,1200999934.7,中科曙光
2025-03-27,sh603019,65.33,66.39,65.21,65.71,23083560,1516820727.6,中科曙光
2025-03-28,sh603019,65.91,66.77,65.36,66.08,19595609,1294877842.72,中科曙光
2025-03-31,sh603019,65.41,66.5,64.52,66.36,23731372,1574813845.92,中科曙光
2025-04-01,sh603019,66.66,66.77,65.88,65.89,18595082,1225229952.98,中科曙光
2025-04-02,sh603019,65.68,66.2,65.34,65.47,13970562,914652694.14,中科曙光
2025-04-03,sh603019,65.02,65.96,64.6,65.22,17991083,1173378433.26,中科曙光
2025-04-07,sh603019,60.97,62.83,58.7,59.4,65996064,3920166201.6,中科曙光
2025-04-08,sh603019,59.6,61.57,59.58,61.25,48730253,2984727996.25,中科曙光
2025-04-09,sh603019,60.5,65.34,60.01,64.6,64054843,4137942857.7999997,中科曙光
2025-04-10,sh603019,66.2,66.48,64.4,65.28,56009014,3656268433.92,中科曙光
2025-04-11,sh603019,65.2,66.39,64.44,65.46,39698397,2598657067.62,中科曙光
2025-04-14,sh603019,66.0,66.2,65.4,65.5,29354414,1922714117.0,中科曙光
2025-04-15,sh603019,65.49,66.48,64.39,65.62,25771832,1691147615.8400002,中科曙光
2025-04-16,sh603019,65.99,66.14,65.09,65.9,24376330,1606400147.0000002,中科曙光
2025-04-17,sh603019,65.37,66.1,65.17,65.5,21355680,1398797040.0,中科曙光
2025-04-18,sh603019,65.22,65.22,63.32,65.05,24493566,1593306468.3,中科曙光
2025-04-21,sh603019,64.88,65.23,64.6,65.05,21184977,1378082753.85,中科曙光
2025-04-22,sh603019,64.89,64.9,63.81,63.92,22737480,1453379721.6000001,中科曙光
2025-04-23,sh603019,64.24,64.45,62.58,63.39,31428768,1992269603.52,中科曙光
2025-04-24,sh603019,63.1,63.18,62.0,62.05,26717190,1657801639.5,中科曙光
2025-04-25,sh603019,62.3,62.53,61.88,62.07,18293540,1135480027.8,中科曙光
2025-04-28,sh603019,62.1,63.35,62.1,62.18,19547743,1215478659.74,中科曙光
2025-04-29,sh603019,62.22,62.44,61.57,62.25,13735821,855054857.25,中科曙光
2025-04-30,sh603019,62.31,63.74,62.31,63.32,27213160,1723137291.2,中科曙光
2025-05-06,sh603019,63.97,65.12,63.74,65.1,30984415,2017085416.4999998,中科曙光
2025-05-07,sh603019,66.18,66.3,64.46,65.09,30457615,1982486160.3500001,中科曙光
2025-05-08,sh603019,64.8,65.3,64.58,65.17,20034316,1305636373.72,中科曙光
2025-05-09,sh603019,65.18,65.19,64.11,64.39,15056955,969517332.45,中科曙光
2025-05-12,sh603019,64.78,65.38,64.62,64.99,19475209,1265693832.9099998,中科曙光
2025-05-13,sh603019,65.45,65.56,64.36,64.4,19993112,1287556412.8000002,中科曙光
2025-05-14,sh603019,64.58,65.1,64.29,64.79,18636371,1207450477.0900002,中科曙光
2025-05-15,sh603019,64.8,64.81,62.97,63.34,20510111,1299110430.74,中科曙光
2025-05-16,sh603019,63.2,63.55,62.72,62.84,17107573,1075039887.3200002,中科曙光
2025-05-19,sh603019,62.95,63.24,62.56,63.14,11430252,721706111.28,中科曙光
2025-05-20,sh603019,63.18,63.55,62.81,63.28,11877039,751579027.92,中科曙光
2025-05-21,sh603019,63.46,63.46,62.88,62.96,10667852,671647961.92,中科曙光
2025-05-22,sh603019,63.0,63.2,62.39,62.46,11017768,688169789.28,中科曙光
2025-05-23,sh603019,62.45,63.31,61.9,61.9,15456988,956787557.1999999,中科曙光
2025-06-10,sh603019,68.09,68.09,68.09,68.09,6719621,457538993.89000005,中科曙光
2025-06-11,sh603019,73.0,73.11,69.01,69.56,129682998,9020749340.880001,中科曙光
2025-06-12,sh603019,69.0,70.47,67.6,69.36,65052957,4512073097.5199995,中科曙光
2025-06-13,sh603019,68.62,69.2,68.03,68.49,39840729,2728691529.2099996,中科曙光
2025-06-16,sh603019,68.36,69.8,68.11,68.82,26788917,1843613267.9399998,中科曙光
2025-06-17,sh603019,68.51,68.79,67.6,67.91,23180111,1574161338.01,中科曙光
2025-06-18,sh603019,67.7,67.97,66.88,67.4,20369873,1372929440.2,中科曙光
2025-06-19,sh603019,67.3,68.6,67.1,67.55,24422826,1649761896.3,中科曙光
2025-06-20,sh603019,67.53,67.88,66.75,66.9,16398684,1097071959.6000001,中科曙光
2025-06-23,sh603019,66.31,66.98,66.15,66.64,15234692,1015239874.88,中科曙光
2025-06-24,sh603019,66.87,68.44,66.81,67.9,30742080,2087387232.0000002,中科曙光
2025-06-25,sh603019,67.9,68.79,67.62,68.39,28030746,1917022718.94,中科曙光
2025-06-26,sh603019,68.6,72.88,68.6,70.89,94406708,6692491530.12,中科曙光
2025-06-27,sh603019,71.47,71.48,69.88,69.93,38155484,2668212996.1200004,中科曙光
2025-06-30,sh603019,70.29,70.76,69.67,70.4,22482183,1582745683.2,中科曙光
2025-07-01,sh603019,70.12,70.35,69.01,69.32,23298316,1615039265.12,中科曙光
2025-07-02,sh603019,69.08,69.3,68.11,68.28,18926375,1292292885.0,中科曙光
2025-07-03,sh603019,68.35,68.88,68.22,68.76,15350481,1055499073.5600001,中科曙光
2025-07-04,sh603019,68.8,69.29,68.5,68.66,16041247,1101392019.02,中科曙光
2025-07-07,sh603019,68.5,68.6,67.95,68.04,14366645,977506525.8000001,中科曙光
2025-07-08,sh603019,68.06,69.1,68.06,69.03,19729670,1361939120.1,中科曙光
2025-07-09,sh603019,69.43,69.5,68.36,68.43,18021511,1233211997.73,中科曙光
2025-07-10,sh603019,68.47,68.5,67.91,67.98,17429814,1184878755.72,中科曙光
2025-07-11,sh603019,67.98,69.28,67.92,68.81,26535654,1825918351.74,中科曙光
2025-07-14,sh603019,68.99,69.34,68.61,68.7,13634731,936706019.7,中科曙光
2025-07-15,sh603019,68.72,70.45,68.53,69.72,36009425,2510577111.0,中科曙光
2025-07-16,sh603019,69.87,70.41,69.31,69.69,23189882,1616102876.58,中科曙光
2025-07-17,sh603019,69.6,69.89,69.06,69.82,21436385,1496688400.6999998,中科曙光
2025-07-18,sh603019,69.92,70.11,69.43,69.51,19859839,1380457408.89,中科曙光
2025-07-21,sh603019,69.5,69.72,69.23,69.4,16142148,1120265071.2,中科曙光
2025-07-22,sh603019,69.49,69.81,68.72,68.87,20323743,1399696180.41,中科曙光
2025-07-23,sh603019,68.87,69.12,68.55,68.65,18427249,1265030643.8500001,中科曙光
2025-07-24,sh603019,68.8,69.23,68.52,69.1,24175933,1670556970.3,中科曙光
2025-07-25,sh603019,69.2,70.66,68.91,70.36,47684598,3355088315.28,中科曙光
2025-07-28,sh603019,70.66,70.66,69.17,69.38,33191549,2302829669.62,中科曙光
2025-07-29,sh603019,69.18,70.5,68.7,70.35,40799593,2870251367.5499997,中科曙光
2025-07-30,sh603019,70.09,70.09,68.94,69.06,28529652,1970257767.1200001,中科曙光
2025-07-31,sh603019,69.08,70.13,68.71,68.96,37078543,2556936325.2799997,中科曙光
2025-08-01,sh603019,69.06,69.52,67.89,68.09,27396261,1865411411.49,中科曙光
2025-08-04,sh603019,67.8,69.98,67.71,69.34,28578684,1981645948.5600002,中科曙光
2025-08-05,sh603019,69.1,69.25,68.78,69.23,15958137,1104781824.51,中科曙光
2025-08-06,sh603019,69.35,69.35,68.4,68.92,23499033,1619553354.3600001,中科曙光
2025-08-07,sh603019,68.92,69.32,68.52,68.6,20702838,1420214686.8,中科曙光
2025-08-08,sh603019,68.66,68.77,68.05,68.08,17736601,1207507796.08,中科曙光
2025-08-11,sh603019,68.0,68.33,67.96,68.21,14558285,993020619.8499999,中科曙光
2025-08-12,sh603019,68.23,69.72,68.01,69.13,41079147,2839801432.1099997,中科曙光
2025-08-13,sh603019,69.2,70.0,69.2,69.73,45394016,3165324735.6800003,中科曙光
2025-08-14,sh603019,70.0,76.69,69.79,74.08,140249916,10389713777.28,中科曙光
2025-08-15,sh603019,73.18,74.23,72.91,73.64,64229517,4729861631.88,中科曙光
2025-08-18,sh603019,74.24,75.5,73.73,74.5,72444281,5397098934.5,中科曙光
2025-08-19,sh603019,74.5,75.24,73.0,73.01,64976942,4743966535.42,中科曙光
2025-08-20,sh603019,72.74,76.34,72.0,76.14,100915618,7683715154.52,中科曙光
2025-08-21,sh603019,76.14,77.62,74.8,75.3,73499117,5534483510.099999,中科曙光
2025-08-22,sh603019,76.61,82.83,76.61,82.83,129899538,10759578732.539999,中科曙光
2025-08-25,sh603019,91.11,91.11,91.11,91.11,17488452,1593372861.72,中科曙光
2025-08-26,sh603019,93.84,93.98,89.26,91.32,212172120,19375557998.399998,中科曙光
2025-08-27,sh603019,93.4,93.8,88.31,88.7,141201548,12524577307.6,中科曙光
2025-08-28,sh603019,87.88,92.83,87.88,92.51,127143186,11762016136.86,中科曙光
2025-08-29,sh603019,91.0,91.3,87.4,88.5,117317185,10382570872.5,中科曙光
2025-09-01,sh603019,89.51,93.78,87.99,92.14,116603802,10743874316.28,中科曙光
2025-09-02,sh603019,91.05,95.48,89.0,90.02,110706145,9965767172.9,中科曙光
2025-09-03,sh603019,89.55,90.12,86.01,87.03,74669673,6498501641.190001,中科曙光
2025-09-04,sh603019,87.1,87.58,78.33,79.48,113326373,9007180126.04,中科曙光
2025-09-05,sh603019,79.59,82.95,78.03,82.44,68244546,5626080372.24,中科曙光
2025-09-08,sh603019,85.0,85.0,82.91,83.99,55889619,4694169099.809999,中科曙光
2025-09-09,sh603019,82.5,83.44,80.8,81.14,41576196,3373492543.44,中科曙光
2025-09-10,sh603019,82.5,85.6,82.49,83.72,71733133,6005497894.76,中科曙光
2025-09-11,sh603019,84.5,92.09,83.2,92.09,89521243,8244011267.87,中科曙光
2025-09-12,sh603019,94.98,100.0,93.9,97.97,166819462,16343302692.14,中科曙光
2025-09-15,sh603019,101.0,104.58,99.57,102.46,116104091,11896025163.859999,中科曙光
2025-09-16,sh603019,106.0,112.71,106.0,111.48,149278913,16641613221.24,中科曙光
2025-09-17,sh603019,108.14,109.75,105.25,108.49,118721114,12880053657.859999,中科曙光
2025-09-18,sh603019,110.88,117.88,107.41,109.92,154347377,16965863679.84,中科曙光
2025-09-19,sh603019,109.99,112.8,106.0,106.83,86669864,9258941571.119999,中科曙光
2025-09-22,sh603019,107.8,117.51,106.0,117.51,120369047,14144566712.970001,中科曙光
2025-09-23,sh603019,118.0,120.49,112.21,114.73,116814111,13402082955.03,中科曙光
2025-09-24,sh603019,115.09,119.0,113.16,117.55,87095921,10238125513.55,中科曙光
2025-09-25,sh603019,117.99,127.68,117.56,125.5,97601568,12248996784.0,中科曙光
2025-09-26,sh603019,122.99,125.2,119.6,120.44,78274846,9427422452.24,中科曙光
2025-09-29,sh603019,120.46,121.2,115.0,120.55,75056547,9048066740.85,中科曙光
2025-09-30,sh603019,122.5,123.0,118.35,119.25,53080732,6329877291.0,中科曙光
2025-10-09,sh603019,121.86,128.12,121.86,123.16,75757670,9330314637.199999,中科曙光
2025-10-10,sh603019,120.6,121.0,111.94,113.36,87868438,9960766131.68,中科曙光
2025-10-13,sh603019,107.33,115.52,107.33,114.68,58022469,6654016744.92,中科曙光
2025-10-14,sh603019,115.78,116.15,104.6,105.5,81478945,8596028697.5,中科曙光
2025-10-15,sh603019,105.65,110.9,104.94,110.33,56556073,6239831534.09,中科曙光
2025-10-16,sh603019,107.12,109.57,106.67,107.58,36343012,3909781230.96,中科曙光
2025-10-17,sh603019,107.57,108.19,103.7,104.75,44410682,4652018939.5,中科曙光
2025-10-20,sh603019,107.13,108.06,104.26,104.95,38847028,4076995588.6,中科曙光
2025-10-21,sh603019,105.71,109.15,104.52,108.21,48876988,5288978871.48,中科曙光
2025-10-22,sh603019,107.02,111.46,106.66,109.65,51567829,5654412449.85,中科曙光
2025-10-23,sh603019,108.5,109.5,105.0,107.56,34065260,3664059365.6,中科曙光
2025-10-24,sh603019,109.53,114.88,108.41,113.92,62997058,7176624847.36,中科曙光
2025-10-27,sh603019,116.31,116.66,113.01,115.0,55914148,6430127020.0,中科曙光
2025-10-28,sh603019,113.93,115.49,112.77,113.5,39534482,4487163707.0,中科曙光
2025-10-29,sh603019,113.89,116.6,112.8,114.33,47243463,5401345124.79,中科曙光
2025-10-30,sh603019,114.53,115.33,110.33,110.65,57531742,6365887252.3,中科曙光
2025-10-31,sh603019,111.0,111.39,105.51,106.45,50897824,5418073364.8,中科曙光
2025-11-03,sh603019,105.01,106.88,103.88,106.46,33332816,3548611591.3599997,中科曙光
2025-11-04,sh603019,106.88,109.95,106.26,107.22,34547080,3704137917.6,中科曙光
2025-11-05,sh603019,104.38,107.29,103.3,106.62,34805436,3710955586.32,中科曙光
2025-11-06,sh603019,108.0,116.44,108.0,114.5,80317258,9196326041.0,中科曙光
2025-11-07,sh603019,112.6,113.32,110.07,111.16,45304704,5036070896.639999,中科曙光
2025-11-10,sh603019,111.2,111.21,104.87,106.9,47934658,5124214940.2,中科曙光
2025-11-11,sh603019,108.05,110.9,105.73,106.01,31445398,3333526641.98,中科曙光
2025-11-12,sh603019,105.0,105.76,103.5,104.54,29962258,3132254451.32,中科曙光
2025-11-13,sh603019,104.55,106.38,103.58,105.55,27087473,2859082775.15,中科曙光
2025-11-14,sh603019,103.0,103.57,100.69,100.7,38653389,3892396272.3,中科曙光
2025-11-17,sh603019,100.31,103.3,99.84,100.85,29864909,3011876072.6499996,中科曙光
2025-11-18,sh603019,100.0,102.4,99.5,100.43,31704697,3184102719.71,中科曙光
2025-11-19,sh603019,99.9,101.41,99.24,99.99,22433149,2243090568.5099998,中科曙光
2025-11-20,sh603019,102.0,102.78,99.96,99.96,22244570,2223567217.2,中科曙光
2025-11-21,sh603019,97.98,98.8,95.67,95.77,32567653,3119004127.81,中科曙光
2025-11-24,sh603019,96.02,96.85,92.34,95.6,38124638,3644715392.7999997,中科曙光
2025-11-25,sh603019,96.55,97.18,94.68,95.18,39354172,3745730090.96,中科曙光
2025-11-26,sh603019,95.0,99.23,93.88,97.77,50814046,4968089277.42,中科曙光
2025-11-27,sh603019,99.22,104.01,99.0,99.13,57947117,5744297708.21,中科曙光
2025-11-28,sh603019,98.14,99.34,96.94,99.16,27751607,2751849350.12,中科曙光
2025-12-01,sh603019,102.3,102.3,99.0,101.13,46602163,4712876744.19,中科曙光
2025-12-02,sh603019,100.26,100.76,98.85,99.61,26603254,2649950130.94,中科曙光
2025-12-03,sh603019,99.62,100.26,97.6,98.03,25301754,2480330944.62,中科曙光
2025-12-04,sh603019,97.01,100.7,96.0,99.83,34170288,3411219851.04,中科曙光
2025-12-05,sh603019,98.59,99.63,96.8,98.93,34997787,3462331067.9100003,中科曙光
2025-12-08,sh603019,98.93,102.2,98.6,101.33,41213291,4176142777.0299997,中科曙光
2025-12-09,sh603019,100.3,102.28,99.92,100.13,36408820,3645615146.6,中科曙光
2025-12-10,sh603019,90.12,91.78,90.12,90.12,53019412,4778109409.440001,中科曙光
2025-12-11,sh603019,89.02,90.92,88.46,89.63,99495490,8917780768.699999,中科曙光
2025-12-12,sh603019,88.82,88.99,86.13,88.95,87923238,7820772020.1,中科曙光
2025-12-15,sh603019,87.94,88.66,85.43,85.48,54756724,4680604767.52,中科曙光
2025-12-16,sh603019,85.48,85.68,82.3,82.72,53267249,4406266837.28,中科曙光
2025-12-17,sh603019,83.49,86.2,82.95,85.98,54774034,4709471443.320001,中科曙光
2025-12-18,sh603019,84.8,86.6,84.7,84.88,31941514,2711195708.3199997,中科曙光
2025-12-19,sh603019,85.97,87.3,85.35,85.85,42943037,3686659726.45,中科曙光
2025-12-22,sh603019,86.99,88.2,86.85,87.43,46385467,4055481379.8100004,中科曙光
2025-12-23,sh603019,87.42,88.4,86.5,87.66,43259641,3792140130.06,中科曙光
2025-12-24,sh603019,87.67,88.0,86.66,87.15,40336365,3515314209.75,中科曙光
2025-12-25,sh603019,87.18,87.5,86.0,86.68,34692792,3007171210.5600004,中科曙光
2025-12-26,sh603019,86.77,86.78,85.21,85.81,43440716,3727647839.96,中科曙光
2025-12-29,sh603019,85.81,86.75,85.0,85.19,44016142,3749735136.98,中科曙光
2025-12-30,sh603019,85.0,86.82,84.77,85.39,39037802,3333437912.78,中科曙光
2025-12-31,sh603019,85.41,87.0,84.58,85.64,42798528,3665265937.92,中科曙光
2026-01-05,sh603019,85.82,87.96,85.82,87.8,60029519,5270591768.2,中科曙光
2026-01-06,sh603019,88.0,91.41,87.6,89.47,71000823,6352443633.809999,中科曙光
2026-01-07,sh603019,89.5,90.24,88.43,89.14,47022765,4191609272.1,中科曙光
2026-01-08,sh603019,89.5,95.93,89.5,93.0,99676468,9269911524.0,中科曙光
2026-01-09,sh603019,93.0,93.79,91.25,93.34,64511002,6021456926.68,中科曙光
2026-01-12,sh603019,93.64,96.87,92.89,95.99,77538849,7442954115.509999,中科曙光
2026-01-13,sh603019,96.02,96.68,91.42,91.5,71201935,6514977052.5,中科曙光
2026-01-14,sh603019,91.5,94.99,91.41,93.43,73386479,6856498732.97,中科曙光
2026-01-15,sh603019,93.01,93.98,91.81,93.11,45127226,4201796012.86,中科曙光
2026-01-16,sh603019,93.98,94.63,92.2,93.48,49966308,4670850471.84,中科曙光
2026-01-19,sh603019,94.35,95.08,92.71,94.24,52647278,4961479478.719999,中科曙光
2026-01-20,sh603019,94.2,95.94,91.6,91.86,50846959,4670801653.74,中科曙光
2026-01-21,sh603019,91.28,98.88,91.17,98.23,124277946,12207822635.58,中科曙光
2026-01-22,sh603019,101.0,102.88,96.4,96.95,91161479,8838105389.050001,中科曙光
2026-01-23,sh603019,95.98,96.95,94.5,95.91,59904894,5745478383.54,中科曙光
2026-01-26,sh603019,96.28,96.95,93.02,93.23,53026863,4943694437.49,中科曙光
2026-01-27,sh603019,93.25,93.58,90.83,92.78,41127186,3815780317.08,中科曙光
2026-01-28,sh603019,93.29,93.74,91.0,91.56,42564898,3897242060.88,中科曙光
2026-01-29,sh603019,91.55,92.17,89.58,89.61,45929872,4115775829.92,中科曙光
2026-01-30,sh603019,89.35,90.4,87.1,89.77,39862189,3578428706.5299997,中科曙光
2026-02-02,sh603019,89.0,89.76,87.1,87.17,29269873,2551454829.41,中科曙光
2026-02-03,sh603019,87.88,88.5,86.25,87.75,29701216,2606281704.0,中科曙光
2026-02-04,sh603019,87.3,87.3,85.62,86.23,28970919,2498162345.37,中科曙光
2026-02-05,sh603019,85.12,86.11,85.03,85.4,16750586,1430500044.4,中科曙光
2026-02-06,sh603019,85.4,87.44,85.05,86.79,29250684,2538666864.36,中科曙光
2026-02-09,sh603019,90.0,91.33,88.64,91.23,50058836,4566867608.28,中科曙光
2026-02-10,sh603019,91.23,93.0,90.98,91.2,42151039,3844174756.8,中科曙光
2026-02-11,sh603019,91.26,91.28,89.2,89.38,28809724,2575013131.12,中科曙光
2026-02-12,sh603019,90.38,92.22,89.72,92.12,40901213,3767819741.5600004,中科曙光
2026-02-13,sh603019,91.0,92.73,90.6,91.7,33484090,3070491053.0,中科曙光
2026-02-24,sh603019,93.5,93.87,91.2,91.5,32230103,2949054424.5,中科曙光
2026-02-25,sh603019,91.0,91.69,89.89,90.62,34078001,3088148450.6200004,中科曙光
2026-02-26,sh603019,90.83,92.51,89.9,92.03,38537639,3546618917.17,中科曙光
2026-02-27,sh603019,91.01,93.49,89.81,92.18,43761168,4033904466.2400002,中科曙光
2026-03-02,sh603019,90.0,91.31,89.67,90.45,36417339,3293948312.55,中科曙光
2026-03-03,sh603019,88.99,88.99,83.0,83.28,75178280,6260847158.4,中科曙光
2026-03-04,sh603019,81.0,84.16,80.6,82.33,31009317,2552997068.61,中科曙光
2026-03-05,sh603019,83.9,85.7,83.47,84.79,35510027,3010895189.3300004,中科曙光
2026-03-06,sh603019,84.58,85.45,83.66,84.19,21640859,1821943919.21,中科曙光
2026-03-09,sh603019,83.5,87.27,82.32,86.61,41492310,3593648969.1,中科曙光
2026-03-10,sh603019,88.5,89.57,86.9,88.19,40499214,3571625682.66,中科曙光
2026-03-11,sh603019,88.0,89.07,87.57,88.05,29544286,2601374382.2999997,中科曙光
2026-03-12,sh603019,88.05,92.59,87.63,89.87,61539320,5530538688.400001,中科曙光
2026-03-13,sh603019,91.38,92.2,88.97,89.1,40376140,3597514074.0,中科曙光
2026-03-16,sh603019,88.02,88.56,85.8,88.13,33261784,2931361023.92,中科曙光
2026-03-17,sh603019,88.5,88.7,85.38,85.39,26478925,2261035405.75,中科曙光
2026-03-18,sh603019,85.39,87.69,84.68,87.49,29996608,2624403233.92,中科曙光
2026-03-19,sh603019,85.92,86.7,84.41,84.77,30509949,2586328376.73,中科曙光
2026-03-20,sh603019,85.2,87.02,83.75,83.76,39572575,3314598882.0,中科曙光
2026-03-23,sh603019,81.99,82.56,79.19,79.58,39839638,3170438392.04,中科曙光
2026-03-24,sh603019,80.6,80.9,78.5,80.68,25785944,2080409961.92,中科曙光
2026-03-25,sh603019,80.92,83.5,80.91,83.05,29758079,2471408460.95,中科曙光
2026-03-26,sh603019,83.18,84.49,81.75,81.96,26275585,2153546946.6,中科曙光
2026-03-27,sh603019,80.54,82.3,80.18,81.43,20343664,1656584559.5200002,中科曙光
2026-03-30,sh603019,80.05,80.65,79.06,79.9,26097928,2085224447.2,中科曙光
2026-03-31,sh603019,79.64,80.45,78.58,78.6,20223637,1589577868.1999998,中科曙光
2026-04-01,sh603019,80.14,80.81,79.63,80.39,25126229,2019897549.31,中科曙光
2026-04-02,sh603019,80.02,80.02,77.86,78.08,24308584,1898014238.72,中科曙光
2026-04-03,sh603019,78.08,78.78,76.78,77.89,20261437,1578163327.93,中科曙光
2026-04-07,sh603019,77.9,79.3,77.37,77.94,21356405,1664518205.7,中科曙光
2026-04-08,sh603019,80.1,82.9,79.93,82.9,45458177,3768482873.3,中科曙光
2026-04-09,sh603019,81.8,83.89,81.22,83.3,35733626,2976611045.7999997,中科曙光
2026-04-10,sh603019,84.0,86.86,83.94,85.3,46789241,3991122257.2999997,中科曙光
2026-04-13,sh603019,84.61,90.5,84.61,88.99,70124599,6240388065.009999,中科曙光
2026-04-14,sh603019,89.53,89.78,87.79,88.85,43827084,3894036413.3999996,中科曙光
2026-04-15,sh603019,90.5,91.0,88.03,88.29,50084306,4421943376.740001,中科曙光
2026-04-16,sh603019,88.99,89.69,88.07,88.99,37004493,3293029832.0699997,中科曙光
2026-04-17,sh603019,89.01,91.5,89.01,89.92,57903565,5206688564.8,中科曙光
2026-04-20,sh603019,90.43,94.28,90.3,91.97,67375429,6196518205.13,中科曙光
2026-04-21,sh603019,90.98,90.98,88.58,89.4,43133423,3856128016.2000003,中科曙光
2026-04-22,sh603019,89.0,91.88,88.7,91.84,49666950,4561412688.0,中科曙光
2026-04-23,sh603019,92.95,93.91,90.8,91.68,61682217,5655025654.56,中科曙光
2026-04-24,sh603019,93.06,94.46,90.53,92.76,82527225,7655225391.0,中科曙光
2026-04-27,sh603019,94.76,95.1,92.23,94.24,76916304,7248592488.96,中科曙光
2026-04-28,sh603019,93.01,94.69,90.46,90.9,63257026,5750063663.400001,中科曙光
2026-04-29,sh603019,90.37,91.4,88.95,90.42,41080340,3714484342.8,中科曙光
2026-04-30,sh603019,90.98,93.38,90.05,92.96,63818423,5932560602.08,中科曙光
2026-05-06,sh603019,96.0,102.26,96.0,99.8,133799016,13353141796.8,中科曙光
2026-05-07,sh603019,99.8,99.8,97.49,98.75,73949215,7302484981.25,中科曙光
2026-05-08,sh603019,97.99,97.99,96.0,96.3,67849959,6533951051.7,中科曙光
2026-05-11,sh603019,99.0,101.0,97.4,100.05,91207709,9125331285.449999,中科曙光
2026-05-12,sh603019,99.86,99.86,96.87,97.42,65121772,6344163028.24,中科曙光
2026-05-13,sh603019,96.0,101.0,95.02,100.71,82187002,8277052971.419999,中科曙光
2026-05-14,sh603019,105.0,105.0,97.5,97.59,97816676,9545929410.84,中科曙光
2024-01-02,sz300475,33.21,33.55,32.45,32.75,10113774,331226098.5,香农芯创
2024-01-03,sz300475,32.46,33.13,31.99,32.32,8637288,279157148.16,香农芯创
2024-01-04,sz300475,32.26,33.42,32.0,32.68,10093048,329840808.64,香农芯创
2024-01-05,sz300475,32.5,32.65,31.3,31.73,10436678,331155792.94,香农芯创
2024-01-08,sz300475,31.73,31.99,30.6,30.69,8000842,245545840.98000002,香农芯创
2024-01-09,sz300475,31.21,31.48,30.22,30.68,7324611,224719065.48,香农芯创
2024-01-10,sz300475,30.54,30.69,29.63,29.8,8446816,251715116.8,香农芯创
2024-01-11,sz300475,30.05,31.06,29.6,30.81,8835492,272221508.52,香农芯创
2024-01-12,sz300475,30.59,31.01,30.2,30.62,6950533,212825320.46,香农芯创
2024-01-15,sz300475,31.0,31.82,30.41,30.99,10323698,319931401.02,香农芯创
2024-01-16,sz300475,31.2,31.25,30.23,31.25,8991545,280985781.25,香农芯创
2024-01-17,sz300475,31.28,32.28,30.71,30.8,10444758,321698546.40000004,香农芯创
2024-01-18,sz300475,30.49,31.19,29.72,31.18,10708789,333900041.02,香农芯创
2024-01-19,sz300475,31.7,32.26,30.7,30.7,15026445,461311861.5,香农芯创
2024-01-22,sz300475,30.95,31.41,28.18,28.69,14534037,416981521.53000003,香农芯创
2024-01-23,sz300475,28.53,29.6,28.05,29.01,9824034,284995226.34000003,香农芯创
2024-01-24,sz300475,29.39,29.49,27.7,28.87,9860358,284668535.46000004,香农芯创
2024-01-25,sz300475,29.2,30.24,29.01,30.14,13600214,409910449.96,香农芯创
2024-01-26,sz300475,30.09,30.64,29.13,29.71,12616338,374831401.98,香农芯创
2024-01-29,sz300475,29.9,29.99,27.8,27.9,11117761,310185531.9,香农芯创
2024-01-30,sz300475,27.5,28.27,26.5,26.6,9091506,241834059.60000002,香农芯创
2024-01-31,sz300475,26.51,26.92,25.0,25.17,9273822,233422099.74,香农芯创
2024-02-01,sz300475,24.78,26.22,24.44,24.95,9985594,249140570.29999998,香农芯创
2024-02-02,sz300475,25.13,25.45,22.8,23.73,10961551,260117605.23000002,香农芯创
2024-02-05,sz300475,23.54,23.98,20.71,20.8,15924404,331227603.2,香农芯创
2024-02-06,sz300475,20.0,23.36,19.8,22.75,16743172,380907163.0,香农芯创
2024-02-07,sz300475,22.96,25.26,22.76,24.1,18136779,437096373.90000004,香农芯创
2024-02-08,sz300475,24.4,26.0,24.4,25.45,15780374,401610518.3,香农芯创
2024-02-19,sz300475,26.6,27.48,25.52,27.44,19097894,524046211.36,香农芯创
2024-02-20,sz300475,26.7,29.2,26.38,28.69,21080236,604791970.84,香农芯创
2024-02-21,sz300475,27.5,29.36,27.22,27.86,23093465,643383934.9,香农芯创
2024-02-22,sz300475,28.15,29.57,28.15,29.26,18723872,547860494.72,香农芯创
2024-02-23,sz300475,29.85,30.38,29.12,29.93,17194784,514639885.12,香农芯创
2024-02-26,sz300475,30.48,31.28,29.95,30.4,16825010,511480304.0,香农芯创
2024-02-27,sz300475,30.19,32.38,30.01,32.19,18857749,607030940.31,香农芯创
2024-02-28,sz300475,31.8,33.75,30.11,30.2,25870053,781275600.6,香农芯创
2024-02-29,sz300475,30.1,34.23,30.1,33.12,29119205,964428069.5999999,香农芯创
2024-03-01,sz300475,32.67,34.48,32.67,34.42,24087260,829083489.2,香农芯创
2024-03-04,sz300475,35.5,38.5,35.0,37.36,42307590,1580611562.3999999,香农芯创
2024-03-05,sz300475,36.99,38.89,35.8,36.56,37580142,1373929991.52,香农芯创
2024-03-06,sz300475,35.7,39.05,35.03,37.82,37449648,1416345687.36,香农芯创
2024-03-07,sz300475,37.6,38.7,36.7,37.6,26781414,1006981166.4000001,香农芯创
2024-03-08,sz300475,38.38,41.8,37.5,41.8,38871023,1624808761.3999999,香农芯创
2024-03-11,sz300475,39.81,41.79,39.35,41.23,27940661,1151993453.03,香农芯创
2024-03-12,sz300475,40.64,43.38,39.58,40.48,29811180,1206756566.3999999,香农芯创
2024-03-13,sz300475,41.14,42.8,40.03,41.12,26167039,1075988643.6799998,香农芯创
2024-03-14,sz300475,40.0,41.18,39.61,40.29,19203168,773695638.72,香农芯创
2024-03-15,sz300475,40.3,41.67,39.92,41.5,22077804,916228866.0,香农芯创
2024-03-18,sz300475,41.38,42.8,41.08,42.8,24206344,1036031523.1999999,香农芯创
2024-03-19,sz300475,43.13,44.0,41.81,41.88,20261925,848569419.0,香农芯创
2024-03-20,sz300475,41.52,43.23,41.52,42.65,16895609,720597723.85,香农芯创
2024-03-21,sz300475,45.0,45.99,43.4,43.94,23728303,1042621633.8199999,香农芯创
2024-03-22,sz300475,43.86,45.81,42.91,43.29,25684235,1111870533.15,香农芯创
2024-03-25,sz300475,42.42,43.58,39.33,39.6,34591132,1369808827.2,香农芯创
2024-03-26,sz300475,40.5,40.91,38.45,38.81,22629807,878262809.6700001,香农芯创
2024-03-27,sz300475,38.5,38.96,37.0,37.1,19570954,726082393.4,香农芯创
2024-03-28,sz300475,37.54,40.17,37.01,39.28,24516087,962991897.36,香农芯创
2024-03-29,sz300475,39.57,42.99,39.28,42.59,25447013,1083788283.67,香农芯创
2024-04-01,sz300475,42.19,43.16,40.33,42.54,19457689,827730090.06,香农芯创
2024-04-02,sz300475,43.77,44.18,41.91,42.54,22759896,968205975.84,香农芯创
2024-04-03,sz300475,42.48,44.06,41.05,42.26,23597409,997226504.3399999,香农芯创
2024-04-08,sz300475,41.69,43.26,40.81,41.0,17641595,723305395.0,香农芯创
2024-04-09,sz300475,40.98,41.8,38.84,39.5,17992717,710712321.5,香农芯创
2024-04-10,sz300475,39.5,39.6,37.2,37.69,16479176,621100143.4399999,香农芯创
2024-04-11,sz300475,37.75,39.36,37.71,38.1,14185606,540471588.6,香农芯创
2024-04-12,sz300475,38.75,39.95,38.62,38.85,14843734,576679065.9,香农芯创
2024-04-15,sz300475,37.95,39.03,36.66,37.5,16654050,624526875.0,香农芯创
2024-04-16,sz300475,37.25,37.69,34.8,35.15,15850891,557158818.65,香农芯创
2024-04-17,sz300475,36.5,38.48,36.3,38.2,20010774,764411566.8000001,香农芯创
2024-04-18,sz300475,37.6,39.0,36.17,37.4,23672575,885354305.0,香农芯创
2024-04-19,sz300475,37.09,37.43,35.86,36.27,13186288,478266665.76000005,香农芯创
2024-04-22,sz300475,33.92,35.3,33.18,34.92,13281992,463807160.64000005,香农芯创
2024-04-23,sz300475,34.98,35.35,34.05,34.21,11824399,404512689.79,香农芯创
2024-04-24,sz300475,34.24,35.73,33.38,35.56,17418409,619398624.0400001,香农芯创
2024-04-25,sz300475,33.52,37.71,33.25,37.01,29636417,1096843793.1699998,香农芯创
2024-04-26,sz300475,36.86,39.2,36.86,38.57,23404497,902711449.29,香农芯创
2024-04-29,sz300475,38.57,39.09,37.56,37.82,18969252,717417110.64,香农芯创
2024-04-30,sz300475,37.96,38.12,36.91,37.02,14666597,542957420.94,香农芯创
2024-05-06,sz300475,37.5,38.18,37.21,37.28,13690341,510375912.48,香农芯创
2024-05-07,sz300475,37.51,37.63,35.79,36.37,12909258,469509713.46,香农芯创
2024-05-08,sz300475,36.23,36.66,35.35,35.48,10671030,378608144.4,香农芯创
2024-05-09,sz300475,35.66,38.4,35.54,37.73,21670925,817644000.2499999,香农芯创
2024-05-10,sz300475,37.63,37.66,35.05,35.65,18507951,659808453.15,香农芯创
2024-05-13,sz300475,35.3,35.47,34.08,34.24,12579281,430714581.44,香农芯创
2024-05-14,sz300475,34.55,34.98,33.9,34.1,8776397,299275137.7,香农芯创
2024-05-15,sz300475,34.24,35.1,33.61,34.16,7620509,260316587.43999997,香农芯创
2024-05-16,sz300475,34.48,35.75,34.1,35.15,15555262,546767459.3,香农芯创
2024-05-17,sz300475,34.9,35.4,34.11,35.18,10371085,364854770.3,香农芯创
2024-05-20,sz300475,35.14,35.74,34.42,35.65,9538042,340031197.3,香农芯创
2024-05-21,sz300475,35.5,36.62,35.15,35.26,11179530,394190227.79999995,香农芯创
2024-05-22,sz300475,35.41,35.75,34.66,34.98,6457295,225876179.1,香农芯创
2024-05-23,sz300475,35.2,35.29,34.21,34.33,7464331,256250483.23,香农芯创
2024-05-24,sz300475,34.3,34.67,33.12,33.12,8528746,282472067.52,香农芯创
2024-05-27,sz300475,33.31,34.96,32.5,34.9,10898746,380366235.4,香农芯创
2024-05-28,sz300475,34.68,35.52,33.58,33.81,14925521,504631865.01000005,香农芯创
2024-05-29,sz300475,33.48,34.62,33.45,33.93,6507463,220798219.59,香农芯创
2024-05-30,sz300475,33.8,35.93,33.4,35.34,17864059,631315845.0600001,香农芯创
2024-05-31,sz300475,36.14,36.36,34.46,34.55,17825493,615870783.15,香农芯创
2024-06-03,sz300475,34.93,37.28,34.62,36.27,29737934,1078594866.18,香农芯创
2024-06-04,sz300475,35.55,35.8,33.9,34.72,21621733,750706569.76,香农芯创
2024-06-05,sz300475,34.23,35.4,34.0,34.16,11475660,392008545.59999996,香农芯创
2024-06-06,sz300475,34.79,35.37,33.95,34.3,13738678,471236655.4,香农芯创
2024-06-07,sz300475,34.3,34.77,32.73,33.18,13358668,443240604.24,香农芯创
2024-06-11,sz300475,33.0,34.09,32.9,33.89,12184727,412940398.03000003,香农芯创
2024-06-12,sz300475,33.64,34.38,32.91,33.68,13891795,467875655.6,香农芯创
2024-06-13,sz300475,33.7,33.97,33.18,33.27,11435606,380462611.62000006,香农芯创
2024-06-14,sz300475,33.08,35.05,31.8,34.44,22722416,782560007.04,香农芯创
2024-06-17,sz300475,33.95,35.68,33.86,35.5,19096025,677908887.5,香农芯创
2024-06-18,sz300475,35.78,36.75,34.98,35.16,25617805,900722023.8,香农芯创
2024-06-19,sz300475,35.48,36.3,34.45,35.3,19789963,698585693.9,香农芯创
2024-06-20,sz300475,34.87,35.23,33.44,33.44,17200736,575192611.8399999,香农芯创
2024-06-21,sz300475,32.9,33.33,32.27,32.87,13022849,428061046.63,香农芯创
2024-06-24,sz300475,32.5,33.05,30.35,30.62,17830953,545983780.86,香农芯创
2024-06-25,sz300475,30.74,30.86,28.72,29.15,20157533,587592086.9499999,香农芯创
2024-06-26,sz300475,29.26,30.5,28.75,30.22,12326595,372509700.9,香农芯创
2024-06-27,sz300475,29.8,30.28,29.1,29.23,9589191,280292052.93,香农芯创
2024-06-28,sz300475,29.06,30.41,29.01,29.57,10628766,314292610.62,香农芯创
2024-07-01,sz300475,29.8,30.37,29.09,30.08,10123782,304523362.56,香农芯创
2024-07-02,sz300475,29.95,30.15,29.23,29.47,7768600,228940642.0,香农芯创
2024-07-03,sz300475,29.4,29.79,29.01,29.22,6103984,178358412.48,香农芯创
2024-07-04,sz300475,29.42,29.55,28.21,28.32,7775703,220207908.96,香农芯创
2024-07-05,sz300475,28.32,28.8,27.76,28.48,7469031,212718002.88,香农芯创
2024-07-08,sz300475,28.44,28.7,27.4,27.62,7547501,208461977.62,香农芯创
2024-07-09,sz300475,27.75,29.07,27.48,28.99,11076426,321105589.74,香农芯创
2024-07-10,sz300475,28.85,31.12,28.58,30.49,19911415,607099043.35,香农芯创
2024-07-11,sz300475,30.83,31.31,30.34,31.02,12178467,377776046.34,香农芯创
2024-07-12,sz300475,30.5,31.8,30.27,31.5,12469770,392797755.0,香农芯创
2024-07-15,sz300475,31.82,32.69,30.81,31.29,16653670,521093334.3,香农芯创
2024-07-16,sz300475,31.51,32.29,31.11,32.09,13415838,430514241.42,香农芯创
2024-07-17,sz300475,32.06,32.45,31.05,31.13,9985284,310841890.92,香农芯创
2024-07-18,sz300475,30.31,31.04,29.3,30.65,11562720,354397368.0,香农芯创
2024-07-19,sz300475,30.33,31.3,30.23,30.79,7584500,233526755.0,香农芯创
2024-07-22,sz300475,31.12,31.21,29.84,29.92,9471405,283384437.6,香农芯创
2024-07-23,sz300475,29.9,30.02,28.21,28.22,9540584,269235280.47999996,香农芯创
2024-07-24,sz300475,28.23,28.99,27.85,28.0,8629600,241628800.0,香农芯创
2024-07-25,sz300475,27.63,27.71,26.77,26.95,8906792,240038044.4,香农芯创
2024-07-26,sz300475,26.96,27.92,26.53,27.34,8902491,243394103.94,香农芯创
2024-07-29,sz300475,27.3,27.85,27.04,27.25,6297615,171610008.75,香农芯创
2024-07-30,sz300475,27.34,27.58,26.6,27.2,6419455,174609176.0,香农芯创
2024-07-31,sz300475,27.0,29.03,26.98,29.03,11665688,338654922.64,香农芯创
2024-08-01,sz300475,29.07,29.39,28.27,28.75,9386597,269864663.75,香农芯创
2024-08-02,sz300475,28.38,28.67,27.42,27.49,8024985,220606837.64999998,香农芯创
2024-08-05,sz300475,27.06,27.52,25.77,25.83,10532517,272054914.10999995,香农芯创
2024-08-06,sz300475,26.37,26.99,26.26,26.84,7841420,210463712.8,香农芯创
2024-08-07,sz300475,26.67,26.85,26.21,26.29,5049500,132751355.0,香农芯创
2024-08-08,sz300475,26.1,26.63,25.79,26.2,4902900,128455980.0,香农芯创
2024-08-09,sz300475,26.7,26.94,26.06,26.08,5118462,133489488.96,香农芯创
2024-08-12,sz300475,25.97,26.11,25.24,25.41,8516498,216404214.18,香农芯创
2024-08-13,sz300475,25.5,25.75,25.17,25.66,5788160,148524185.6,香农芯创
2024-08-14,sz300475,25.77,26.17,25.54,25.62,6296000,161303520.0,香农芯创
2024-08-15,sz300475,25.38,26.18,25.3,25.68,6070065,155879269.2,香农芯创
2024-08-16,sz300475,26.05,26.49,25.8,25.88,7602200,196744936.0,香农芯创
2024-08-19,sz300475,25.85,26.3,25.51,25.89,5330288,138001156.32,香农芯创
2024-08-20,sz300475,25.89,25.99,25.07,25.25,5511100,139155275.0,香农芯创
2024-08-21,sz300475,25.1,25.76,25.07,25.35,4869200,123434220.0,香农芯创
2024-08-22,sz300475,25.33,25.43,24.84,25.02,4572335,114399821.7,香农芯创
2024-08-23,sz300475,24.9,25.35,24.72,25.16,3865193,97248255.88,香农芯创
2024-08-26,sz300475,25.16,26.03,25.01,25.45,6470810,164682114.5,香农芯创
2024-08-27,sz300475,25.26,25.54,24.91,25.03,5453810,136508864.3,香农芯创
2024-08-28,sz300475,24.79,25.79,24.79,25.0,6471320,161783000.0,香农芯创
2024-08-29,sz300475,25.2,26.16,24.71,25.78,9009876,232274603.28,香农芯创
2024-08-30,sz300475,25.78,27.03,25.78,26.53,11447002,303688963.06,香农芯创
2024-09-02,sz300475,26.54,26.65,25.21,25.22,9027541,227674584.01999998,香农芯创
2024-09-03,sz300475,25.06,25.85,25.06,25.53,6092700,155546631.0,香农芯创
2024-09-04,sz300475,25.11,26.17,24.8,25.82,10760500,277836110.0,香农芯创
2024-09-05,sz300475,25.7,25.85,25.1,25.2,8205080,206768016.0,香农芯创
2024-09-06,sz300475,25.22,25.33,24.2,24.37,8734400,212857328.0,香农芯创
2024-09-09,sz300475,24.31,24.68,24.07,24.18,5837800,141158004.0,香农芯创
2024-09-10,sz300475,24.23,24.93,23.85,24.72,6319750,156224220.0,香农芯创
2024-09-11,sz300475,24.57,24.64,24.32,24.41,3612800,88188448.0,香农芯创
2024-09-12,sz300475,24.75,25.06,24.4,24.4,6719394,163953213.6,香农芯创
2024-09-13,sz300475,24.36,24.65,23.96,23.96,4438550,106347658.0,香农芯创
2024-09-18,sz300475,24.02,24.22,23.4,23.82,4417183,105217299.06,香农芯创
2024-09-19,sz300475,23.92,24.28,23.45,23.85,7262554,173211912.9,香农芯创
2024-09-20,sz300475,23.78,23.98,23.2,23.51,6226028,146373918.28,香农芯创
2024-09-23,sz300475,23.42,23.85,23.01,23.11,6645658,153581156.38,香农芯创
2024-09-24,sz300475,23.25,24.29,22.92,24.28,11804032,286601896.96000004,香农芯创
2024-09-25,sz300475,24.33,24.94,23.52,23.56,15272900,359829524.0,香农芯创
2024-09-26,sz300475,24.01,25.44,23.88,25.44,23274854,592112285.76,香农芯创
2024-09-27,sz300475,26.0,28.31,25.59,27.81,26705735,742686490.35,香农芯创
2024-09-30,sz300475,29.1,32.99,28.19,32.36,36521907,1181848910.52,香农芯创
2024-10-08,sz300475,38.82,38.83,33.95,38.83,42111393,1635185390.1899998,香农芯创
2024-10-09,sz300475,37.0,37.49,32.69,33.36,35094539,1170753821.04,香农芯创
2024-10-10,sz300475,34.01,34.8,32.0,33.35,22930574,764734642.9,香农芯创
2024-10-11,sz300475,32.6,33.16,29.79,30.36,20018446,607760020.56,香农芯创
2024-10-14,sz300475,30.03,32.37,29.67,32.33,20036640,647784571.1999999,香农芯创
2024-10-15,sz300475,33.29,33.87,32.22,32.38,24141451,781700183.3800001,香农芯创
2024-10-16,sz300475,30.93,31.86,30.4,30.81,16851437,519192773.96999997,香农芯创
2024-10-17,sz300475,31.12,31.75,30.53,30.58,15105801,461935394.58,香农芯创
2024-10-18,sz300475,30.6,34.56,30.52,33.42,33822234,1130339060.28,香农芯创
2024-10-21,sz300475,33.5,34.62,32.83,33.38,32716074,1092062550.1200001,香农芯创
2024-10-22,sz300475,33.11,33.77,32.38,33.04,18951219,626148275.76,香农芯创
2024-10-23,sz300475,32.85,33.61,32.43,33.07,16402510,542431005.7,香农芯创
2024-10-24,sz300475,32.73,36.41,32.17,35.32,46831162,1654076641.84,香农芯创
2024-10-25,sz300475,34.89,37.7,34.7,36.4,43051762,1567084136.8,香农芯创
2024-10-28,sz300475,36.1,36.17,34.54,35.07,35064237,1229702791.59,香农芯创
2024-10-29,sz300475,34.68,34.88,33.6,33.9,23725288,804287263.1999999,香农芯创
2024-10-30,sz300475,33.79,34.27,32.85,33.61,18856175,633756041.75,香农芯创
2024-10-31,sz300475,33.59,34.5,32.6,34.16,22383416,764617490.56,香农芯创
2024-11-01,sz300475,33.83,33.98,30.88,30.93,26639000,823944270.0,香农芯创
2024-11-04,sz300475,30.93,31.76,30.83,31.7,11489198,364207576.59999996,香农芯创
2024-11-05,sz300475,31.8,33.37,31.8,33.27,18868224,627745812.48,香农芯创
2024-11-06,sz300475,33.05,33.39,32.05,32.44,19920438,646219008.7199999,香农芯创
2024-11-07,sz300475,32.1,33.28,31.88,33.2,16559116,549762651.2,香农芯创
2024-11-08,sz300475,33.48,34.27,33.0,33.27,24462075,813853235.2500001,香农芯创
2024-11-11,sz300475,33.95,36.0,33.5,35.48,40012852,1419655988.9599998,香农芯创
2024-11-12,sz300475,35.48,35.52,33.6,34.15,30175048,1030477889.1999999,香农芯创
2024-11-13,sz300475,33.74,33.92,32.51,33.85,21789972,737590552.2,香农芯创
2024-11-14,sz300475,33.5,33.77,32.08,32.25,14978519,483057237.75,香农芯创
2024-11-15,sz300475,32.06,33.13,31.81,31.88,16096571,513158683.47999996,香农芯创
2024-11-18,sz300475,31.63,32.03,29.56,29.9,15724168,470152623.2,香农芯创
2024-11-19,sz300475,30.25,30.54,29.13,30.51,14660194,447282518.94,香农芯创
2024-11-20,sz300475,30.21,31.88,29.88,31.4,20497107,643609159.8,香农芯创
2024-11-21,sz300475,31.06,31.3,30.31,30.65,14722487,451244226.54999995,香农芯创
2024-11-22,sz300475,30.63,30.68,28.5,28.51,17346141,494538479.91,香农芯创
2024-11-25,sz300475,28.99,30.18,28.47,28.99,16156414,468374441.85999995,香农芯创
2024-11-26,sz300475,29.42,29.54,28.38,28.46,9511880,270708104.8,香农芯创
2024-11-27,sz300475,28.42,29.01,27.48,29.0,13430720,389490880.0,香农芯创
2024-11-28,sz300475,28.91,29.31,28.48,28.52,10610241,302604073.32,香农芯创
2024-11-29,sz300475,28.37,29.47,28.09,29.02,13114328,380577798.56,香农芯创
2024-12-02,sz300475,29.25,30.23,29.25,30.0,16162501,484875030.0,香农芯创
2024-12-03,sz300475,30.28,30.42,29.51,29.81,13214752,393931757.12,香农芯创
2024-12-04,sz300475,30.2,30.42,29.34,29.42,11962930,351949400.6,香农芯创
2024-12-05,sz300475,29.08,30.61,28.99,30.08,14763200,444077056.0,香农芯创
2024-12-06,sz300475,29.99,30.33,29.6,29.92,11567800,346108576.0,香农芯创
2024-12-09,sz300475,29.95,30.04,29.2,29.5,8522750,251421125.0,香农芯创
2024-12-10,sz300475,30.63,30.75,29.6,29.64,14745690,437062251.6,香农芯创
2024-12-11,sz300475,29.58,30.1,29.52,29.81,8838056,263462449.35999998,香农芯创
2024-12-12,sz300475,29.8,30.07,29.32,29.7,9363402,278093039.4,香农芯创
2024-12-13,sz300475,29.5,31.5,29.13,30.3,25357664,768337219.2,香农芯创
2024-12-16,sz300475,29.68,30.2,29.05,29.27,15662053,458428291.31,香农芯创
2024-12-17,sz300475,28.97,29.67,28.43,28.49,10833378,308642939.21999997,香农芯创
2024-12-18,sz300475,28.43,29.55,28.18,29.22,12465307,364236270.53999996,香农芯创
2024-12-19,sz300475,28.85,30.1,28.66,30.01,14887167,446763881.67,香农芯创
2024-12-20,sz300475,29.7,31.0,29.53,30.35,19367308,587797797.8000001,香农芯创
2024-12-23,sz300475,30.27,30.5,29.2,29.23,13267303,387803266.69,香农芯创
2024-12-24,sz300475,29.35,29.75,28.83,29.71,10215503,303502594.13,香农芯创
2024-12-25,sz300475,29.59,29.97,29.08,29.25,8643042,252808978.5,香农芯创
2024-12-26,sz300475,29.21,30.19,29.0,30.16,16520893,498270132.88,香农芯创
2024-12-27,sz300475,30.22,30.93,29.72,29.91,20488502,612811094.82,香农芯创
2024-12-30,sz300475,29.61,30.7,29.12,29.89,14695800,439257462.0,香农芯创
2024-12-31,sz300475,29.85,30.09,28.49,28.49,14027742,399650369.58,香农芯创
2025-01-02,sz300475,28.55,28.6,26.81,27.2,12247844,333141356.8,香农芯创
2025-01-03,sz300475,27.4,27.67,26.7,26.75,10023002,268115303.5,香农芯创
2025-01-06,sz300475,26.6,26.98,26.12,26.37,7582740,199956853.8,香农芯创
2025-01-07,sz300475,26.5,27.12,26.28,27.1,8430764,228473704.4,香农芯创
2025-01-08,sz300475,26.79,27.27,25.91,26.99,9741591,262925541.08999997,香农芯创
2025-01-09,sz300475,26.7,27.83,26.68,27.13,8598471,233276518.23,香农芯创
2025-01-10,sz300475,27.18,27.55,26.23,26.25,8260140,216828675.0,香农芯创
2025-01-13,sz300475,25.95,26.95,25.51,26.64,8296764,221025792.96,香农芯创
2025-01-14,sz300475,26.7,28.14,26.4,28.08,13536947,380117471.76,香农芯创
2025-01-15,sz300475,28.06,28.27,27.76,27.82,8319794,231456669.08,香农芯创
2025-01-16,sz300475,28.0,28.38,27.42,27.78,8443390,234557374.20000002,香农芯创
2025-01-17,sz300475,27.74,28.4,27.53,28.11,9713368,273042774.48,香农芯创
2025-01-20,sz300475,28.4,28.6,28.0,28.17,7222270,203451345.9,香农芯创
2025-01-21,sz300475,28.27,28.57,27.86,28.49,9191311,261860450.39,香农芯创
2025-01-22,sz300475,28.32,28.49,27.93,28.28,7705878,217922229.84,香农芯创
2025-01-23,sz300475,28.6,28.97,28.09,28.09,10446035,293429123.15,香农芯创
2025-01-24,sz300475,28.0,28.78,27.83,28.76,10839205,311735535.8,香农芯创
2025-01-27,sz300475,28.76,28.91,27.82,27.82,8328400,231696088.0,香农芯创
2025-02-05,sz300475,28.15,29.1,27.75,28.24,14840351,419091512.23999995,香农芯创
2025-02-06,sz300475,27.95,32.0,27.91,31.47,45344732,1426998716.04,香农芯创
2025-02-07,sz300475,30.98,31.55,30.34,31.03,37768841,1171967136.23,香农芯创
2025-02-10,sz300475,30.62,32.18,30.51,31.69,35519662,1125618088.78,香农芯创
2025-02-11,sz300475,31.69,31.75,30.89,31.0,21421013,664051403.0,香农芯创
2025-02-12,sz300475,31.3,31.98,31.03,31.74,32347626,1026713649.2399999,香农芯创
2025-02-13,sz300475,31.98,32.1,30.75,31.05,25303163,785663211.15,香农芯创
2025-02-14,sz300475,30.8,31.18,30.38,30.89,18427805,569234896.45,香农芯创
2025-02-17,sz300475,31.69,32.3,30.95,31.27,25994614,812851579.78,香农芯创
2025-02-18,sz300475,31.0,31.23,29.39,29.45,24983890,735775560.5,香农芯创
2025-02-19,sz300475,29.58,31.45,29.58,30.53,30395455,927973241.15,香农芯创
2025-02-20,sz300475,30.51,30.8,29.93,30.27,23079721,698623154.67,香农芯创
2025-02-21,sz300475,30.89,33.03,30.5,32.72,70228893,2297889378.96,香农芯创
2025-02-24,sz300475,34.68,38.35,33.21,36.99,112970401,4178775132.9900002,香农芯创
2025-02-25,sz300475,35.62,39.35,35.62,37.64,105870563,3984967991.32,香农芯创
2025-02-26,sz300475,37.18,38.49,35.9,37.85,70986032,2686821311.2000003,香农芯创
2025-02-27,sz300475,38.66,40.4,36.61,39.52,94969302,3753186815.0400004,香农芯创
2025-02-28,sz300475,38.49,40.1,36.96,37.82,76545824,2894963063.68,香农芯创
2025-03-03,sz300475,38.54,39.0,34.96,35.52,76024075,2700375144.0,香农芯创
2025-03-04,sz300475,34.85,37.93,33.9,37.13,67830568,2518548989.84,香农芯创
2025-03-05,sz300475,36.72,37.08,35.55,36.5,39791691,1452396721.5,香农芯创
2025-03-06,sz300475,37.28,38.8,37.1,37.5,55412106,2077953975.0,香农芯创
2025-03-07,sz300475,37.02,42.0,36.82,40.6,95673451,3884342110.6,香农芯创
2025-03-10,sz300475,40.05,41.88,39.36,41.09,65786238,2703156519.42,香农芯创
2025-03-11,sz300475,40.2,41.1,39.64,40.66,34776169,1413999031.54,香农芯创
2025-03-12,sz300475,41.02,42.78,40.66,40.66,53413819,2171805880.54,香农芯创
2025-03-13,sz300475,41.22,41.47,38.73,39.41,38575839,1520273814.9899998,香农芯创
2025-03-14,sz300475,40.0,43.66,39.64,43.28,56573105,2448483984.4,香农芯创
2025-03-17,sz300475,43.06,44.88,42.28,43.75,40328671,1764379356.25,香农芯创
2025-03-18,sz300475,43.65,45.19,42.01,42.29,39528512,1671660772.48,香农芯创
2025-03-19,sz300475,41.92,43.08,41.25,41.91,28699972,1202815826.52,香农芯创
2025-03-20,sz300475,41.5,41.71,40.12,40.86,26944425,1100949205.5,香农芯创
2025-03-21,sz300475,40.84,41.39,39.45,39.57,27414099,1084775897.43,香农芯创
2025-03-24,sz300475,39.05,39.13,36.67,37.83,35756162,1352655608.46,香农芯创
2025-03-25,sz300475,37.72,37.8,35.99,36.49,26590656,970293037.44,香农芯创
2025-03-26,sz300475,36.6,37.95,36.56,36.62,19935850,730050827.0,香农芯创
2025-03-27,sz300475,36.8,38.94,36.21,37.33,32555574,1215299577.4199998,香农芯创
2025-03-28,sz300475,37.33,37.84,36.5,36.5,17872373,652341614.5,香农芯创
2025-03-31,sz300475,35.8,37.65,35.21,37.25,23166175,862940018.75,香农芯创
2025-04-01,sz300475,37.3,37.74,36.53,36.69,17019489,624445051.41,香农芯创
2025-04-02,sz300475,36.4,37.51,36.28,36.53,17148293,626427143.29,香农芯创
2025-04-03,sz300475,35.6,36.63,33.63,33.96,31516449,1070298608.0400001,香农芯创
2025-04-07,sz300475,30.33,31.89,27.17,27.17,38819696,1054731140.32,香农芯创
2025-04-08,sz300475,27.0,28.3,25.37,26.43,38211942,1009941627.06,香农芯创
2025-04-09,sz300475,25.4,26.78,23.24,26.42,38537593,1018163207.0600001,香农芯创
2025-04-10,sz300475,27.6,29.2,27.53,27.55,37984386,1046469834.3000001,香农芯创
2025-04-11,sz300475,27.34,30.49,27.27,29.18,41408581,1208302393.58,香农芯创
2025-04-14,sz300475,29.99,30.35,28.91,29.48,34668590,1022030033.2,香农芯创
2025-04-15,sz300475,29.18,30.11,28.63,28.9,21048800,608310320.0,香农芯创
2025-04-16,sz300475,28.7,28.87,27.29,27.8,20617518,573167000.4,香农芯创
2025-04-17,sz300475,27.54,29.4,27.54,28.5,22511080,641565780.0,香农芯创
2025-04-18,sz300475,28.31,28.79,27.95,28.37,12527800,355413686.0,香农芯创
2025-04-21,sz300475,28.59,29.94,28.26,29.38,23161332,680479934.16,香农芯创
2025-04-22,sz300475,29.3,29.53,28.63,28.99,16218874,470185157.26,香农芯创
2025-04-23,sz300475,29.29,30.67,29.21,30.45,28731887,874885959.15,香农芯创
2025-04-24,sz300475,30.72,30.8,29.4,29.56,17861942,527999005.52,香农芯创
2025-04-25,sz300475,31.17,31.68,30.02,31.08,33780967,1049912454.3599999,香农芯创
2025-04-28,sz300475,31.15,31.7,29.82,30.46,22818214,695042798.44,香农芯创
2025-04-29,sz300475,30.08,31.21,29.86,31.0,20852646,646432026.0,香农芯创
2025-04-30,sz300475,31.09,31.12,30.35,30.66,19363393,593681629.38,香农芯创
2025-05-06,sz300475,31.66,32.78,31.34,32.55,26206324,853015846.1999999,香农芯创
2025-05-07,sz300475,33.63,33.63,31.41,31.83,21166371,673725588.93,香农芯创
2025-05-08,sz300475,31.53,32.8,31.53,32.05,17711366,567649280.3,香农芯创
2025-05-09,sz300475,31.83,31.85,30.49,30.63,15793100,483742653.0,香农芯创
2025-05-12,sz300475,31.06,31.9,30.85,31.7,15753166,499375362.2,香农芯创
2025-05-13,sz300475,32.05,33.4,32.05,32.2,22522776,725233387.2,香农芯创
2025-05-14,sz300475,32.19,32.78,31.52,31.94,16165399,516322844.06,香农芯创
2025-05-15,sz300475,31.69,31.87,30.5,30.53,18140687,553835174.11,香农芯创
2025-05-16,sz300475,30.32,30.78,29.61,29.68,17921228,531902047.04,香农芯创
2025-05-19,sz300475,29.35,29.85,28.94,29.68,13971910,414686288.8,香农芯创
2025-05-20,sz300475,29.5,30.25,29.36,29.77,10464079,311515631.83,香农芯创
2025-05-21,sz300475,29.53,29.6,29.01,29.35,8994923,264000990.05,香农芯创
2025-05-22,sz300475,29.08,29.83,28.92,29.19,11015727,321549071.13,香农芯创
2025-05-23,sz300475,29.17,29.2,28.38,28.38,11443236,324759037.68,香农芯创
2025-05-26,sz300475,28.34,28.98,28.1,28.92,8820648,255093140.16000003,香农芯创
2025-05-27,sz300475,28.89,28.89,28.23,28.48,6855735,195251332.8,香农芯创
2025-05-28,sz300475,28.47,28.65,27.91,27.99,7533285,210856647.14999998,香农芯创
2025-05-29,sz300475,28.0,28.9,28.0,28.73,10764452,309262705.96,香农芯创
2025-05-30,sz300475,28.5,28.73,27.98,28.02,8728445,244571028.9,香农芯创
2025-06-03,sz300475,27.98,28.65,27.66,28.21,8743600,246656956.0,香农芯创
2025-06-04,sz300475,28.71,29.81,28.71,29.42,17638828,518934319.76000005,香农芯创
2025-06-05,sz300475,29.79,31.04,29.58,30.82,23090392,711645881.44,香农芯创
2025-06-06,sz300475,30.62,32.28,30.62,32.0,27350516,875216512.0,香农芯创
2025-06-09,sz300475,32.64,32.84,31.93,32.69,23986315,784112637.3499999,香农芯创
2025-06-10,sz300475,32.63,32.63,31.49,32.12,19447367,624649428.04,香农芯创
2025-06-11,sz300475,32.0,33.66,32.0,32.98,20230461,667200603.78,香农芯创
2025-06-12,sz300475,32.77,34.36,32.77,33.83,18968725,641711966.75,香农芯创
2025-06-13,sz300475,33.3,35.0,32.82,34.5,26008894,897306843.0,香农芯创
2025-06-16,sz300475,34.8,36.22,33.35,33.6,24274416,815620377.6,香农芯创
2025-06-17,sz300475,34.23,34.96,33.8,34.7,22850333,792906555.1,香农芯创
2025-06-18,sz300475,34.7,37.52,34.4,36.97,33902155,1253362670.35,香农芯创
2025-06-19,sz300475,36.78,37.49,36.25,36.63,23203331,849938014.5300001,香农芯创
2025-06-20,sz300475,36.9,37.3,35.47,36.02,17534420,631589808.4000001,香农芯创
2025-06-23,sz300475,35.01,36.68,35.0,36.04,15358037,553503653.48,香农芯创
2025-06-24,sz300475,36.6,37.45,35.6,36.05,17927691,646293260.55,香农芯创
2025-06-25,sz300475,36.16,37.27,35.89,36.6,17285306,632642199.6,香农芯创
2025-06-26,sz300475,36.58,36.75,35.72,35.72,13464812,480963084.64,香农芯创
2025-06-27,sz300475,35.96,36.1,34.9,35.59,14114482,502334414.38000005,香农芯创
2025-06-30,sz300475,35.52,36.44,35.26,35.63,11136534,396794706.42,香农芯创
2025-07-01,sz300475,35.6,36.15,34.84,35.08,14501805,508723319.4,香农芯创
2025-07-02,sz300475,34.83,35.25,34.03,34.19,11884900,406344731.0,香农芯创
2025-07-03,sz300475,34.49,36.66,34.01,35.89,23115011,829597744.79,香农芯创
2025-07-04,sz300475,35.88,35.88,34.1,35.6,19407382,690902799.2,香农芯创
2025-07-07,sz300475,35.0,36.19,34.83,35.35,10902900,385417515.0,香农芯创
2025-07-08,sz300475,35.81,36.1,35.16,35.2,10868550,382572960.00000006,香农芯创
2025-07-09,sz300475,35.01,35.2,34.03,34.12,14864543,507178207.15999997,香农芯创
2025-07-10,sz300475,34.0,34.28,33.14,33.25,15154290,503880142.5,香农芯创
2025-07-11,sz300475,33.17,33.79,32.94,33.29,9365168,311766442.71999997,香农芯创
2025-07-14,sz300475,33.29,34.2,33.22,33.61,9119425,306503874.25,香农芯创
2025-07-15,sz300475,33.62,34.2,33.5,33.88,9085300,307809964.0,香农芯创
2025-07-16,sz300475,33.99,35.3,33.61,34.49,18053780,622674872.2,香农芯创
2025-07-17,sz300475,34.2,36.15,33.8,35.15,17191009,604263966.35,香农芯创
2025-07-18,sz300475,34.99,35.06,33.6,33.68,19859203,668857957.04,香农芯创
2025-07-21,sz300475,33.85,33.85,33.4,33.57,8075300,271087821.0,香农芯创
2025-07-22,sz300475,33.56,33.67,32.86,33.03,11132545,367707961.35,香农芯创
2025-07-23,sz300475,32.98,33.66,32.7,33.31,11093815,369534977.65000004,香农芯创
2025-07-24,sz300475,33.45,33.59,33.0,33.45,10099695,337834797.75,香农芯创
2025-07-25,sz300475,33.4,34.05,33.13,33.89,10369040,351406765.6,香农芯创
2025-07-28,sz300475,33.8,34.25,33.43,33.93,8790118,298248703.74,香农芯创
2025-07-29,sz300475,33.7,34.3,33.67,34.25,9806355,335867658.75,香农芯创
2025-07-30,sz300475,34.28,34.73,33.57,34.0,11457170,389543780.0,香农芯创
2025-07-31,sz300475,34.0,35.1,33.64,33.76,14476300,488719888.0,香农芯创
2025-08-01,sz300475,33.63,33.84,32.76,33.46,9663100,323327326.0,香农芯创
2025-08-04,sz300475,33.17,34.88,33.12,34.29,15467587,530383558.22999996,香农芯创
2025-08-05,sz300475,34.65,34.86,34.25,34.39,8413600,289343704.0,香农芯创
2025-08-06,sz300475,34.25,35.2,33.93,35.1,12296765,431616451.5,香农芯创
2025-08-07,sz300475,34.82,36.36,34.58,35.9,21573850,774501215.0,香农芯创
2025-08-08,sz300475,35.51,35.56,34.71,34.75,11572322,402138189.5,香农芯创
2025-08-11,sz300475,34.76,35.98,34.76,35.59,13341431,474821529.29,香农芯创
2025-08-12,sz300475,35.99,37.0,35.34,37.0,23342583,863675571.0,香农芯创
2025-08-13,sz300475,37.8,37.86,35.68,36.03,26205206,944173572.1800001,香农芯创
2025-08-14,sz300475,35.88,37.11,35.2,35.21,22052004,776451060.84,香农芯创
2025-08-15,sz300475,34.99,36.36,34.9,36.11,16642143,600947783.73,香农芯创
2025-08-18,sz300475,36.65,37.86,36.05,37.18,22190035,825025501.3,香农芯创
2025-08-19,sz300475,37.18,37.38,36.69,36.86,13220852,487320604.71999997,香农芯创
2025-08-20,sz300475,36.66,37.35,36.12,37.24,14800402,551166970.48,香农芯创
2025-08-21,sz300475,37.24,41.18,36.83,38.74,36875716,1428565237.8400002,香农芯创
2025-08-22,sz300475,38.5,40.21,38.3,39.59,26706830,1057323399.7,香农芯创
2025-08-25,sz300475,39.6,41.2,39.52,40.72,30875089,1257233624.08,香农芯创
2025-08-26,sz300475,41.36,44.72,40.23,43.51,44103809,1918956729.59,香农芯创
2025-08-27,sz300475,43.3,44.44,41.6,41.9,34861901,1460713651.8999999,香农芯创
2025-08-28,sz300475,41.5,42.4,40.11,41.49,31620352,1311928404.48,香农芯创
2025-08-29,sz300475,41.8,42.46,41.1,42.14,25118306,1058485414.84,香农芯创
2025-09-01,sz300475,44.01,47.86,43.67,46.9,50160381,2352521868.9,香农芯创
2025-09-02,sz300475,46.17,46.68,43.51,43.93,34690563,1523956432.59,香农芯创
2025-09-03,sz300475,44.03,46.12,43.42,44.07,26963469,1188280078.83,香农芯创
2025-09-04,sz300475,43.95,43.99,39.12,39.83,33124182,1319336169.06,香农芯创
2025-09-05,sz300475,40.0,43.35,39.68,42.99,24262386,1043039974.1400001,香农芯创
2025-09-08,sz300475,43.99,51.5,43.6,50.43,56667914,2857762903.02,香农芯创
2025-09-09,sz300475,49.99,55.43,48.8,53.5,57219699,3061253896.5,香农芯创
2025-09-10,sz300475,53.52,54.6,52.5,53.76,36733951,1974817205.76,香农芯创
2025-09-11,sz300475,52.85,64.51,52.84,64.51,57245818,3692927719.1800003,香农芯创
2025-09-12,sz300475,66.0,77.41,64.32,73.83,89002088,6571024157.04,香农芯创
2025-09-15,sz300475,72.8,78.8,68.68,75.5,73271679,5532011764.5,香农芯创
2025-09-16,sz300475,76.5,77.0,73.64,75.16,50309893,3781291557.8799996,香农芯创
2025-09-17,sz300475,75.17,79.9,73.73,78.4,48079321,3769418766.4,香农芯创
2025-09-18,sz300475,78.03,79.9,74.28,75.51,48623668,3671573170.6800003,香农芯创
2025-09-19,sz300475,78.0,80.9,77.0,77.53,49209939,3815246570.67,香农芯创
2025-09-22,sz300475,79.7,88.64,78.5,87.66,60282128,5284331340.48,香农芯创
2025-09-23,sz300475,84.0,87.99,80.65,83.35,56344005,4696272816.75,香农芯创
2025-09-24,sz300475,82.94,86.66,81.3,85.0,48068347,4085809495.0,香农芯创
2025-09-25,sz300475,80.99,83.12,79.33,80.58,40515853,3264767434.74,香农芯创
2025-09-26,sz300475,80.0,83.5,77.85,77.85,39687089,3089639878.6499996,香农芯创
2025-09-29,sz300475,79.27,86.28,79.27,84.26,41880314,3528835257.6400003,香农芯创
2025-09-30,sz300475,90.1,95.0,86.41,91.26,46837964,4274432594.6400003,香农芯创
2025-10-09,sz300475,98.76,104.9,97.0,98.7,51048373,5038474415.1,香农芯创
2025-10-10,sz300475,95.68,103.92,91.95,101.02,53243804,5378689080.08,香农芯创
2025-10-13,sz300475,90.83,99.49,90.0,92.53,46602872,4312163746.16,香农芯创
2025-10-14,sz300475,96.96,99.0,88.0,88.17,50894962,4487408799.54,香农芯创
2025-10-15,sz300475,89.68,91.42,86.79,89.7,31204456,2799039703.2000003,香农芯创
2025-10-16,sz300475,88.21,107.64,88.21,104.68,70264657,7355304294.76,香农芯创
2025-10-17,sz300475,107.11,107.8,100.21,100.55,50524613,5080249837.15,香农芯创
2025-10-20,sz300475,104.0,106.0,94.37,96.21,46097659,4435055772.389999,香农芯创
2025-10-21,sz300475,96.23,109.57,96.23,104.9,48597100,5097835790.0,香农芯创
2025-10-22,sz300475,100.5,111.11,98.44,107.71,48684073,5243761502.83,香农芯创
2025-10-23,sz300475,105.56,108.97,98.89,106.31,53098155,5644864858.05,香农芯创
2025-10-24,sz300475,116.0,127.57,112.94,127.57,59475777,7587324871.889999,香农芯创
2025-10-27,sz300475,131.0,139.13,122.0,133.66,51483654,6881305193.639999,香农芯创
2025-10-28,sz300475,125.1,131.86,123.0,128.31,33444904,4291315632.2400002,香农芯创
2025-10-29,sz300475,128.5,137.77,126.01,130.73,34197018,4470576163.139999,香农芯创
2025-10-30,sz300475,135.0,139.6,124.5,128.57,32660415,4199149556.5499997,香农芯创
2025-10-31,sz300475,125.3,133.0,118.88,132.52,34565695,4580645901.400001,香农芯创
2025-11-03,sz300475,126.64,145.0,126.64,143.6,39932316,5734280577.599999,香农芯创
2025-11-04,sz300475,144.0,152.98,139.61,143.73,35331448,5078189021.04,香农芯创
2025-11-05,sz300475,133.56,149.02,133.56,148.3,33570387,4978488392.1,香农芯创
2025-11-06,sz300475,154.0,163.0,151.57,161.07,35084327,5651032549.889999,香农芯创
2025-11-07,sz300475,157.16,184.88,157.16,170.0,38978123,6626280910.0,香农芯创
2025-11-10,sz300475,180.0,197.0,163.96,195.82,50610099,9910469586.18,香农芯创
2025-11-11,sz300475,194.0,204.57,175.0,176.58,58909452,10402231034.16,香农芯创
2025-11-12,sz300475,176.04,200.0,168.98,195.06,69346496,13526727509.76,香农芯创
2025-11-13,sz300475,191.5,201.53,187.0,192.97,54400518,10497667958.46,香农芯创
2025-11-14,sz300475,176.82,184.98,170.01,174.59,51078955,8917874753.45,香农芯创
2025-11-17,sz300475,178.06,182.3,166.55,170.89,45675574,7805498840.86,香农芯创
2025-11-18,sz300475,168.96,170.88,156.88,160.9,56161366,9036363789.4,香农芯创
2025-11-19,sz300475,160.01,165.0,158.0,161.45,37176549,6002153836.049999,香农芯创
2025-11-20,sz300475,164.0,165.0,145.3,145.9,57275142,8356443217.8,香农芯创
2025-11-21,sz300475,132.08,135.8,123.43,126.41,66450019,8399946901.79,香农芯创
2025-11-24,sz300475,128.82,131.5,124.44,126.9,39132112,4965865012.8,香农芯创
2025-11-25,sz300475,134.41,137.5,129.97,131.21,55480480,7279593780.8,香农芯创
2025-11-26,sz300475,128.28,136.3,126.44,133.4,49357267,6584259417.8,香农芯创
2025-11-27,sz300475,133.51,140.78,131.0,133.42,49353374,6584727159.079999,香农芯创
2025-11-28,sz300475,132.54,143.6,131.51,141.89,59365041,8423305667.489999,香农芯创
2025-12-01,sz300475,141.7,141.7,133.67,135.55,55268556,7491652765.8,香农芯创
2025-12-02,sz300475,133.01,134.8,129.54,130.57,41738298,5449769569.86,香农芯创
2025-12-03,sz300475,129.06,130.44,124.97,126.66,36193232,4584234765.12,香农芯创
2025-12-04,sz300475,125.0,126.0,121.48,122.15,35501173,4336468281.95,香农芯创
2025-12-05,sz300475,124.33,126.66,120.88,124.39,29981921,3729451153.19,香农芯创
2025-12-08,sz300475,127.01,146.33,126.0,143.36,80231160,11501939097.6,香农芯创
2025-12-09,sz300475,140.82,150.88,138.18,145.84,69714645,10167183826.800001,香农芯创
2025-12-10,sz300475,145.03,145.83,136.38,142.98,41592052,5946831594.96,香农芯创
2025-12-11,sz300475,147.97,148.05,139.82,143.16,51092584,7314414325.44,香农芯创
2025-12-12,sz300475,143.41,149.92,137.8,141.99,44121168,6264764644.320001,香农芯创
2025-12-15,sz300475,132.61,135.5,129.11,133.49,34079015,4549207712.35,香农芯创
2025-12-16,sz300475,133.55,134.88,127.37,128.9,27334082,3523363169.8,香农芯创
2025-12-17,sz300475,130.1,137.92,128.95,137.56,32973389,4535819390.84,香农芯创
2025-12-18,sz300475,141.12,143.96,136.4,140.53,39769059,5588745861.27,香农芯创
2025-12-19,sz300475,141.76,143.5,132.16,133.2,39708165,5289127578.0,香农芯创
2025-12-22,sz300475,137.0,140.96,135.6,136.55,36053734,4923137377.700001,香农芯创
2025-12-23,sz300475,136.26,141.98,134.5,136.79,34223006,4681364990.74,香农芯创
2025-12-24,sz300475,138.6,153.0,138.6,148.95,59930662,8926672104.9,香农芯创
2025-12-25,sz300475,148.97,161.75,148.97,152.06,55219281,8396643868.86,香农芯创
2025-12-26,sz300475,152.22,164.0,152.0,159.33,53167063,8471108147.790001,香农芯创
2025-12-29,sz300475,161.0,165.99,155.16,156.04,44932217,7011223140.679999,香农芯创
2025-12-30,sz300475,155.09,159.99,149.5,150.35,39588686,5952158940.099999,香农芯创
2025-12-31,sz300475,150.27,152.65,142.0,144.34,33606675,4850787469.5,香农芯创
2026-01-05,sz300475,152.0,163.0,152.0,162.99,59145232,9640081363.68,香农芯创
2026-01-06,sz300475,159.68,173.71,156.88,170.9,55071183,9411665174.7,香农芯创
2026-01-07,sz300475,190.0,194.0,174.78,175.03,56424534,9875986186.02,香农芯创
2026-01-08,sz300475,173.17,179.9,167.07,169.0,39137685,6614268765.0,香农芯创
2026-01-09,sz300475,165.57,167.53,162.01,165.0,34355141,5668598265.0,香农芯创
2026-01-12,sz300475,168.88,175.0,158.5,175.0,52117402,9120545350.0,香农芯创
2026-01-13,sz300475,171.2,174.38,165.0,165.76,33666001,5580476325.759999,香农芯创
2026-01-14,sz300475,170.46,173.73,161.79,163.52,41891259,6850058671.68,香农芯创
2026-01-15,sz300475,158.91,173.5,156.0,170.53,41831354,7133500797.62,香农芯创
2026-01-16,sz300475,169.99,190.0,168.38,179.26,53571530,9603232467.8,香农芯创
2026-01-19,sz300475,177.0,177.69,164.68,164.7,44047638,7254645978.599999,香农芯创
2026-01-20,sz300475,166.0,169.3,160.55,164.24,33377923,5481990073.52,香农芯创
2026-01-21,sz300475,164.59,171.89,161.62,162.33,41800117,6785412992.610001,香农芯创
2026-01-22,sz300475,167.97,169.5,159.63,161.8,36135160,5846668888.0,香农芯创
2026-01-23,sz300475,159.69,159.69,153.57,157.87,37138948,5863125720.76,香农芯创
2026-01-26,sz300475,164.0,167.45,159.4,162.83,38262239,6230240376.370001,香农芯创
2026-01-27,sz300475,160.0,168.0,155.35,166.67,35033860,5839093446.2,香农芯创
2026-01-28,sz300475,167.5,177.7,166.0,175.0,45458325,7955206875.0,香农芯创
2026-01-29,sz300475,174.99,179.96,167.2,169.2,36209080,6126576336.0,香农芯创
2026-01-30,sz300475,169.57,172.89,162.8,168.56,32400911,5461497558.16,香农芯创
2026-02-02,sz300475,163.0,163.0,147.0,147.73,38633603,5707342171.19,香农芯创
2026-02-03,sz300475,154.3,155.18,148.18,153.53,24772474,3803317933.22,香农芯创
2026-02-04,sz300475,150.05,150.46,141.01,144.53,31500816,4552812936.4800005,香农芯创
2026-02-05,sz300475,139.64,142.24,137.0,139.9,20738134,2901264946.6,香农芯创
2026-02-06,sz300475,137.5,140.1,134.5,137.79,16721945,2304116801.5499997,香农芯创
2026-02-09,sz300475,140.56,141.5,137.02,140.25,18719381,2625393185.25,香农芯创
2026-02-10,sz300475,138.1,140.3,136.4,137.28,16715733,2294735826.2400002,香农芯创
2026-02-11,sz300475,134.5,135.28,132.36,132.97,19504745,2593545942.65,香农芯创
2026-02-12,sz300475,134.02,135.57,132.33,135.5,20983769,2843300699.5,香农芯创
2026-02-13,sz300475,133.9,139.7,132.72,137.98,25180794,3474445956.12,香农芯创
2026-02-24,sz300475,139.88,145.83,138.0,145.47,28370917,4127117295.99,香农芯创
2026-02-25,sz300475,142.0,143.6,138.38,143.27,20232527,2898714143.2900004,香农芯创
2026-02-26,sz300475,143.27,148.58,139.71,148.23,26181267,3880849207.41,香农芯创
2026-02-27,sz300475,145.51,148.98,143.68,148.98,17415842,2594612141.16,香农芯创
2026-03-02,sz300475,145.0,147.75,143.68,144.86,18063061,2616615016.46,香农芯创
2026-03-03,sz300475,144.08,145.76,134.37,135.18,21436099,2897731862.82,香农芯创
2026-03-04,sz300475,137.0,146.76,137.0,140.52,31478591,4423371607.320001,香农芯创
2026-03-05,sz300475,145.52,145.98,137.5,138.35,25389295,3512608963.25,香农芯创
2026-03-06,sz300475,136.8,155.5,136.16,155.04,55438920,8595250156.8,香农芯创
2026-03-09,sz300475,149.01,158.67,145.0,157.8,37749133,5956813187.400001,香农芯创
2026-03-10,sz300475,160.2,165.32,158.58,161.85,36564689,5917994914.65,香农芯创
2026-03-11,sz300475,160.51,162.22,155.58,156.83,28241066,4429046380.780001,香农芯创
2026-03-12,sz300475,156.3,158.4,150.66,152.7,18807592,2871919298.3999996,香农芯创
2026-03-13,sz300475,150.0,159.99,149.46,153.55,24832472,3813026075.6000004,香农芯创
2026-03-16,sz300475,153.82,161.68,149.54,159.89,30151316,4820893915.24,香农芯创
2026-03-17,sz300475,158.33,159.96,153.57,153.65,20295419,3118391129.35,香农芯创
2026-03-18,sz300475,156.5,172.95,155.3,169.99,49326387,8384992526.13,香农芯创
2026-03-19,sz300475,162.92,167.2,160.08,161.68,32867996,5314097593.280001,香农芯创
2026-03-20,sz300475,163.96,165.5,154.0,157.15,31427549,4938839325.35,香农芯创
2026-03-23,sz300475,149.76,153.2,142.8,143.19,27449026,3930426032.94,香农芯创
2026-03-24,sz300475,145.74,145.77,136.5,143.79,24809317,3567331691.43,香农芯创
2026-03-25,sz300475,144.49,152.86,143.6,148.44,25588616,3798374159.04,香农芯创
2026-03-26,sz300475,143.0,155.0,141.94,147.19,29150456,4290655618.64,香农芯创
2026-03-27,sz300475,140.0,146.66,137.1,143.96,19862320,2859379587.2000003,香农芯创
2026-03-30,sz300475,140.06,143.97,135.0,137.1,26118219,3580807824.8999996,香农芯创
2026-03-31,sz300475,133.34,133.76,124.41,125.63,35261692,4429926365.96,香农芯创
2026-04-01,sz300475,132.82,133.76,126.15,128.08,26570728,3403178842.2400002,香农芯创
2026-04-02,sz300475,129.01,130.95,124.62,125.5,18080625,2269118437.5,香农芯创
2026-04-03,sz300475,128.0,128.1,121.95,121.98,17021209,2076247073.8200002,香农芯创
2026-04-07,sz300475,123.5,126.94,122.8,123.48,17780476,2195533176.48,香农芯创
2026-04-08,sz300475,145.71,148.18,136.67,148.18,59699081,8846209822.58,香农芯创
2026-04-09,sz300475,149.57,152.8,145.02,147.55,53162762,7844165533.1,香农芯创
2026-04-10,sz300475,150.0,153.49,148.95,151.25,44354987,6708691783.75,香农芯创
2026-04-13,sz300475,148.51,153.47,148.46,152.0,36577181,5559731512.0,香农芯创
2026-04-14,sz300475,155.3,163.0,154.7,158.58,51219367,8122367218.860001,香农芯创
2026-04-15,sz300475,160.0,162.96,152.58,153.94,42325335,6515562069.9,香农芯创
2026-04-16,sz300475,152.41,157.34,148.66,156.8,33063279,5184322147.200001,香农芯创
2026-04-17,sz300475,156.0,160.58,153.33,159.12,35158941,5594490691.92,香农芯创
2026-04-20,sz300475,159.5,167.54,158.25,164.0,40263652,6603238928.0,香农芯创
2026-04-21,sz300475,162.07,162.78,157.0,160.82,27413764,4408681526.48,香农芯创
2026-04-22,sz300475,159.8,162.21,158.8,162.12,25544534,4141279852.08,香农芯创
2026-04-23,sz300475,164.44,164.98,153.84,156.39,35607836,5568709472.04,香农芯创
2026-04-24,sz300475,160.0,172.14,158.51,162.05,66089332,10709776250.6,香农芯创
2026-04-27,sz300475,163.87,172.86,163.0,170.99,54269043,9279463662.57,香农芯创
2026-04-28,sz300475,170.73,178.68,168.0,171.61,53172092,9124862708.12,香农芯创
2026-04-29,sz300475,169.06,175.95,169.06,174.3,48806963,8507053650.900001,香农芯创
2026-04-30,sz300475,173.76,178.78,170.41,174.7,39217991,6851383027.7,香农芯创
2026-05-06,sz300475,188.99,204.0,186.0,194.66,66930061,13028605674.26,香农芯创
2026-05-07,sz300475,194.77,199.0,188.66,189.18,53954369,10207087527.42,香农芯创
2026-05-08,sz300475,183.95,184.88,180.0,181.02,46317885,8384463542.700001,香农芯创
2026-05-11,sz300475,191.0,201.9,188.0,193.58,68203596,13202852113.68,香农芯创
2026-05-12,sz300475,192.0,193.02,183.91,184.61,43277912,7989535334.320001,香农芯创
2026-05-13,sz300475,181.46,195.44,178.96,194.64,49413753,9617892883.92,香农芯创
2026-05-14,sz300475,194.65,209.86,190.0,200.5,63300789,12691808194.5,香农芯创
2024-01-02,sh688525,54.12,57.2,50.13,50.13,20937254,1049584543.0200001,佰维存储
2024-01-03,sh688525,48.49,48.85,43.79,44.83,25318725,1135038441.75,佰维存储
2024-01-04,sh688525,44.35,45.77,43.99,44.22,11976540,529602598.8,佰维存储
2024-01-05,sh688525,44.58,44.66,42.64,43.19,9842447,425095285.93,佰维存储
2024-01-08,sh688525,43.0,43.28,41.77,41.81,7153465,299086371.65000004,佰维存储
2024-01-09,sh688525,42.44,43.66,42.23,42.81,9202696,393967415.76000005,佰维存储
2024-01-10,sh688525,42.67,44.0,41.07,42.89,8237803,353319370.67,佰维存储
2024-01-11,sh688525,42.98,43.32,41.86,41.96,11097969,465670779.24,佰维存储
2024-01-12,sh688525,41.78,41.81,40.35,40.35,8406616,339206955.6,佰维存储
2024-01-15,sh688525,40.04,41.5,39.7,40.48,7543715,305369583.2,佰维存储
2024-01-16,sh688525,40.1,40.51,39.21,39.44,6966740,274768225.59999996,佰维存储
2024-01-17,sh688525,39.5,39.65,37.61,37.63,7811354,293941251.02000004,佰维存储
2024-01-18,sh688525,37.75,38.75,37.16,38.6,9697504,374323654.40000004,佰维存储
2024-01-19,sh688525,39.09,39.28,37.5,37.5,7223168,270868800.0,佰维存储
2024-01-22,sh688525,37.9,38.28,35.55,35.91,8114243,291382466.13,佰维存储
2024-01-23,sh688525,36.3,37.51,35.92,37.1,11887724,441034560.40000004,佰维存储
2024-01-24,sh688525,37.6,37.6,34.75,36.26,10733356,389191488.56,佰维存储
2024-01-25,sh688525,35.8,37.46,35.6,37.24,11425831,425497946.44,佰维存储
2024-01-26,sh688525,37.1,37.61,36.1,36.17,9362226,338631714.42,佰维存储
2024-01-29,sh688525,36.47,37.1,34.15,34.25,9263303,317268127.75,佰维存储
2024-01-30,sh688525,33.45,35.55,33.05,33.68,9622533,324086911.44,佰维存储
2024-01-31,sh688525,34.0,34.49,31.79,31.82,10426324,331765629.68,佰维存储
2024-02-01,sh688525,31.95,33.58,31.5,32.31,9281475,299884457.25,佰维存储
2024-02-02,sh688525,32.3,32.82,29.7,30.81,9035828,278393860.68,佰维存储
2024-02-05,sh688525,30.81,31.4,26.52,28.0,12046968,337315104.0,佰维存储
2024-02-06,sh688525,27.44,30.49,26.83,29.82,11158218,332738060.76,佰维存储
2024-02-07,sh688525,29.49,31.15,27.5,28.3,15599203,441457444.90000004,佰维存储
2024-02-08,sh688525,28.4,31.32,27.1,30.74,17142996,526975697.03999996,佰维存储
2024-02-19,sh688525,31.8,36.75,30.74,36.38,22336323,812595430.74,佰维存储
2024-02-20,sh688525,35.01,39.0,35.01,38.33,29785712,1141686340.96,佰维存储
2024-02-21,sh688525,36.77,40.26,36.01,37.95,25260488,958635519.6,佰维存储
2024-02-22,sh688525,38.0,41.8,37.44,40.7,25873193,1053038955.1,佰维存储
2024-02-23,sh688525,41.5,43.77,40.51,42.26,22969759,970702015.3399999,佰维存储
2024-02-26,sh688525,42.8,47.0,41.38,45.1,26764306,1207070200.6000001,佰维存储
2024-02-27,sh688525,44.38,47.25,42.91,46.3,25775330,1193397779.0,佰维存储
2024-02-28,sh688525,45.73,47.25,40.04,40.05,31505365,1261789868.25,佰维存储
2024-02-29,sh688525,39.6,45.0,39.55,44.06,26069770,1148634066.2,佰维存储
2024-03-01,sh688525,44.01,47.59,43.81,46.89,27960398,1311063062.22,佰维存储
2024-03-04,sh688525,48.39,49.75,46.84,48.87,29209934,1427489474.58,佰维存储
2024-03-05,sh688525,47.8,48.8,45.44,45.85,30425764,1395021279.4,佰维存储
2024-03-06,sh688525,45.3,47.28,44.02,46.4,18762930,870599952.0,佰维存储
2024-03-07,sh688525,45.99,46.6,43.0,43.4,21635052,938961256.8,佰维存储
2024-03-08,sh688525,44.2,47.08,42.5,47.0,25964674,1220339678.0,佰维存储
2024-03-11,sh688525,46.88,50.89,46.4,50.8,32996462,1676220269.6,佰维存储
2024-03-12,sh688525,50.7,53.65,49.48,49.73,31268511,1554983052.03,佰维存储
2024-03-13,sh688525,50.78,51.47,49.55,50.3,23343820,1174194146.0,佰维存储
2024-03-14,sh688525,49.01,51.3,48.9,51.0,20451834,1043043534.0,佰维存储
2024-03-15,sh688525,50.57,52.08,50.08,51.73,19645487,1016261042.51,佰维存储
2024-03-18,sh688525,52.5,53.6,50.3,52.45,23119832,1212635188.4,佰维存储
2024-03-19,sh688525,52.5,55.1,51.91,52.09,24090012,1254848725.0800002,佰维存储
2024-03-20,sh688525,51.75,55.15,50.5,54.5,26429627,1440414671.5,佰维存储
2024-03-21,sh688525,57.88,61.6,56.5,57.59,35723937,2057341531.8300002,佰维存储
2024-03-22,sh688525,58.0,60.5,56.79,56.8,26455636,1502680124.8,佰维存储
2024-03-25,sh688525,56.19,56.8,52.04,52.49,27758978,1457068755.22,佰维存储
2024-03-26,sh688525,53.42,55.5,50.83,52.65,24180884,1273123542.6,佰维存储
2024-03-27,sh688525,51.5,52.65,48.26,48.6,21043463,1022712301.8000001,佰维存储
2024-03-28,sh688525,48.35,51.6,48.12,50.88,17669467,899022480.96,佰维存储
2024-03-29,sh688525,50.71,53.88,50.71,53.15,16797838,892805089.6999999,佰维存储
2024-04-01,sh688525,52.6,55.0,52.6,53.67,14933051,801456847.1700001,佰维存储
2024-04-02,sh688525,55.6,55.98,51.0,52.49,18785361,986043598.89,佰维存储
2024-04-03,sh688525,52.0,56.01,51.5,54.06,24124123,1304150089.38,佰维存储
2024-04-08,sh688525,53.8,53.99,50.3,50.65,16763923,849092699.9499999,佰维存储
2024-04-09,sh688525,51.2,51.59,46.0,48.75,19510723,951147746.25,佰维存储
2024-04-10,sh688525,49.0,49.2,43.56,44.3,24112737,1068194249.0999999,佰维存储
2024-04-11,sh688525,44.26,45.74,43.7,44.1,16613561,732658040.1,佰维存储
2024-04-12,sh688525,44.39,45.78,44.05,44.42,14557534,646645660.28,佰维存储
2024-04-15,sh688525,43.53,43.87,39.86,40.99,24446228,1002050885.72,佰维存储
2024-04-16,sh688525,40.2,40.42,37.15,37.43,18178378,680416688.54,佰维存储
2024-04-17,sh688525,42.0,44.92,41.5,44.92,20349965,914120427.8000001,佰维存储
2024-04-18,sh688525,47.0,47.85,45.92,46.39,38947156,1806758566.84,佰维存储
2024-04-19,sh688525,46.0,46.75,43.82,45.0,25288483,1137981735.0,佰维存储
2024-04-22,sh688525,43.0,46.4,42.03,45.87,23030073,1056389448.51,佰维存储
2024-04-23,sh688525,46.24,46.61,44.7,45.04,18555070,835720352.8,佰维存储
2024-04-24,sh688525,45.5,47.19,44.88,46.99,23461669,1102463826.31,佰维存储
2024-04-25,sh688525,46.2,51.7,45.98,49.2,31332127,1541540648.4,佰维存储
2024-04-26,sh688525,49.21,53.5,49.0,51.53,31900892,1643852964.76,佰维存储
2024-04-29,sh688525,51.99,53.18,51.0,52.56,24697078,1298078419.68,佰维存储
2024-04-30,sh688525,52.66,54.33,52.09,52.14,23054569,1202065227.66,佰维存储
2024-05-06,sh688525,53.0,53.88,52.33,52.75,20013684,1055721831.0,佰维存储
2024-05-07,sh688525,52.96,53.83,50.82,51.09,23642895,1207915505.5500002,佰维存储
2024-05-08,sh688525,51.09,53.29,50.4,51.71,21037758,1087862466.18,佰维存储
2024-05-09,sh688525,52.5,54.88,51.8,53.73,25122919,1349854437.87,佰维存储
2024-05-10,sh688525,53.3,53.35,50.88,51.04,19278693,983984490.72,佰维存储
2024-05-13,sh688525,49.99,51.83,48.97,49.48,18278277,904409145.9599999,佰维存储
2024-05-14,sh688525,50.0,50.39,48.37,49.2,13787756,678357595.2,佰维存储
2024-05-15,sh688525,49.52,50.25,47.76,49.69,14277665,709457173.85,佰维存储
2024-05-16,sh688525,50.5,50.79,48.58,48.73,16054493,782335443.89,佰维存储
2024-05-17,sh688525,48.0,48.42,46.2,47.92,18090044,866874908.48,佰维存储
2024-05-20,sh688525,47.11,48.68,47.05,48.6,14515423,705449557.8000001,佰维存储
2024-05-21,sh688525,48.58,49.27,47.15,47.27,12424791,587319870.57,佰维存储
2024-05-22,sh688525,47.2,47.98,46.4,47.75,11273934,538330348.5,佰维存储
2024-05-23,sh688525,48.39,48.39,46.42,46.7,13663143,638068778.1,佰维存储
2024-05-24,sh688525,46.66,47.2,43.82,43.83,18682754,818865107.8199999,佰维存储
2024-05-27,sh688525,43.98,47.29,43.19,47.2,20675765,975896108.0,佰维存储
2024-05-28,sh688525,47.29,49.38,46.3,46.7,23813815,1112105160.5,佰维存储
2024-05-29,sh688525,46.27,47.5,46.08,46.75,11285228,527584409.0,佰维存储
2024-05-30,sh688525,46.58,49.13,46.01,48.65,23773706,1156590796.8999999,佰维存储
2024-05-31,sh688525,48.24,49.26,47.86,48.12,16786291,807756322.92,佰维存储
2024-06-03,sh688525,50.0,56.0,50.0,55.19,49269569,2719187513.1099997,佰维存储
2024-06-04,sh688525,54.01,56.75,53.69,55.94,32365366,1810518574.04,佰维存储
2024-06-05,sh688525,55.9,57.31,55.06,55.11,24272850,1337676763.5,佰维存储
2024-06-06,sh688525,56.4,56.6,54.0,54.48,22688531,1236071168.8799999,佰维存储
2024-06-07,sh688525,54.95,55.83,52.45,54.04,18926234,1022773685.36,佰维存储
2024-06-11,sh688525,54.16,58.8,53.88,58.46,32811750,1918174905.0,佰维存储
2024-06-12,sh688525,57.9,59.01,57.19,58.4,24302212,1419249180.8,佰维存储
2024-06-13,sh688525,59.2,60.45,57.0,57.3,31489460,1804346058.0,佰维存储
2024-06-14,sh688525,56.59,58.3,55.28,55.28,46628597,2577628842.16,佰维存储
2024-06-17,sh688525,55.3,56.8,54.6,56.8,25790760,1464915168.0,佰维存储
2024-06-18,sh688525,56.5,57.66,55.91,56.73,19536202,1108288739.46,佰维存储
2024-06-19,sh688525,59.0,62.99,57.11,60.45,44091482,2665330086.9,佰维存储
2024-06-20,sh688525,60.48,64.39,59.72,61.51,39138708,2407421929.08,佰维存储
2024-06-21,sh688525,60.0,63.95,58.6,63.3,28735885,1818981520.5,佰维存储
2024-06-24,sh688525,62.66,65.75,59.18,60.26,36221215,2182690415.9,佰维存储
2024-06-25,sh688525,60.21,60.5,56.08,57.5,26623170,1530832275.0,佰维存储
2024-06-26,sh688525,58.0,62.5,57.28,62.5,27447297,1715456062.5,佰维存储
2024-06-27,sh688525,61.3,63.36,60.86,61.5,24450060,1503678690.0,佰维存储
2024-06-28,sh688525,61.1,65.18,61.01,64.15,29169953,1871252484.95,佰维存储
2024-07-01,sh688525,63.8,66.5,62.92,66.46,25729399,1709975857.5399997,佰维存储
2024-07-02,sh688525,66.4,66.88,62.06,62.15,26128360,1623877574.0,佰维存储
2024-07-03,sh688525,62.5,65.51,60.6,64.25,23836315,1531483238.75,佰维存储
2024-07-04,sh688525,63.9,64.9,61.58,62.5,19523694,1220230875.0,佰维存储
2024-07-05,sh688525,61.79,64.46,60.77,63.18,18849479,1190910083.22,佰维存储
2024-07-08,sh688525,63.23,65.6,63.2,63.87,19408812,1239640822.44,佰维存储
2024-07-09,sh688525,63.52,67.37,62.88,67.36,27999362,1886037024.32,佰维存储
2024-07-10,sh688525,66.09,67.23,65.4,65.93,19637973,1294731559.89,佰维存储
2024-07-11,sh688525,66.96,68.49,65.17,66.73,23372592,1559653064.16,佰维存储
2024-07-12,sh688525,65.1,66.66,63.58,65.64,17892258,1174447815.1200001,佰维存储
2024-07-15,sh688525,65.63,66.93,63.5,63.86,16922529,1080672701.94,佰维存储
2024-07-16,sh688525,63.24,64.0,59.33,61.88,31520901,1950513353.88,佰维存储
2024-07-17,sh688525,61.0,62.5,58.55,58.7,26049124,1529083578.8000002,佰维存储
2024-07-18,sh688525,57.08,60.49,56.25,59.72,24944274,1489672043.28,佰维存储
2024-07-19,sh688525,58.6,60.88,58.06,58.27,24536106,1429718896.6200001,佰维存储
2024-07-22,sh688525,58.39,58.75,57.23,57.87,16217647,938515231.89,佰维存储
2024-07-23,sh688525,57.61,58.8,55.09,55.2,18897815,1043159388.0,佰维存储
2024-07-24,sh688525,55.2,56.77,53.13,54.04,17938541,969398755.64,佰维存储
2024-07-25,sh688525,53.0,54.39,52.62,53.18,13244952,704366547.36,佰维存储
2024-07-26,sh688525,53.03,53.33,51.61,52.46,15965878,837569959.88,佰维存储
2024-07-29,sh688525,52.46,53.54,51.63,52.13,13735578,716035681.14,佰维存储
2024-07-30,sh688525,51.78,53.1,50.91,52.83,13908475,734784734.25,佰维存储
2024-07-31,sh688525,52.29,56.16,51.85,55.55,23013223,1278384537.6499999,佰维存储
2024-08-01,sh688525,56.3,57.93,55.6,56.71,21222772,1203543400.1200001,佰维存储
2024-08-02,sh688525,55.58,56.72,53.87,53.91,17031160,918149835.5999999,佰维存储
2024-08-05,sh688525,52.77,53.34,48.58,48.6,22644700,1100532420.0,佰维存储
2024-08-06,sh688525,51.0,51.51,48.91,49.86,12428266,619673342.76,佰维存储
2024-08-07,sh688525,49.5,50.25,48.2,48.66,11556967,562362014.2199999,佰维存储
2024-08-08,sh688525,47.88,49.61,47.17,48.36,12583183,608522729.88,佰维存储
2024-08-09,sh688525,49.61,50.3,48.95,48.97,12826015,628089954.55,佰维存储
2024-08-12,sh688525,48.63,49.35,47.4,48.03,9125937,438318754.11,佰维存储
2024-08-13,sh688525,48.09,49.8,48.0,49.72,11810774,587231683.28,佰维存储
2024-08-14,sh688525,50.46,50.55,49.29,49.44,11804205,583599895.1999999,佰维存储
2024-08-15,sh688525,49.4,51.35,49.2,50.74,14724635,747127979.9,佰维存储
2024-08-16,sh688525,51.31,51.68,50.21,50.68,12729489,645130502.52,佰维存储
2024-08-19,sh688525,49.8,50.35,48.6,48.69,11623132,565930297.0799999,佰维存储
2024-08-20,sh688525,48.98,49.15,47.49,47.6,9613445,457599982.0,佰维存储
2024-08-21,sh688525,47.5,48.05,45.79,45.9,14552411,667955664.9,佰维存储
2024-08-22,sh688525,45.9,46.2,44.8,45.13,9790901,441863362.13000005,佰维存储
2024-08-23,sh688525,44.4,45.9,43.63,44.96,14271386,641641514.5600001,佰维存储
2024-08-26,sh688525,45.21,45.25,42.86,43.04,14131571,608222815.84,佰维存储
2024-08-27,sh688525,42.97,43.9,42.53,42.77,10641993,455158040.61,佰维存储
2024-08-28,sh688525,42.77,43.3,42.26,42.7,7098193,303092841.1,佰维存储
2024-08-29,sh688525,42.31,43.84,41.88,43.39,11298262,490231588.18,佰维存储
2024-08-30,sh688525,43.4,46.16,43.16,45.2,18853382,852172866.4000001,佰维存储
2024-09-02,sh688525,44.56,45.33,43.02,43.08,12222145,526530006.59999996,佰维存储
2024-09-03,sh688525,43.01,44.9,43.01,43.93,10867698,477417973.14,佰维存储
2024-09-04,sh688525,43.1,44.44,43.04,43.76,7984638,349407758.88,佰维存储
2024-09-05,sh688525,43.78,44.53,43.22,43.49,7289282,317010874.18,佰维存储
2024-09-06,sh688525,43.8,43.9,42.48,42.55,8218946,349716152.29999995,佰维存储
2024-09-09,sh688525,42.11,42.96,42.0,42.49,5774552,245360714.48000002,佰维存储
2024-09-10,sh688525,42.48,44.07,41.9,43.78,10268861,449570734.58,佰维存储
2024-09-11,sh688525,43.43,44.04,43.11,43.5,7430411,323222878.5,佰维存储
2024-09-12,sh688525,44.0,44.19,42.21,42.28,10051496,424977250.88,佰维存储
2024-09-13,sh688525,42.28,42.68,41.11,41.42,8952466,370811141.72,佰维存储
2024-09-18,sh688525,41.41,41.64,40.5,41.13,6825664,280739560.32,佰维存储
2024-09-19,sh688525,41.41,42.55,40.91,41.75,8768057,366066379.75,佰维存储
2024-09-20,sh688525,42.5,42.5,40.8,40.8,8261299,337060999.2,佰维存储
2024-09-23,sh688525,40.8,41.49,40.22,40.4,6799386,274695194.4,佰维存储
2024-09-24,sh688525,40.8,44.01,40.13,43.76,17916609,784030809.8399999,佰维存储
2024-09-25,sh688525,44.1,45.96,44.02,44.2,19298450,852991490.0,佰维存储
2024-09-26,sh688525,45.24,47.2,44.74,47.2,25412093,1199450789.6000001,佰维存储
2024-09-27,sh688525,47.91,51.33,46.77,50.5,20641003,1042370651.5,佰维存储
2024-09-30,sh688525,52.87,60.6,52.3,60.6,37157635,2251752681.0,佰维存储
2024-10-08,sh688525,72.72,72.72,66.89,72.72,38739823,2817159928.56,佰维存储
2024-10-09,sh688525,68.0,84.09,67.02,72.41,53793716,3895202975.56,佰维存储
2024-10-10,sh688525,71.9,73.33,59.99,66.38,33998169,2256798458.22,佰维存储
2024-10-11,sh688525,64.36,66.71,60.0,61.01,27382179,1670586740.79,佰维存储
2024-10-14,sh688525,61.94,65.5,59.19,65.47,29154381,1908737324.07,佰维存储
2024-10-15,sh688525,65.0,68.57,63.24,63.4,27828535,1764329119.0,佰维存储
2024-10-16,sh688525,60.8,63.99,60.8,61.8,18171228,1122981890.3999999,佰维存储
2024-10-17,sh688525,63.23,64.53,61.87,62.0,20395504,1264521248.0,佰维存储
2024-10-18,sh688525,63.0,73.5,61.67,68.5,41976464,2875387784.0,佰维存储
2024-10-21,sh688525,69.3,74.8,67.09,67.66,45120152,3052829484.3199997,佰维存储
2024-10-22,sh688525,67.0,69.35,65.8,67.26,27250339,1832857801.14,佰维存储
2024-10-23,sh688525,67.0,67.89,65.03,65.58,21337021,1399281837.18,佰维存储
2024-10-24,sh688525,65.0,68.15,64.45,66.42,22029984,1463231537.28,佰维存储
2024-10-25,sh688525,67.8,68.28,65.06,67.3,23440894,1577572166.2,佰维存储
2024-10-28,sh688525,66.27,66.64,64.71,65.27,20302831,1325165779.37,佰维存储
2024-10-29,sh688525,65.25,66.5,63.5,63.5,21558105,1368939667.5,佰维存储
2024-10-30,sh688525,63.64,64.01,61.21,62.92,18142740,1141541200.8,佰维存储
2024-10-31,sh688525,61.5,63.68,59.77,62.53,26585629,1662399381.3700001,佰维存储
2024-11-01,sh688525,61.52,63.28,59.18,59.4,20734922,1231654366.8,佰维存储
2024-11-04,sh688525,60.0,61.59,59.6,60.91,12929777,787552717.0699999,佰维存储
2024-11-05,sh688525,60.94,64.99,60.4,64.69,25437247,1645535508.4299998,佰维存储
2024-11-06,sh688525,65.03,66.15,63.6,63.9,24600728,1571986519.2,佰维存储
2024-11-07,sh688525,62.62,66.05,62.6,65.75,20944037,1377070432.75,佰维存储
2024-11-08,sh688525,67.81,69.3,65.79,66.08,30549260,2018695100.8,佰维存储
2024-11-11,sh688525,67.5,71.0,66.7,71.0,37032738,2629324398.0,佰维存储
2024-11-12,sh688525,73.0,73.0,67.2,68.61,29202771,2003602118.31,佰维存储
2024-11-13,sh688525,67.8,68.49,66.29,68.02,18235214,1240359256.28,佰维存储
2024-11-14,sh688525,67.5,68.26,64.02,64.47,17479169,1126882025.43,佰维存储
2024-11-15,sh688525,64.03,65.05,60.88,60.98,16687695,1017615641.0999999,佰维存储
2024-11-18,sh688525,61.16,61.53,57.08,57.79,16042440,927092607.6,佰维存储
2024-11-19,sh688525,57.98,60.78,57.67,60.76,14152318,859894841.68,佰维存储
2024-11-20,sh688525,60.0,61.3,59.09,60.5,11191338,677075949.0,佰维存储
2024-11-21,sh688525,60.74,60.86,58.63,59.5,12469696,741946912.0,佰维存储
2024-11-22,sh688525,59.38,60.6,56.24,56.4,14036189,791641059.6,佰维存储
2024-11-25,sh688525,57.0,58.7,56.15,57.91,13325639,771687754.49,佰维存储
2024-11-26,sh688525,57.5,58.3,56.6,56.76,9010117,511414240.91999996,佰维存储
2024-11-27,sh688525,56.99,59.48,55.3,59.47,15406722,916237757.34,佰维存储
2024-11-28,sh688525,59.49,60.3,58.53,58.92,13067867,769958723.64,佰维存储
2024-11-29,sh688525,58.38,60.79,57.1,59.77,16951382,1013184102.1400001,佰维存储
2024-12-02,sh688525,59.5,60.33,59.21,59.73,13252884,791594761.3199999,佰维存储
2024-12-03,sh688525,60.15,60.78,57.97,58.53,12549235,734506724.5500001,佰维存储
2024-12-04,sh688525,60.46,61.08,58.61,58.76,16984691,998020443.16,佰维存储
2024-12-05,sh688525,58.06,59.66,58.0,58.8,9284981,545956882.8,佰维存储
2024-12-06,sh688525,58.81,60.39,57.66,60.3,14858218,895950545.4,佰维存储
2024-12-09,sh688525,60.07,60.07,57.88,58.29,11234289,654846705.81,佰维存储
2024-12-10,sh688525,61.01,61.9,58.62,58.83,14571804,857259229.3199999,佰维存储
2024-12-11,sh688525,58.51,60.69,58.33,60.3,13224039,797409551.6999999,佰维存储
2024-12-12,sh688525,60.39,60.46,59.01,60.21,10160044,611736249.24,佰维存储
2024-12-13,sh688525,59.22,65.3,58.91,62.31,32960177,2053748628.8700001,佰维存储
2024-12-16,sh688525,61.93,64.0,60.51,61.5,22306008,1371819492.0,佰维存储
2024-12-17,sh688525,60.6,61.26,59.1,59.34,12817265,760576505.1,佰维存储
2024-12-18,sh688525,59.74,63.36,57.72,62.2,23410855,1456155181.0,佰维存储
2024-12-19,sh688525,60.51,64.26,60.01,63.89,25439476,1625328121.64,佰维存储
2024-12-20,sh688525,63.9,71.6,63.36,67.64,42377121,2866388464.44,佰维存储
2024-12-23,sh688525,67.0,69.3,65.58,65.7,29203929,1918698135.3000002,佰维存储
2024-12-24,sh688525,66.36,70.18,63.18,69.72,35527125,2476951155.0,佰维存储
2024-12-25,sh688525,70.0,73.03,67.2,68.01,41319891,2810165786.9100003,佰维存储
2024-12-26,sh688525,67.0,70.88,66.5,70.28,34087362,2395659801.36,佰维存储
2024-12-27,sh688525,70.0,71.68,66.0,66.04,33140391,2188591421.6400003,佰维存储
2024-12-30,sh688525,65.6,67.5,64.72,64.88,19806380,1285037934.3999999,佰维存储
2024-12-31,sh688525,64.79,65.28,61.7,61.97,20405633,1264537077.01,佰维存储
2025-01-02,sh688525,61.9,62.53,58.82,59.52,18557846,1104562993.92,佰维存储
2025-01-03,sh688525,60.02,61.1,58.55,59.36,17237764,1023233671.04,佰维存储
2025-01-06,sh688525,59.62,60.26,56.67,56.97,14040203,799870364.91,佰维存储
2025-01-07,sh688525,57.21,58.85,56.01,58.6,17836643,1045227279.8000001,佰维存储
2025-01-08,sh688525,57.2,59.4,55.08,58.51,19731255,1154475730.05,佰维存储
2025-01-09,sh688525,57.44,59.97,57.41,58.99,17785000,1049137150.0,佰维存储
2025-01-10,sh688525,58.9,60.28,56.49,56.5,17363674,981047581.0,佰维存储
2025-01-13,sh688525,54.4,56.0,53.9,55.82,12663774,706891864.68,佰维存储
2025-01-14,sh688525,56.25,59.28,55.61,59.12,17617716,1041559369.92,佰维存储
2025-01-15,sh688525,58.79,59.98,58.45,58.85,13942446,820512947.1,佰维存储
2025-01-16,sh688525,59.5,60.18,57.27,58.23,14508220,844813650.5999999,佰维存储
2025-01-17,sh688525,58.07,59.81,56.93,58.73,15578476,914923895.4799999,佰维存储
2025-01-20,sh688525,59.14,59.97,58.7,59.2,11113681,657929915.2,佰维存储
2025-01-21,sh688525,59.58,62.53,58.7,61.91,23472511,1453183156.01,佰维存储
2025-01-22,sh688525,61.0,62.99,60.8,62.59,19292176,1207497295.8400002,佰维存储
2025-01-23,sh688525,63.8,64.39,60.86,60.92,19468792,1186038808.64,佰维存储
2025-01-24,sh688525,60.93,63.66,60.93,63.08,18904999,1192527336.92,佰维存储
2025-01-27,sh688525,63.08,63.5,59.5,59.5,14035865,835133967.5,佰维存储
2025-02-05,sh688525,60.79,65.27,59.8,62.99,21050593,1325976853.07,佰维存储
2025-02-06,sh688525,62.0,65.72,62.0,65.43,24012903,1571164243.2900002,佰维存储
2025-02-07,sh688525,65.43,66.5,63.15,64.47,28396492,1830721839.24,佰维存储
2025-02-10,sh688525,64.47,66.08,64.05,64.93,21431249,1391530997.5700002,佰维存储
2025-02-11,sh688525,64.61,64.69,62.71,62.73,17086482,1071835015.8599999,佰维存储
2025-02-12,sh688525,62.5,64.18,62.04,63.8,20346284,1298092919.2,佰维存储
2025-02-13,sh688525,63.35,63.57,61.31,61.61,18850783,1161396740.6299999,佰维存储
2025-02-14,sh688525,61.6,63.77,60.06,63.15,22245540,1404805851.0,佰维存储
2025-02-17,sh688525,63.8,65.2,62.83,64.38,23387105,1505661819.8999999,佰维存储
2025-02-18,sh688525,64.39,64.89,61.4,61.5,20162311,1239982126.5,佰维存储
2025-02-19,sh688525,62.0,65.0,61.99,64.85,29261681,1897620012.85,佰维存储
2025-02-20,sh688525,66.4,68.53,65.18,67.08,38438690,2578467325.2,佰维存储
2025-02-21,sh688525,66.8,68.76,66.46,68.28,35289839,2409590206.92,佰维存储
2025-02-24,sh688525,68.53,72.88,68.53,70.6,40539816,2862111009.6,佰维存储
2025-02-25,sh688525,68.68,72.58,68.0,68.83,33497942,2305663347.86,佰维存储
2025-02-26,sh688525,69.65,74.2,66.88,73.47,45335830,3330823430.1,佰维存储
2025-02-27,sh688525,74.5,77.77,71.83,77.36,49686286,3843731084.96,佰维存储
2025-02-28,sh688525,77.26,82.3,73.0,75.06,54370072,4081017604.32,佰维存储
2025-03-03,sh688525,76.0,76.99,70.3,70.88,41238489,2922984100.3199997,佰维存储
2025-03-04,sh688525,69.23,74.87,69.15,73.17,34200935,2502482413.9500003,佰维存储
2025-03-05,sh688525,74.0,74.9,71.4,73.47,23856071,1752705536.37,佰维存储
2025-03-06,sh688525,74.09,75.9,72.52,73.35,30386340,2228838039.0,佰维存储
2025-03-07,sh688525,72.03,79.28,70.93,76.99,46546338,3583602562.62,佰维存储
2025-03-10,sh688525,76.98,79.26,75.8,78.14,29169819,2279329656.66,佰维存储
2025-03-11,sh688525,76.68,78.58,75.38,77.22,19771746,1526774226.12,佰维存储
2025-03-12,sh688525,77.58,79.66,75.11,75.11,24053730,1806675660.3,佰维存储
2025-03-13,sh688525,74.5,75.7,71.55,72.39,21076776,1525747814.64,佰维存储
2025-03-14,sh688525,73.0,77.5,72.51,77.3,26039842,2012879786.6,佰维存储
2025-03-17,sh688525,77.5,80.33,76.5,79.58,25201000,2005495580.0,佰维存储
2025-03-18,sh688525,79.41,85.99,78.97,79.49,35862439,2850705276.1099997,佰维存储
2025-03-19,sh688525,80.29,80.68,77.68,78.3,20867887,1633955552.1,佰维存储
2025-03-20,sh688525,77.98,78.36,75.62,76.0,15806264,1201276064.0,佰维存储
2025-03-21,sh688525,75.2,77.0,72.76,72.8,20038130,1458775864.0,佰维存储
2025-03-24,sh688525,73.95,73.98,70.35,73.01,16099617,1175433037.17,佰维存储
2025-03-25,sh688525,73.0,73.5,68.9,69.5,18314618,1272865951.0,佰维存储
2025-03-26,sh688525,69.62,72.84,69.4,70.61,18137610,1280696642.1,佰维存储
2025-03-27,sh688525,71.29,73.37,70.61,71.7,15976688,1145528529.6000001,佰维存储
2025-03-28,sh688525,71.7,72.49,69.73,69.99,12385963,866893550.3699999,佰维存储
2025-03-31,sh688525,69.45,71.89,68.2,71.51,15063424,1077185450.24,佰维存储
2025-04-01,sh688525,71.55,72.13,69.82,69.83,12053916,841724954.28,佰维存储
2025-04-02,sh688525,69.83,70.67,69.3,69.69,8290014,577731075.66,佰维存储
2025-04-03,sh688525,68.03,70.5,66.93,67.29,12068089,812061708.8100001,佰维存储
2025-04-07,sh688525,62.0,63.96,54.7,57.0,25943063,1478754591.0,佰维存储
2025-04-08,sh688525,58.5,59.6,56.08,57.48,19164677,1101585633.96,佰维存储
2025-04-09,sh688525,55.76,59.79,52.0,58.96,20785311,1225501936.56,佰维存储
2025-04-10,sh688525,61.9,62.65,60.3,60.3,18563696,1119390868.8,佰维存储
2025-04-11,sh688525,59.9,64.59,59.6,63.31,23850432,1509970849.92,佰维存储
2025-04-14,sh688525,64.67,64.86,63.01,63.32,14084379,891822878.28,佰维存储
2025-04-15,sh688525,63.32,63.58,61.73,62.31,10204186,635822829.66,佰维存储
2025-04-16,sh688525,62.28,62.96,60.25,61.45,10565945,649277320.25,佰维存储
2025-04-17,sh688525,61.38,62.71,60.22,60.38,11972273,722885843.74,佰维存储
2025-04-18,sh688525,60.15,60.81,59.5,60.15,9035222,543468603.3,佰维存储
2025-04-21,sh688525,60.5,61.79,59.67,61.79,10806023,667704161.17,佰维存储
2025-04-22,sh688525,61.5,62.2,60.74,61.1,9535898,582643367.8000001,佰维存储
2025-04-23,sh688525,61.7,62.3,61.19,61.9,10777109,667103047.1,佰维存储
2025-04-24,sh688525,62.0,62.37,59.82,60.44,10635341,642800010.04,佰维存储
2025-04-25,sh688525,60.6,62.23,60.28,61.42,11568474,710535673.08,佰维存储
2025-04-28,sh688525,60.5,61.25,59.44,59.8,10125893,605528401.4,佰维存储
2025-04-29,sh688525,59.11,61.75,59.06,61.52,12214663,751446067.76,佰维存储
2025-04-30,sh688525,58.5,63.13,57.81,62.33,23528373,1466523489.09,佰维存储
2025-05-06,sh688525,62.67,64.44,62.2,64.2,14207181,912101020.2,佰维存储
2025-05-07,sh688525,65.0,65.61,63.45,63.8,11122069,709588002.1999999,佰维存储
2025-05-08,sh688525,64.95,65.5,64.07,64.72,10152360,657060739.2,佰维存储
2025-05-09,sh688525,64.48,64.49,61.99,62.0,11740453,727908086.0,佰维存储
2025-05-12,sh688525,62.6,63.94,62.53,63.9,8789277,561634800.3,佰维存储
2025-05-13,sh688525,64.99,65.11,63.2,63.25,8901887,563044352.75,佰维存储
2025-05-14,sh688525,63.85,64.4,62.9,63.71,8669919,552360539.49,佰维存储
2025-05-15,sh688525,63.7,63.7,61.36,61.48,7230461,444528742.28,佰维存储
2025-05-16,sh688525,61.0,61.84,61.0,61.29,5695978,349106491.62,佰维存储
2025-05-19,sh688525,61.46,61.78,60.02,61.4,5474707,336147009.8,佰维存储
2025-05-20,sh688525,61.41,62.37,60.9,61.54,5570019,342778969.26,佰维存储
2025-05-21,sh688525,61.27,61.27,60.0,60.09,6253664,375782669.76000005,佰维存储
2025-05-22,sh688525,60.06,61.38,59.67,59.74,5520309,329783259.66,佰维存储
2025-05-23,sh688525,59.74,60.15,58.12,58.12,6674143,387901191.15999997,佰维存储
2025-05-26,sh688525,57.42,58.0,55.72,57.99,9112612,528440369.88,佰维存储
2025-05-27,sh688525,57.99,58.08,56.49,56.5,5620909,317581358.5,佰维存储
2025-05-28,sh688525,56.75,57.25,56.32,57.04,4402019,251091163.76,佰维存储
2025-05-29,sh688525,57.09,57.91,56.98,57.05,7534431,429839288.54999995,佰维存储
2025-05-30,sh688525,57.03,57.55,56.01,56.08,5397726,302704474.08,佰维存储
2025-06-03,sh688525,56.08,58.45,56.0,57.92,8829362,511396647.04,佰维存储
2025-06-04,sh688525,58.02,59.64,58.02,59.15,8218341,486114870.15,佰维存储
2025-06-05,sh688525,59.34,61.77,58.8,61.67,11314208,697747207.36,佰维存储
2025-06-06,sh688525,61.56,62.98,60.58,61.96,9024524,559159507.04,佰维存储
2025-06-09,sh688525,62.07,63.0,61.4,62.2,8137207,506134275.40000004,佰维存储
2025-06-10,sh688525,62.01,62.49,59.6,60.0,8999971,539998260.0,佰维存储
2025-06-11,sh688525,60.2,61.61,60.0,60.26,6236461,375809139.86,佰维存储
2025-06-12,sh688525,61.0,61.46,59.57,59.58,7077267,421663567.86,佰维存储
2025-06-13,sh688525,58.85,60.18,57.59,58.29,12226088,712658669.52,佰维存储
2025-06-16,sh688525,58.0,59.77,57.75,59.09,7185875,424613353.75,佰维存储
2025-06-17,sh688525,59.11,63.58,59.11,61.82,17172498,1061603826.36,佰维存储
2025-06-18,sh688525,61.76,63.85,61.5,63.85,16432917,1049241750.45,佰维存储
2025-06-19,sh688525,63.85,64.3,62.75,63.3,11880780,752053374.0,佰维存储
2025-06-20,sh688525,63.33,63.8,62.02,62.49,8000997,499982302.53000003,佰维存储
2025-06-23,sh688525,61.79,64.65,61.63,64.34,14168747,911617181.98,佰维存储
2025-06-24,sh688525,64.9,65.35,63.8,65.3,10925766,713452519.8,佰维存储
2025-06-25,sh688525,65.98,66.99,64.69,66.66,14409883,960562800.78,佰维存储
2025-06-26,sh688525,66.5,67.29,65.51,65.8,11033192,725984033.6,佰维存储
2025-06-27,sh688525,67.0,68.7,65.9,67.5,15513415,1047155512.5,佰维存储
2025-06-30,sh688525,67.68,67.99,66.43,67.4,11798881,795244579.4000001,佰维存储
2025-07-01,sh688525,67.2,69.68,66.53,67.8,14986080,1016056224.0,佰维存储
2025-07-02,sh688525,67.08,67.5,65.88,66.14,7999358,529077538.12,佰维存储
2025-07-03,sh688525,65.95,67.08,65.25,66.3,8855266,587104135.8,佰维存储
2025-07-04,sh688525,66.11,66.59,64.7,64.97,9065780,589003726.6,佰维存储
2025-07-07,sh688525,64.95,65.3,64.02,64.52,4524526,291922417.52,佰维存储
2025-07-08,sh688525,65.16,65.85,64.55,65.54,7091449,464773567.46000004,佰维存储
2025-07-09,sh688525,65.55,65.8,64.85,65.0,4930518,320483670.0,佰维存储
2025-07-10,sh688525,64.44,66.2,64.42,65.71,5965642,392002335.81999993,佰维存储
2025-07-11,sh688525,65.33,67.1,65.0,66.77,8180022,546180068.9399999,佰维存储
2025-07-14,sh688525,66.87,67.22,66.08,66.36,4130265,274084385.4,佰维存储
2025-07-15,sh688525,66.43,66.73,64.03,64.87,7767935,503905943.45000005,佰维存储
2025-07-16,sh688525,64.8,65.86,64.2,64.31,6123559,393806079.29,佰维存储
2025-07-17,sh688525,64.1,64.85,63.3,64.77,9327400,604135698.0,佰维存储
2025-07-18,sh688525,64.75,65.23,62.6,63.09,11256337,710162301.33,佰维存储
2025-07-21,sh688525,63.2,64.3,62.88,63.92,6605009,422192175.28000003,佰维存储
2025-07-22,sh688525,63.61,64.3,63.1,63.22,5931608,374996257.76,佰维存储
2025-07-23,sh688525,63.06,64.27,63.06,63.25,5992654,379035365.5,佰维存储
2025-07-24,sh688525,63.5,64.8,63.3,64.5,7733934,498838743.0,佰维存储
2025-07-25,sh688525,64.51,65.24,63.58,64.78,8619816,558391680.48,佰维存储
2025-07-28,sh688525,64.8,65.13,64.21,64.45,6314003,406937493.35,佰维存储
2025-07-29,sh688525,64.63,66.27,64.23,65.73,12151297,798704751.8100001,佰维存储
2025-07-30,sh688525,65.98,66.98,64.21,65.22,11299040,736923388.8,佰维存储
2025-07-31,sh688525,64.75,66.56,63.1,63.57,11252613,715328608.41,佰维存储
2025-08-01,sh688525,63.3,64.4,62.6,63.5,7177814,455791189.0,佰维存储
2025-08-04,sh688525,63.0,63.96,62.87,63.65,5283500,336294775.0,佰维存储
2025-08-05,sh688525,63.5,63.82,62.69,62.97,6455473,406501134.81,佰维存储
2025-08-06,sh688525,62.81,64.28,62.8,64.26,7404449,475809892.74,佰维存储
2025-08-07,sh688525,64.28,66.37,63.81,65.12,12074099,786265326.8800001,佰维存储
2025-08-08,sh688525,64.78,64.88,62.86,62.93,8963236,564056441.48,佰维存储
2025-08-11,sh688525,63.25,66.66,63.0,65.88,17328620,1141609485.6,佰维存储
2025-08-12,sh688525,66.9,67.18,65.12,66.12,13119118,867436082.1600001,佰维存储
2025-08-13,sh688525,66.38,67.16,65.56,66.66,12353345,823473977.6999999,佰维存储
2025-08-14,sh688525,65.8,67.0,64.0,64.07,17950698,1150101220.86,佰维存储
2025-08-15,sh688525,64.0,67.46,63.8,66.21,15497635,1026098413.3499999,佰维存储
2025-08-18,sh688525,66.88,68.38,65.98,67.58,17363758,1173442765.6399999,佰维存储
2025-08-19,sh688525,67.58,68.13,66.7,67.21,10567877,710267013.17,佰维存储
2025-08-20,sh688525,66.7,67.93,65.2,67.91,15265246,1036662855.8599999,佰维存储
2025-08-21,sh688525,68.03,70.45,66.9,67.33,23724067,1597341431.11,佰维存储
2025-08-22,sh688525,67.22,71.21,66.77,70.7,25711204,1817782122.8000002,佰维存储
2025-08-25,sh688525,71.88,73.68,68.86,70.14,27855269,1953768567.66,佰维存储
2025-08-26,sh688525,70.13,72.25,69.64,69.92,19897583,1391239003.3600001,佰维存储
2025-08-27,sh688525,69.74,74.56,69.74,70.68,30978308,2189546809.44,佰维存储
2025-08-28,sh688525,71.0,72.72,69.41,72.65,25721447,1868663124.5500002,佰维存储
2025-08-29,sh688525,72.4,72.4,69.81,70.48,19971682,1407604147.3600001,佰维存储
2025-09-01,sh688525,72.58,75.78,71.28,73.22,26223392,1920076762.24,佰维存储
2025-09-02,sh688525,72.05,72.78,68.41,68.86,21568550,1485210353.0,佰维存储
2025-09-03,sh688525,69.37,70.33,66.85,67.53,12229606,825865293.1800001,佰维存储
2025-09-04,sh688525,67.81,68.06,62.28,63.48,16642429,1056461392.92,佰维存储
2025-09-05,sh688525,63.8,73.66,63.18,71.66,30453261,2182280683.2599998,佰维存储
2025-09-08,sh688525,71.9,72.18,69.67,71.9,19692560,1415895064.0,佰维存储
2025-09-09,sh688525,71.01,71.29,68.03,68.41,14627844,1000690808.04,佰维存储
2025-09-10,sh688525,68.05,70.27,68.05,68.42,10844134,741955648.28,佰维存储
2025-09-11,sh688525,68.41,75.69,67.92,74.96,30025978,2250747310.8799996,佰维存储
2025-09-12,sh688525,74.5,85.38,74.33,80.35,49770580,3999066102.9999995,佰维存储
2025-09-15,sh688525,83.0,83.98,78.0,79.45,31602525,2510820611.25,佰维存储
2025-09-16,sh688525,79.5,82.45,78.6,80.0,24159434,1932754720.0,佰维存储
2025-09-17,sh688525,79.7,80.88,78.0,79.5,20203448,1606174116.0,佰维存储
2025-09-18,sh688525,79.51,81.68,76.1,77.84,34798440,2708710569.6,佰维存储
2025-09-19,sh688525,78.2,83.58,78.2,79.97,36495145,2918516745.65,佰维存储
2025-09-22,sh688525,80.96,87.19,80.96,84.48,37212829,3143739793.92,佰维存储
2025-09-23,sh688525,84.48,89.96,82.58,87.5,42103456,3684052400.0,佰维存储
2025-09-24,sh688525,87.08,95.18,85.8,93.2,45301657,4222114432.4,佰维存储
2025-09-25,sh688525,89.6,92.13,88.01,90.5,28659512,2593685836.0,佰维存储
2025-09-26,sh688525,92.0,96.8,89.98,90.12,36189372,3261386204.6400003,佰维存储
2025-09-29,sh688525,95.0,96.88,92.06,95.39,37001945,3529615533.55,佰维存储
2025-09-30,sh688525,99.66,109.5,98.32,104.3,37660915,3928033434.5,佰维存储
2025-10-09,sh688525,110.4,113.58,105.03,106.74,37347012,3986420060.8799996,佰维存储
2025-10-10,sh688525,100.0,103.71,94.01,96.5,37404723,3609555769.5,佰维存储
2025-10-13,sh688525,93.0,103.0,92.5,102.83,42053638,4324375595.54,佰维存储
2025-10-14,sh688525,107.2,116.88,103.0,104.46,46197330,4825773091.799999,佰维存储
2025-10-15,sh688525,104.72,107.46,99.8,104.4,28598098,2985641431.2000003,佰维存储
2025-10-16,sh688525,107.08,119.29,107.08,113.55,40371727,4584209600.849999,佰维存储
2025-10-17,sh688525,111.98,113.5,104.0,104.4,30833523,3219019801.2000003,佰维存储
2025-10-20,sh688525,109.01,110.8,101.96,104.05,23102225,2403786511.25,佰维存储
2025-10-21,sh688525,105.53,115.38,104.18,109.23,30941229,3379710443.67,佰维存储
2025-10-22,sh688525,105.0,108.97,102.3,106.08,23794386,2524108466.88,佰维存储
2025-10-23,sh688525,106.1,107.59,101.05,107.59,21114717,2271732402.03,佰维存储
2025-10-24,sh688525,112.3,120.58,109.51,119.1,34430688,4100694940.7999997,佰维存储
2025-10-27,sh688525,124.61,130.5,118.95,127.81,36892437,4715222372.97,佰维存储
2025-10-28,sh688525,121.01,127.55,120.2,124.46,24526896,3052617476.16,佰维存储
2025-10-29,sh688525,128.45,140.0,127.98,130.3,28866293,3761277977.9,佰维存储
2025-10-30,sh688525,136.0,142.98,130.35,135.69,33226987,4508569866.03,佰维存储
2025-10-31,sh688525,135.74,136.5,122.77,131.0,31019229,4063518999.0,佰维存储
2025-11-03,sh688525,126.0,137.0,123.88,134.3,28167929,3782952864.7000003,佰维存储
2025-11-04,sh688525,134.65,135.0,121.7,121.92,27583721,3363007264.32,佰维存储
2025-11-05,sh688525,115.0,125.26,115.0,124.9,21277785,2657595346.5,佰维存储
2025-11-06,sh688525,129.0,130.68,125.01,128.0,22517562,2882247936.0,佰维存储
2025-11-07,sh688525,126.0,132.27,125.02,126.15,22444111,2831324602.65,佰维存储
2025-11-10,sh688525,130.99,133.27,118.89,127.68,27930739,3566196755.52,佰维存储
2025-11-11,sh688525,130.04,134.8,125.52,127.5,31311449,3992209747.5,佰维存储
2025-11-12,sh688525,122.0,131.0,117.68,126.07,29575781,3728618710.6699996,佰维存储
2025-11-13,sh688525,126.98,151.0,126.98,142.73,45890077,6549890690.209999,佰维存储
2025-11-14,sh688525,131.55,132.0,123.01,127.08,45607272,5795772125.76,佰维存储
2025-11-17,sh688525,127.51,142.99,127.51,132.72,38880192,5160179082.24,佰维存储
2025-11-18,sh688525,133.0,133.97,120.8,121.4,36539462,4435890686.8,佰维存储
2025-11-19,sh688525,118.98,122.08,115.0,117.69,28075884,3304250787.96,佰维存储
2025-11-20,sh688525,123.0,123.0,112.0,112.68,27473071,3095665640.28,佰维存储
2025-11-21,sh688525,104.6,105.99,100.01,103.66,34037624,3528340103.8399997,佰维存储
2025-11-24,sh688525,105.0,105.4,101.33,104.1,19357507,2015116478.6999998,佰维存储
2025-11-25,sh688525,109.0,109.43,104.28,104.99,24944877,2618962636.23,佰维存储
2025-11-26,sh688525,103.66,107.27,102.34,104.89,20199162,2118690102.18,佰维存储
2025-11-27,sh688525,104.6,107.88,102.2,102.78,21626587,2222780611.86,佰维存储
2025-11-28,sh688525,102.1,109.43,101.5,109.05,30560277,3332598206.85,佰维存储
2025-12-01,sh688525,110.0,115.17,106.96,112.2,36645728,4111650681.6,佰维存储
2025-12-02,sh688525,115.0,118.38,111.8,113.47,34514333,3916341365.5099998,佰维存储
2025-12-03,sh688525,110.0,113.4,107.38,112.21,26125898,2931587014.58,佰维存储
2025-12-04,sh688525,108.8,112.3,107.58,109.23,20002042,2184823047.66,佰维存储
2025-12-05,sh688525,110.49,111.46,107.5,108.01,18458642,1993717922.42,佰维存储
2025-12-08,sh688525,109.6,119.92,109.33,117.57,32823385,3859045374.45,佰维存储
2025-12-09,sh688525,116.03,118.63,114.05,115.28,20377619,2349131918.32,佰维存储
2025-12-10,sh688525,114.5,115.98,110.06,113.24,15979207,1809485400.6799998,佰维存储
2025-12-11,sh688525,116.0,117.95,111.8,115.42,22822624,2634187262.08,佰维存储
2025-12-12,sh688525,114.5,118.94,112.01,116.67,21722588,2534374341.96,佰维存储
2025-12-15,sh688525,112.0,112.74,108.67,109.55,17690569,1938001833.95,佰维存储
2025-12-16,sh688525,109.0,111.6,105.45,106.74,12766209,1362665148.6599998,佰维存储
2025-12-17,sh688525,106.74,111.85,105.88,111.07,13195006,1465569316.4199998,佰维存储
2025-12-18,sh688525,112.06,115.47,110.89,112.67,16167825,1821628842.75,佰维存储
2025-12-19,sh688525,115.0,115.0,107.56,109.4,18945359,2072622274.6000001,佰维存储
2025-12-22,sh688525,110.6,113.5,106.86,107.71,18256310,1966387150.1,佰维存储
2025-12-23,sh688525,107.48,108.8,104.57,107.73,17689311,1905669474.03,佰维存储
2025-12-24,sh688525,109.0,112.88,108.11,111.94,21003166,2351094402.04,佰维存储
2025-12-25,sh688525,111.13,116.0,109.45,110.54,20558404,2272525978.1600003,佰维存储
2025-12-26,sh688525,108.99,115.58,108.98,113.1,20689985,2340037303.5,佰维存储
2025-12-29,sh688525,112.0,120.88,111.66,113.38,21452414,2432274699.3199997,佰维存储
2025-12-30,sh688525,113.33,123.77,113.33,117.89,27334082,3222414926.98,佰维存储
2025-12-31,sh688525,118.88,119.78,113.58,114.79,17070352,1959505706.0800002,佰维存储
2026-01-05,sh688525,119.0,125.97,119.0,124.1,26757862,3320650674.2,佰维存储
2026-01-06,sh688525,124.0,129.0,121.33,125.9,24621261,3099816759.9,佰维存储
2026-01-07,sh688525,136.48,138.0,126.48,128.98,29132924,3757564537.5199995,佰维存储
2026-01-08,sh688525,127.66,129.5,125.5,126.5,17178446,2173073419.0,佰维存储
2026-01-09,sh688525,124.06,127.46,120.61,126.16,17154679,2164234302.64,佰维存储
2026-01-12,sh688525,128.68,131.46,123.41,129.76,24659583,3199827490.08,佰维存储
2026-01-13,sh688525,125.77,138.5,123.46,135.38,31869240,4314457711.2,佰维存储
2026-01-14,sh688525,148.0,155.0,140.22,145.9,45454689,6631839125.1,佰维存储
2026-01-15,sh688525,148.0,163.0,147.0,157.01,42732251,6709390729.509999,佰维存储
2026-01-16,sh688525,163.0,188.41,157.02,184.0,56913183,10472025672.0,佰维存储
2026-01-19,sh688525,180.0,180.88,173.83,175.28,38873062,6813670307.36,佰维存储
2026-01-20,sh688525,177.0,193.38,177.0,190.38,45241817,8613137120.46,佰维存储
2026-01-21,sh688525,193.39,199.38,185.69,190.36,39243883,7470465567.88,佰维存储
2026-01-22,sh688525,199.0,199.0,182.88,187.8,36687421,6889897663.8,佰维存储
2026-01-23,sh688525,187.8,194.6,181.01,186.46,33583920,6262057723.2,佰维存储
2026-01-26,sh688525,188.8,194.3,179.48,180.6,31109911,5618449926.599999,佰维存储
2026-01-27,sh688525,179.8,187.53,174.66,186.3,35718814,6654415048.200001,佰维存储
2026-01-28,sh688525,188.5,193.75,184.58,191.35,32949328,6304853912.8,佰维存储
2026-01-29,sh688525,194.0,206.08,186.19,187.7,41615786,7811283032.2,佰维存储
2026-01-30,sh688525,190.74,194.68,182.48,187.28,35519323,6652058811.44,佰维存储
2026-02-02,sh688525,179.62,180.9,167.9,167.9,38584712,6478373144.8,佰维存储
2026-02-03,sh688525,174.5,176.74,169.65,174.12,25629067,4462533146.04,佰维存储
2026-02-04,sh688525,170.0,171.0,162.0,168.5,23916474,4029925869.0,佰维存储
2026-02-05,sh688525,161.8,164.58,160.38,162.8,17103535,2784455498.0,佰维存储
2026-02-06,sh688525,159.51,164.47,158.31,160.1,15882355,2542765035.5,佰维存储
2026-02-09,sh688525,164.0,165.46,159.5,164.19,17900120,2939020702.8,佰维存储
2026-02-10,sh688525,163.2,164.97,160.58,161.01,14678638,2363407504.3799996,佰维存储
2026-02-11,sh688525,159.0,161.87,158.4,159.0,12509127,1988951193.0,佰维存储
2026-02-12,sh688525,163.28,171.0,161.51,170.97,30795204,5265056027.88,佰维存储
2026-02-13,sh688525,168.98,170.0,164.6,165.91,26087738,4328216611.58,佰维存储
2026-02-24,sh688525,169.18,177.99,167.21,174.0,27871949,4849719126.0,佰维存储
2026-02-25,sh688525,169.01,170.0,164.56,168.46,21404412,3605787245.52,佰维存储
2026-02-26,sh688525,168.7,169.9,164.2,167.02,23704952,3959201083.0400004,佰维存储
2026-02-27,sh688525,164.26,166.5,162.26,165.8,18439224,3057223339.2000003,佰维存储
2026-03-02,sh688525,160.1,165.57,160.0,160.5,19290563,3096135361.5,佰维存储
2026-03-03,sh688525,161.0,161.9,146.03,146.66,30892626,4530712529.16,佰维存储
2026-03-04,sh688525,175.99,175.99,168.89,175.99,37330464,6569788359.360001,佰维存储
2026-03-05,sh688525,194.99,205.99,191.5,191.5,91031326,17432498929.0,佰维存储
2026-03-06,sh688525,190.6,209.62,190.6,209.33,55101645,11534427347.85,佰维存储
2026-03-09,sh688525,204.0,217.72,203.18,216.65,49266737,10673638571.050001,佰维存储
2026-03-10,sh688525,220.0,220.32,209.49,213.75,39685368,8482747410.0,佰维存储
2026-03-11,sh688525,213.7,219.89,212.08,214.04,34330687,7348140245.48,佰维存储
2026-03-12,sh688525,214.32,216.49,200.3,202.85,37231605,7552431074.25,佰维存储
2026-03-13,sh688525,201.0,218.63,201.0,209.7,38011036,7970914249.2,佰维存储
2026-03-16,sh688525,212.0,238.42,211.4,237.7,52767977,12542948132.9,佰维存储
2026-03-17,sh688525,232.95,243.33,232.2,235.78,37629899,8872377586.22,佰维存储
2026-03-18,sh688525,244.51,259.99,241.0,258.09,47368380,12225305194.199999,佰维存储
2026-03-19,sh688525,250.3,253.8,241.0,243.18,44136572,10733131578.960001,佰维存储
2026-03-20,sh688525,247.86,248.0,233.1,238.88,38831649,9276104313.119999,佰维存储
2026-03-23,sh688525,228.0,237.8,223.91,225.0,35816516,8058716100.0,佰维存储
2026-03-24,sh688525,228.5,231.78,212.97,231.5,44598719,10324603448.5,佰维存储
2026-03-25,sh688525,235.0,261.6,233.0,253.35,52822181,13382499556.35,佰维存储
2026-03-26,sh688525,240.69,246.66,236.88,238.98,40345807,9641840956.859999,佰维存储
2026-03-27,sh688525,222.97,243.33,220.0,238.4,33765290,8049645136.0,佰维存储
2026-03-30,sh688525,231.21,240.58,228.88,231.99,30945901,7179139572.990001,佰维存储
2026-03-31,sh688525,220.02,220.08,209.2,211.99,42365631,8981090115.69,佰维存储
2026-04-01,sh688525,228.0,232.88,210.67,215.6,44143747,9517391853.199999,佰维存储
2026-04-02,sh688525,220.0,222.91,210.75,210.82,29636306,6247926030.92,佰维存储
2026-04-03,sh688525,213.6,217.55,210.2,210.29,21487927,4518696168.83,佰维存储
2026-04-07,sh688525,216.0,224.3,214.66,217.42,30058720,6535366902.4,佰维存储
2026-04-08,sh688525,229.0,231.0,220.05,229.68,37254052,8556510663.360001,佰维存储
2026-04-09,sh688525,224.0,231.18,220.42,227.52,32437807,7380249848.64,佰维存储
2026-04-10,sh688525,233.98,248.0,233.12,241.51,42541563,10274212880.13,佰维存储
2026-04-13,sh688525,240.0,257.95,239.0,255.85,39717892,10161822668.199999,佰维存储
2026-04-14,sh688525,265.99,294.22,262.01,288.1,52201819,15039344053.900002,佰维存储
2026-04-15,sh688525,290.19,292.18,278.16,285.41,39833385,11368846412.85,佰维存储
2026-04-16,sh688525,273.0,291.8,271.99,286.8,44400802,12734150013.6,佰维存储
2026-04-17,sh688525,273.08,278.0,268.74,270.67,49745553,13464628830.51,佰维存储
2026-04-20,sh688525,271.1,275.85,266.66,268.7,32054740,8613108638.0,佰维存储
2026-04-21,sh688525,269.0,277.77,263.31,275.96,33703522,9300823931.119999,佰维存储
2026-04-22,sh688525,274.65,281.0,272.88,281.0,28718029,8069766149.0,佰维存储
2026-04-23,sh688525,293.88,294.99,263.03,264.3,43954488,11617171178.4,佰维存储
2026-04-24,sh688525,262.0,268.5,259.9,266.5,29965604,7985833466.0,佰维存储
2026-04-27,sh688525,268.34,269.5,262.18,264.65,27524917,7284469284.049999,佰维存储
2026-04-28,sh688525,267.8,274.64,260.65,260.8,28182833,7350082846.400001,佰维存储
2026-04-29,sh688525,257.23,270.0,256.02,269.0,30215306,8127917314.0,佰维存储
2026-04-30,sh688525,270.0,270.01,263.5,265.08,25651813,6799782590.04,佰维存储
2026-05-06,sh688525,286.7,318.05,281.2,311.12,59632778,18552949891.36,佰维存储
2026-05-07,sh688525,305.0,311.03,295.25,299.85,49047567,14706912964.95,佰维存储
2026-05-08,sh688525,290.0,294.37,287.08,290.45,29769636,8646590776.199999,佰维存储
2026-05-11,sh688525,311.1,323.5,301.21,315.69,52969111,16721818651.59,佰维存储
2026-05-12,sh688525,313.0,317.68,305.0,308.97,35878397,11085348321.09,佰维存储
2026-05-13,sh688525,298.0,329.9,295.63,328.49,47829148,15711396826.52,佰维存储
2026-05-14,sh688525,328.49,343.18,323.35,323.35,44952972,14535543496.2,佰维存储
2024-01-02,sz001309,94.93,95.8,88.04,88.77,2784000,247135680.0,德明利
2024-01-03,sz001309,88.11,88.8,87.02,88.8,1038180,92190384.0,德明利
2024-01-04,sz001309,88.8,91.68,88.26,88.38,1421200,125605656.0,德明利
2024-01-05,sz001309,87.86,88.25,84.4,85.98,1471340,126505813.2,德明利
2024-01-08,sz001309,85.85,85.85,79.13,79.79,1518690,121176275.10000001,德明利
2024-01-09,sz001309,80.38,81.42,77.1,78.68,1625820,127919517.60000001,德明利
2024-01-10,sz001309,78.32,78.32,74.7,75.4,1884851,142117765.4,德明利
2024-01-11,sz001309,75.3,78.49,75.3,77.8,1804520,140391656.0,德明利
2024-01-12,sz001309,77.8,78.4,75.55,75.95,1380600,104856570.0,德明利
2024-01-15,sz001309,75.98,77.95,74.91,76.4,1129244,86274241.60000001,德明利
2024-01-16,sz001309,76.58,76.71,74.5,75.95,805804,61200813.800000004,德明利
2024-01-17,sz001309,76.0,77.77,75.2,75.2,1518900,114221280.0,德明利
2024-01-18,sz001309,75.2,75.82,72.2,74.05,1554215,115089620.75,德明利
2024-01-19,sz001309,74.57,75.18,73.09,73.4,893960,65616664.00000001,德明利
2024-01-22,sz001309,73.0,73.9,68.0,68.77,1906367,131100858.58999999,德明利
2024-01-23,sz001309,68.77,70.18,67.75,69.45,1206460,83788647.0,德明利
2024-01-24,sz001309,70.16,70.24,66.22,68.53,1260420,86376582.6,德明利
2024-01-25,sz001309,68.68,73.0,68.48,72.35,1577744,114149778.39999999,德明利
2024-01-26,sz001309,71.95,75.52,70.66,72.68,1783364,129614895.52000001,德明利
2024-01-29,sz001309,72.68,76.4,72.5,73.64,1945580,143272511.2,德明利
2024-01-30,sz001309,75.0,76.98,73.2,75.17,2572980,193410906.6,德明利
2024-01-31,sz001309,73.9,75.0,69.88,70.09,2189060,153431215.4,德明利
2024-02-01,sz001309,70.09,74.99,68.18,70.69,2780940,196584648.6,德明利
2024-02-02,sz001309,70.62,70.69,63.62,65.02,2773932,180361058.64,德明利
2024-02-05,sz001309,65.12,65.18,58.52,58.52,3141836,183860242.72,德明利
2024-02-06,sz001309,55.0,62.0,54.16,60.17,2920412,175721190.04,德明利
2024-02-07,sz001309,60.3,63.88,57.87,59.37,2697140,160129201.79999998,德明利
2024-02-08,sz001309,59.5,65.2,58.17,64.71,2990736,193530526.55999997,德明利
2024-02-19,sz001309,65.64,70.99,65.64,70.87,2587380,183367620.60000002,德明利
2024-02-20,sz001309,70.88,75.3,69.3,74.38,2473069,183946872.22,德明利
2024-02-21,sz001309,73.0,73.87,70.58,71.65,2618007,187580201.55,德明利
2024-02-22,sz001309,71.2,77.95,70.98,75.49,2541387,191849304.63,德明利
2024-02-23,sz001309,75.58,79.25,74.8,78.22,2114580,165402447.6,德明利
2024-02-26,sz001309,80.5,84.05,78.4,84.03,2769676,232735874.28,德明利
2024-02-27,sz001309,84.0,88.9,83.0,86.23,2873060,247743963.8,德明利
2024-02-28,sz001309,86.0,86.51,79.0,79.68,3049632,242994677.76000002,德明利
2024-02-29,sz001309,80.77,85.79,80.0,84.85,2682412,227602658.2,德明利
2024-03-01,sz001309,85.4,88.85,84.85,87.68,2888826,253292263.68,德明利
2024-03-04,sz001309,87.8,93.32,87.8,92.22,3545493,326965364.46,德明利
2024-03-05,sz001309,91.0,92.6,88.58,89.19,3925921,350152893.99,德明利
2024-03-06,sz001309,89.2,89.69,85.55,87.78,3333672,292629728.16,德明利
2024-03-07,sz001309,87.92,89.57,85.38,86.65,2436000,211079400.0,德明利
2024-03-08,sz001309,86.57,92.5,85.8,90.87,3376243,306799201.41,德明利
2024-03-11,sz001309,90.3,96.4,88.03,95.02,4496372,427245267.44,德明利
2024-03-12,sz001309,94.99,97.31,92.62,93.83,3125080,293226256.4,德明利
2024-03-13,sz001309,95.0,98.0,93.86,95.5,3134070,299303685.0,德明利
2024-03-14,sz001309,94.95,97.6,94.2,96.15,2107540,202639971.0,德明利
2024-03-15,sz001309,96.24,101.5,94.96,101.1,3769196,381065715.59999996,德明利
2024-03-18,sz001309,103.23,111.21,100.55,111.21,3552528,395076638.88,德明利
2024-03-19,sz001309,115.92,121.0,114.6,115.48,6291146,726501540.08,德明利
2024-03-20,sz001309,115.29,127.03,115.29,127.03,6681069,848696195.07,德明利
2024-03-21,sz001309,133.75,139.73,128.95,139.73,7097273,991701956.29,德明利
2024-03-22,sz001309,139.0,139.0,129.0,130.0,9056311,1177320430.0,德明利
2024-03-25,sz001309,131.3,134.0,127.13,127.66,5484501,700151397.66,德明利
2024-03-26,sz001309,130.89,138.5,128.28,130.71,5931160,775261923.6,德明利
2024-03-27,sz001309,130.0,131.66,122.66,124.07,6101397,757000325.79,德明利
2024-03-28,sz001309,124.07,132.61,123.64,129.32,5186809,670758139.88,德明利
2024-03-29,sz001309,131.13,136.91,128.5,135.51,4846591,656761546.41,德明利
2024-04-01,sz001309,134.0,140.5,133.0,136.19,4513606,614708001.14,德明利
2024-04-02,sz001309,139.04,144.5,135.7,138.5,5874301,813590688.5,德明利
2024-04-03,sz001309,133.6,137.49,128.24,134.0,6287940,842583960.0,德明利
2024-04-08,sz001309,133.34,133.7,125.79,131.6,4511765,593748274.0,德明利
2024-04-09,sz001309,131.59,136.03,128.1,134.7,4271100,575317170.0,德明利
2024-04-10,sz001309,137.28,137.28,121.23,121.23,8115865,983886313.95,德明利
2024-04-11,sz001309,119.9,125.47,118.34,118.77,6885823,817829197.7099999,德明利
2024-04-12,sz001309,120.16,124.42,118.17,121.97,4691614,572236159.58,德明利
2024-04-15,sz001309,119.0,121.88,114.59,115.98,5058120,586640757.6,德明利
2024-04-16,sz001309,114.6,116.62,109.0,109.55,4606496,504641636.8,德明利
2024-04-17,sz001309,113.01,120.51,113.01,120.51,4323400,521012934.0,德明利
2024-04-18,sz001309,117.97,123.7,117.0,120.5,6048845,728885822.5,德明利
2024-04-19,sz001309,118.51,120.48,114.63,116.0,3534400,409990400.0,德明利
2024-04-22,sz001309,112.0,121.58,110.33,119.6,3716432,444485267.2,德明利
2024-04-23,sz001309,121.6,123.19,118.4,120.83,3440326,415694590.58,德明利
2024-04-24,sz001309,121.17,123.32,119.55,121.5,4506136,547495524.0,德明利
2024-04-25,sz001309,120.0,125.5,119.5,122.1,4263269,520545144.9,德明利
2024-04-26,sz001309,94.3,103.2,94.3,100.6,8761057,881362334.1999999,德明利
2024-04-29,sz001309,101.3,102.5,98.99,101.56,7896475,801966001.0,德明利
2024-04-30,sz001309,100.06,106.52,99.6,103.64,8151250,844795550.0,德明利
2024-05-06,sz001309,104.08,106.51,100.0,102.1,6964075,711032057.5,德明利
2024-05-07,sz001309,102.09,103.1,97.55,98.2,7438039,730415429.8000001,德明利
2024-05-08,sz001309,96.98,99.58,96.05,97.72,4186706,409124910.32,德明利
2024-05-09,sz001309,96.51,99.0,96.11,96.81,4863844,470868737.64,德明利
2024-05-10,sz001309,96.8,96.8,91.19,91.45,6603176,603860445.2,德明利
2024-05-13,sz001309,89.89,91.88,87.48,88.08,4870111,428959376.88,德明利
2024-05-14,sz001309,88.76,90.88,87.84,88.04,4867286,428515859.44000006,德明利
2024-05-15,sz001309,87.99,90.83,86.0,88.82,4924090,437357673.79999995,德明利
2024-05-16,sz001309,90.44,90.88,87.7,88.05,4116426,362451309.3,德明利
2024-05-17,sz001309,87.11,89.5,86.33,88.87,4029516,358103086.92,德明利
2024-05-20,sz001309,88.0,91.39,87.0,91.17,4995627,455451313.59000003,德明利
2024-05-21,sz001309,91.0,92.19,89.8,90.2,3701957,333916521.40000004,德明利
2024-05-22,sz001309,89.47,89.98,87.0,88.25,4315424,380836168.0,德明利
2024-05-23,sz001309,88.0,88.25,84.92,86.03,4775930,410873257.9,德明利
2024-05-24,sz001309,86.74,86.74,82.11,82.36,6708089,552478210.04,德明利
2024-05-27,sz001309,82.6,84.68,80.51,84.54,5151917,435543063.18,德明利
2024-05-28,sz001309,84.0,85.88,82.92,83.36,4459437,371738668.32,德明利
2024-05-29,sz001309,82.16,83.32,81.56,82.4,3064130,252484312.00000003,德明利
2024-05-30,sz001309,82.01,85.27,80.81,83.4,5473820,456516588.00000006,德明利
2024-05-31,sz001309,82.45,84.21,82.11,83.4,3001969,250364214.60000002,德明利
2024-06-03,sz001309,84.85,89.11,84.3,85.88,9714558,834286241.04,德明利
2024-06-04,sz001309,84.84,85.85,82.6,83.34,6312367,526072665.78000003,德明利
2024-06-05,sz001309,83.2,84.9,81.52,81.52,4471558,364521408.15999997,德明利
2024-06-06,sz001309,82.99,83.49,80.1,80.5,4731687,380900803.5,德明利
2024-06-07,sz001309,80.5,82.23,79.11,80.55,3851784,310261201.2,德明利
2024-06-11,sz001309,80.47,84.44,80.08,84.25,7216461,607986839.25,德明利
2024-06-12,sz001309,83.5,86.12,82.3,84.88,8605942,730472356.9599999,德明利
2024-06-13,sz001309,86.99,87.39,83.59,83.72,8366158,700414747.76,德明利
2024-06-14,sz001309,82.0,91.17,81.51,88.3,12927469,1141495512.7,德明利
2024-06-17,sz001309,87.5,88.87,85.1,87.86,7763671,682116134.06,德明利
2024-06-18,sz001309,87.99,88.68,85.82,86.67,6788303,588342221.01,德明利
2024-06-19,sz001309,87.58,92.3,87.58,90.51,11186080,1012452100.8000001,德明利
2024-06-20,sz001309,89.18,91.56,88.15,88.36,7468214,659891389.04,德明利
2024-06-21,sz001309,86.12,88.77,83.6,88.38,5783254,511123988.52,德明利
2024-06-24,sz001309,87.8,89.45,84.21,84.3,5914554,498596902.2,德明利
2024-06-25,sz001309,84.5,84.98,80.9,81.52,4922363,401271031.76,德明利
2024-06-26,sz001309,82.01,88.61,81.22,86.63,5546863,480524741.69,德明利
2024-06-27,sz001309,85.26,88.4,85.23,85.31,5570210,475194615.1,德明利
2024-06-28,sz001309,84.29,87.91,84.26,86.4,5341705,461523312.00000006,德明利
2024-07-01,sz001309,85.88,93.29,85.2,91.72,9413333,863390902.76,德明利
2024-07-02,sz001309,91.88,93.15,90.5,91.99,7571495,696501825.05,德明利
2024-07-03,sz001309,91.6,95.0,90.15,94.0,7814757,734587158.0,德明利
2024-07-04,sz001309,93.5,94.77,91.35,91.62,5428939,497399391.18,德明利
2024-07-05,sz001309,91.0,91.99,87.98,91.01,5750874,523387042.74,德明利
2024-07-08,sz001309,92.1,94.68,91.11,93.0,6438916,598819188.0,德明利
2024-07-09,sz001309,92.6,99.5,91.8,99.48,9919586,986800415.2800001,德明利
2024-07-10,sz001309,97.0,100.94,96.0,99.98,10959267,1095707514.66,德明利
2024-07-11,sz001309,101.9,102.28,96.94,98.71,8878916,876437798.3599999,德明利
2024-07-12,sz001309,96.99,97.87,94.85,97.32,6372154,620138027.28,德明利
2024-07-15,sz001309,96.9,98.49,92.33,93.1,6680741,621976987.0999999,德明利
2024-07-16,sz001309,93.0,93.39,88.5,92.56,8686752,804045765.12,德明利
2024-07-17,sz001309,91.1,92.18,89.26,89.51,5489555,491370068.05,德明利
2024-07-18,sz001309,87.49,88.88,83.68,86.92,8431042,732826170.64,德明利
2024-07-19,sz001309,85.71,89.42,85.5,87.19,5928046,516866330.74,德明利
2024-07-22,sz001309,86.86,88.52,86.5,87.63,4246231,372097222.53,德明利
2024-07-23,sz001309,87.2,87.48,83.15,83.19,5385080,447984805.2,德明利
2024-07-24,sz001309,83.19,84.29,81.3,81.4,4323220,351910108.0,德明利
2024-07-25,sz001309,80.5,80.88,76.5,76.75,6906302,530058678.5,德明利
2024-07-26,sz001309,76.47,77.47,75.66,77.11,5379778,414834681.58,德明利
2024-07-29,sz001309,76.8,78.0,75.41,75.58,4235160,320093392.8,德明利
2024-07-30,sz001309,74.99,75.31,72.88,74.81,4523497,338402810.57,德明利
2024-07-31,sz001309,74.0,79.1,73.6,78.82,6196618,488417430.75999993,德明利
2024-08-01,sz001309,78.95,80.33,78.51,79.32,5373122,426196037.03999996,德明利
2024-08-02,sz001309,77.6,78.29,75.01,75.3,5010182,377266704.59999996,德明利
2024-08-05,sz001309,73.88,75.35,70.85,70.89,5473842,388040659.38,德明利
2024-08-06,sz001309,73.01,73.5,70.73,71.9,3457129,248567575.10000002,德明利
2024-08-07,sz001309,71.59,72.1,70.01,70.59,3104878,219173338.02,德明利
2024-08-08,sz001309,70.0,71.46,68.89,71.01,3597786,255478783.86,德明利
2024-08-09,sz001309,72.03,72.9,71.1,71.19,3498215,249037925.85,德明利
2024-08-12,sz001309,70.5,71.65,70.0,70.74,2303332,162937705.67999998,德明利
2024-08-13,sz001309,71.1,72.13,70.7,71.87,2882282,207149607.34,德明利
2024-08-14,sz001309,72.99,73.3,70.88,71.03,2910360,206722870.8,德明利
2024-08-15,sz001309,70.31,72.65,70.1,71.74,3440688,246834957.11999997,德明利
2024-08-16,sz001309,72.47,73.03,71.56,72.72,3573470,259862738.4,德明利
2024-08-19,sz001309,72.25,74.58,71.92,72.51,3905724,283204047.24,德明利
2024-08-20,sz001309,72.5,73.19,71.33,71.9,2861307,205727973.3,德明利
2024-08-21,sz001309,71.4,72.4,70.51,70.61,2658714,187731795.54,德明利
2024-08-22,sz001309,70.71,71.67,69.4,71.38,3067844,218982704.72,德明利
2024-08-23,sz001309,71.0,71.62,69.5,70.3,2815514,197930634.2,德明利
2024-08-26,sz001309,70.3,71.28,69.0,69.82,2942400,205438367.99999997,德明利
2024-08-27,sz001309,69.79,72.28,69.01,70.82,4478260,317150373.2,德明利
2024-08-28,sz001309,70.6,73.26,70.58,70.95,3769990,267480790.5,德明利
2024-08-29,sz001309,70.3,72.49,69.52,72.19,3776932,272656721.08,德明利
2024-08-30,sz001309,71.96,75.5,71.96,75.35,6418960,483668635.99999994,德明利
2024-09-02,sz001309,74.0,74.67,70.0,70.04,7226669,506155896.76000005,德明利
2024-09-03,sz001309,69.99,71.0,69.39,70.58,2838222,200321708.76,德明利
2024-09-04,sz001309,69.06,69.47,66.5,67.65,4589052,310449367.8,德明利
2024-09-05,sz001309,67.7,69.3,67.7,68.2,2658048,181278873.6,德明利
2024-09-06,sz001309,68.14,68.14,65.82,65.83,3222213,212118281.79,德明利
2024-09-09,sz001309,65.42,66.36,65.27,66.07,2263816,149570323.11999997,德明利
2024-09-10,sz001309,66.05,67.33,65.61,66.95,2315820,155044149.0,德明利
2024-09-11,sz001309,66.61,66.77,65.3,65.7,2255162,148164143.4,德明利
2024-09-12,sz001309,66.0,66.5,64.89,65.05,1761784,114604049.19999999,德明利
2024-09-13,sz001309,64.82,65.42,63.86,63.9,2302908,147155821.2,德明利
2024-09-18,sz001309,63.9,64.4,62.38,63.49,2068680,131340493.2,德明利
2024-09-19,sz001309,63.6,65.0,62.93,64.0,2511113,160711232.0,德明利
2024-09-20,sz001309,64.1,64.6,63.01,63.58,2126327,135191870.66,德明利
2024-09-23,sz001309,63.41,64.32,62.51,62.51,2114234,132160767.33999999,德明利
2024-09-24,sz001309,62.62,66.5,61.99,66.5,5407557,359602540.5,德明利
2024-09-25,sz001309,67.1,68.88,66.3,66.3,5586349,370374938.7,德明利
2024-09-26,sz001309,67.4,69.99,66.8,69.99,6046217,423174727.83,德明利
2024-09-27,sz001309,70.88,75.5,70.03,75.23,8169699,614606455.77,德明利
2024-09-30,sz001309,80.0,82.75,76.72,82.75,10493453,868333235.75,德明利
2024-10-08,sz001309,91.03,91.03,87.0,91.03,11437702,1041174013.0600001,德明利
2024-10-09,sz001309,91.03,99.75,87.0,93.02,15551614,1446611134.28,德明利
2024-10-10,sz001309,92.0,92.5,85.54,86.39,9905578,855742883.42,德明利
2024-10-11,sz001309,84.5,85.49,78.4,79.8,7017737,560015412.6,德明利
2024-10-14,sz001309,79.85,83.56,77.4,83.47,6803814,567914354.58,德明利
2024-10-15,sz001309,83.36,85.32,82.11,82.22,6002151,493496855.21999997,德明利
2024-10-16,sz001309,80.0,82.37,79.34,81.43,4259611,346860123.73,德明利
2024-10-17,sz001309,82.23,83.48,80.0,80.22,5113566,410210264.52,德明利
2024-10-18,sz001309,79.97,87.5,79.9,84.95,8951593,760437825.35,德明利
2024-10-21,sz001309,85.39,89.27,85.0,86.06,9380187,807258893.22,德明利
2024-10-22,sz001309,87.7,89.5,85.38,86.86,8651160,751439757.6,德明利
2024-10-23,sz001309,85.66,86.85,85.0,85.39,5822376,497172686.64,德明利
2024-10-24,sz001309,84.92,89.98,84.35,87.95,8820752,775785138.4,德明利
2024-10-25,sz001309,90.0,90.48,86.72,88.9,7305401,649450148.9000001,德明利
2024-10-28,sz001309,88.08,88.8,87.3,87.84,4784821,420298676.64000005,德明利
2024-10-29,sz001309,87.0,88.37,85.5,85.6,6672320,571150592.0,德明利
2024-10-30,sz001309,85.02,85.28,82.8,84.14,5769070,485409549.8,德明利
2024-10-31,sz001309,82.16,83.88,80.36,83.14,6967702,579294744.28,德明利
2024-11-01,sz001309,82.8,82.8,79.2,79.5,5435693,432137593.5,德明利
2024-11-04,sz001309,79.58,83.3,79.58,82.0,4719938,387034916.0,德明利
2024-11-05,sz001309,81.75,83.99,80.9,83.37,6665332,555688728.84,德明利
2024-11-06,sz001309,83.35,84.1,82.0,82.47,7188952,592872871.4399999,德明利
2024-11-07,sz001309,82.0,85.69,81.06,85.57,7391863,632521716.91,德明利
2024-11-08,sz001309,86.45,87.96,85.31,86.69,9255059,802321064.71,德明利
2024-11-11,sz001309,86.8,90.73,85.8,90.4,9930794,897743777.6,德明利
2024-11-12,sz001309,90.4,90.4,86.93,87.85,7505867,659390415.9499999,德明利
2024-11-13,sz001309,87.0,88.33,85.21,88.2,5214815,459946683.0,德明利
2024-11-14,sz001309,87.8,87.8,83.81,84.03,5349747,449539240.41,德明利
2024-11-15,sz001309,83.1,84.68,81.22,81.28,3924482,318981896.96,德明利
2024-11-18,sz001309,81.29,82.66,79.02,80.29,4077067,327347709.43,德明利
2024-11-19,sz001309,80.43,82.32,79.55,82.32,3494651,287679670.32,德明利
2024-11-20,sz001309,82.73,82.73,81.28,81.71,3122862,255169054.01999998,德明利
2024-11-21,sz001309,81.71,81.71,80.0,80.7,2747627,221733498.9,德明利
2024-11-22,sz001309,80.61,80.93,76.45,76.53,4362783,333883782.99,德明利
2024-11-25,sz001309,76.0,76.99,73.71,74.92,3261004,244314419.68,德明利
2024-11-26,sz001309,74.91,75.65,74.58,74.92,2062592,154529392.64000002,德明利
2024-11-27,sz001309,74.92,76.93,73.77,76.93,2913562,224140324.66000003,德明利
2024-11-28,sz001309,76.94,77.7,76.23,76.73,2965686,227557086.78,德明利
2024-11-29,sz001309,76.33,78.07,75.56,77.45,2874290,222613760.5,德明利
2024-12-02,sz001309,77.88,77.88,77.02,77.4,3528234,273085311.6,德明利
2024-12-03,sz001309,78.0,79.31,76.88,77.79,3366776,261901505.04000002,德明利
2024-12-04,sz001309,79.26,80.8,77.9,78.24,4380952,342765684.47999996,德明利
2024-12-05,sz001309,76.5,79.79,76.5,78.97,3468215,273884938.55,德明利
2024-12-06,sz001309,78.51,79.93,77.95,79.68,3020335,240660292.8,德明利
2024-12-09,sz001309,79.34,83.0,78.38,82.26,4038837,332234731.62,德明利
2024-12-10,sz001309,85.82,85.82,82.28,82.33,5830644,480036920.52,德明利
2024-12-11,sz001309,81.91,83.99,81.78,83.03,3104060,257730101.8,德明利
2024-12-12,sz001309,83.05,84.84,82.73,84.39,4371974,368950885.86,德明利
2024-12-13,sz001309,83.68,85.5,82.1,83.99,5055396,424602710.03999996,德明利
2024-12-16,sz001309,83.5,84.48,82.16,83.69,3688898,308723873.62,德明利
2024-12-17,sz001309,83.5,88.0,83.01,85.65,7152156,612582161.4000001,德明利
2024-12-18,sz001309,85.65,91.1,85.16,89.46,10661742,953799439.3199999,德明利
2024-12-19,sz001309,88.57,90.0,87.01,88.6,6533782,578893085.1999999,德明利
2024-12-20,sz001309,88.66,93.74,88.11,92.4,9030326,834402122.4000001,德明利
2024-12-23,sz001309,92.0,95.3,90.18,90.4,8142111,736046834.4000001,德明利
2024-12-24,sz001309,91.03,92.39,87.62,90.7,6659230,603992161.0,德明利
2024-12-25,sz001309,90.6,91.88,88.0,89.3,3991569,356447111.7,德明利
2024-12-26,sz001309,89.0,93.54,88.4,93.07,6555860,610153890.1999999,德明利
2024-12-27,sz001309,92.99,97.0,92.0,92.07,7836726,721527362.8199999,德明利
2024-12-30,sz001309,91.49,93.32,90.41,90.91,3496836,317897360.76,德明利
2024-12-31,sz001309,90.92,91.34,87.03,87.2,4267161,372096439.2,德明利
2025-01-02,sz001309,87.08,88.88,83.2,84.38,4527896,382063864.47999996,德明利
2025-01-03,sz001309,84.78,85.45,82.51,82.54,3369550,278122657.0,德明利
2025-01-06,sz001309,81.9,83.41,81.01,82.09,2680790,220066051.10000002,德明利
2025-01-07,sz001309,82.2,90.3,82.2,90.3,7054017,636977735.1,德明利
2025-01-08,sz001309,90.56,93.0,88.77,91.97,9666066,888988090.02,德明利
2025-01-09,sz001309,91.12,93.02,90.16,91.26,5747360,524504073.6,德明利
2025-01-10,sz001309,91.0,92.29,87.78,87.8,4903116,430493584.8,德明利
2025-01-13,sz001309,86.86,87.86,84.89,85.53,3861640,330286069.2,德明利
2025-01-14,sz001309,86.44,93.0,84.78,92.28,7567108,698292726.24,德明利
2025-01-15,sz001309,93.32,95.25,91.01,93.76,7277005,682291988.8000001,德明利
2025-01-16,sz001309,93.44,93.76,88.36,89.01,9791406,871533048.0600001,德明利
2025-01-17,sz001309,90.0,93.2,88.13,91.85,8786141,807007050.8499999,德明利
2025-01-20,sz001309,93.0,97.5,92.01,95.2,11505801,1095352255.2,德明利
2025-01-21,sz001309,95.6,98.88,95.5,97.96,10414778,1020231652.8799999,德明利
2025-01-22,sz001309,96.49,99.49,94.5,95.14,7116548,677068376.72,德明利
2025-01-23,sz001309,96.0,96.3,92.88,92.9,5609418,521114932.20000005,德明利
2025-01-24,sz001309,92.91,102.19,92.41,102.19,9195143,939651663.17,德明利
2025-01-27,sz001309,103.0,106.88,97.5,104.39,12931669,1349936926.91,德明利
2025-02-05,sz001309,106.0,111.99,99.5,103.79,11388361,1181997988.19,德明利
2025-02-06,sz001309,102.51,108.01,101.68,106.68,8631265,920783350.2,德明利
2025-02-07,sz001309,106.36,109.04,103.47,105.61,8805971,929998597.31,德明利
2025-02-10,sz001309,104.66,108.9,102.59,104.9,6784972,711743562.8000001,德明利
2025-02-11,sz001309,104.0,105.44,102.11,102.71,4999171,513464853.40999997,德明利
2025-02-12,sz001309,103.36,111.95,102.56,108.91,10397789,1132423199.99,德明利
2025-02-13,sz001309,108.6,110.0,103.67,103.8,7205354,747915745.1999999,德明利
2025-02-14,sz001309,102.5,111.0,100.34,110.33,10548053,1163766687.49,德明利
2025-02-17,sz001309,113.0,121.0,112.0,119.2,10928168,1302637625.6000001,德明利
2025-02-18,sz001309,117.0,122.9,115.45,117.2,7984288,935758553.6,德明利
2025-02-19,sz001309,118.5,125.13,118.2,122.95,6703937,824249054.15,德明利
2025-02-20,sz001309,121.25,125.0,119.1,121.61,5856884,712255663.24,德明利
2025-02-21,sz001309,128.27,133.77,128.27,133.77,6453976,863348369.5200001,德明利
2025-02-24,sz001309,141.88,147.15,140.45,147.15,12085553,1778389123.95,德明利
2025-02-25,sz001309,147.15,155.43,140.67,145.67,17045649,2483039689.83,德明利
2025-02-26,sz001309,146.0,150.83,140.18,149.45,12149946,1815809429.6999998,德明利
2025-02-27,sz001309,155.0,160.28,149.67,158.59,11962807,1897181562.13,德明利
2025-02-28,sz001309,157.0,163.58,149.98,157.5,12362738,1947131235.0,德明利
2025-03-03,sz001309,155.89,157.4,141.75,141.75,12241020,1735164585.0,德明利
2025-03-04,sz001309,138.0,146.98,134.0,144.96,11759921,1704718148.16,德明利
2025-03-05,sz001309,144.5,146.88,138.89,143.69,7717060,1108864351.4,德明利
2025-03-06,sz001309,144.99,147.9,143.0,144.38,7403947,1068981867.86,德明利
2025-03-07,sz001309,142.32,158.82,140.88,154.66,12885694,1992901434.04,德明利
2025-03-10,sz001309,152.62,157.6,149.0,153.5,7764227,1191808844.5,德明利
2025-03-11,sz001309,150.0,151.97,146.2,150.73,5363841,808491753.93,德明利
2025-03-12,sz001309,151.0,156.4,150.42,151.79,5479300,831702947.0,德明利
2025-03-13,sz001309,153.0,154.5,139.28,139.78,7426819,1038120759.82,德明利
2025-03-14,sz001309,140.0,146.67,139.99,145.84,6643898,968946084.32,德明利
2025-03-17,sz001309,145.31,152.44,144.1,151.09,6369740,962404016.6,德明利
2025-03-18,sz001309,151.05,155.07,149.38,149.69,4714550,705720989.5,德明利
2025-03-19,sz001309,149.0,149.99,142.77,143.02,5238805,749253891.1,德明利
2025-03-20,sz001309,142.44,143.58,139.9,140.48,4024480,565358950.4,德明利
2025-03-21,sz001309,139.5,140.44,132.7,134.35,6278568,843525610.8,德明利
2025-03-24,sz001309,134.0,135.6,128.63,132.09,5436058,718048901.22,德明利
2025-03-25,sz001309,133.5,133.9,125.0,125.5,5953016,747103508.0,德明利
2025-03-26,sz001309,123.12,127.57,123.12,125.48,3925852,492615908.96000004,德明利
2025-03-27,sz001309,126.14,133.27,125.51,127.74,5797732,740602285.68,德明利
2025-03-28,sz001309,128.83,130.5,126.34,127.77,4076222,520818884.94,德明利
2025-03-31,sz001309,127.75,132.5,125.1,130.16,4872835,634248203.6,德明利
2025-04-01,sz001309,130.48,131.02,125.38,126.66,4547020,575925553.1999999,德明利
2025-04-02,sz001309,126.65,133.88,125.95,129.39,5637135,729388897.65,德明利
2025-04-03,sz001309,128.0,130.48,125.11,126.66,4053180,513375778.8,德明利
2025-04-07,sz001309,114.19,118.0,113.99,113.99,2202090,251016239.1,德明利
2025-04-08,sz001309,109.04,112.6,102.59,103.63,9797479,1015312748.77,德明利
2025-04-09,sz001309,101.47,112.57,96.69,111.46,8533300,951121618.0,德明利
2025-04-10,sz001309,114.91,119.31,114.41,115.57,6681846,772220942.2199999,德明利
2025-04-11,sz001309,113.57,125.98,113.01,122.68,7985892,979709230.5600001,德明利
2025-04-14,sz001309,127.58,128.0,123.03,127.8,5508070,703931346.0,德明利
2025-04-15,sz001309,127.8,131.87,125.91,128.39,5339606,685552014.3399999,德明利
2025-04-16,sz001309,127.89,130.0,124.53,126.99,5006992,635837914.0799999,德明利
2025-04-17,sz001309,125.51,138.26,124.99,133.97,7076409,948026513.73,德明利
2025-04-18,sz001309,132.77,135.5,129.0,129.65,4877012,632304605.8000001,德明利
2025-04-21,sz001309,128.0,134.95,125.0,132.62,6099141,808868079.4200001,德明利
2025-04-22,sz001309,131.8,132.51,127.88,130.0,4091131,531847030.0,德明利
2025-04-23,sz001309,129.35,130.6,128.2,129.37,3800452,491664475.24,德明利
2025-04-24,sz001309,129.31,129.35,126.0,127.39,3799364,484000979.96,德明利
2025-04-25,sz001309,127.78,130.32,127.0,128.1,3549378,454675321.79999995,德明利
2025-04-28,sz001309,125.16,126.5,120.05,122.28,5924321,724425971.88,德明利
2025-04-29,sz001309,122.56,126.96,121.8,126.58,4397725,556664030.5,德明利
2025-04-30,sz001309,121.0,128.4,119.01,127.5,6909861,881007277.5,德明利
2025-05-06,sz001309,127.5,130.33,124.83,129.63,5006004,648928298.52,德明利
2025-05-07,sz001309,131.0,131.9,126.55,127.6,3085184,393669478.4,德明利
2025-05-08,sz001309,127.1,129.58,125.81,128.41,2960137,380111192.17,德明利
2025-05-09,sz001309,127.5,128.4,123.23,123.5,3160896,390370656.0,德明利
2025-05-12,sz001309,123.8,129.5,123.67,126.11,3282130,413909414.3,德明利
2025-05-13,sz001309,127.41,132.99,126.5,128.49,5588986,718128811.1400001,德明利
2025-05-14,sz001309,128.61,132.64,125.51,127.38,3931886,500843638.68,德明利
2025-05-15,sz001309,127.36,127.7,123.5,123.57,2664282,329225326.74,德明利
2025-05-16,sz001309,123.43,123.43,117.18,119.67,3496167,418386304.89,德明利
2025-05-19,sz001309,120.0,120.4,116.6,118.49,2414686,286116144.14,德明利
2025-05-20,sz001309,118.0,119.25,117.59,118.32,1433464,169607460.48,德明利
2025-05-21,sz001309,117.7,117.99,115.03,116.54,2080220,242428838.8,德明利
2025-05-22,sz001309,116.0,117.84,112.7,112.9,2960782,334272287.8,德明利
2025-05-23,sz001309,112.8,114.25,111.2,111.23,2460385,273668623.55,德明利
2025-05-26,sz001309,111.6,112.88,108.81,112.0,2531830,283564960.0,德明利
2025-05-27,sz001309,111.99,112.24,107.9,108.21,2647972,286537050.12,德明利
2025-05-28,sz001309,108.21,108.8,106.11,106.8,2540386,271313224.8,德明利
2025-05-29,sz001309,107.0,110.7,107.0,109.7,3319533,364152770.1,德明利
2025-05-30,sz001309,109.0,109.0,105.5,106.12,1969800,209035176.0,德明利
2025-06-03,sz001309,105.5,107.63,104.69,105.91,1685617,178523696.47,德明利
2025-06-04,sz001309,106.07,115.0,106.07,111.7,5192641,580017999.7,德明利
2025-06-05,sz001309,112.5,122.87,112.5,122.87,7676548,943217452.76,德明利
2025-06-06,sz001309,123.0,124.27,117.41,119.26,5868342,699858466.9200001,德明利
2025-06-09,sz001309,119.99,123.8,118.18,120.85,4503520,544250392.0,德明利
2025-06-10,sz001309,119.99,120.8,116.67,118.51,3270577,387596080.27000004,德明利
2025-06-11,sz001309,118.27,125.0,118.15,120.38,5299546,637959347.48,德明利
2025-06-12,sz001309,121.11,124.34,120.45,122.63,3879130,475697711.9,德明利
2025-06-13,sz001309,120.01,121.5,118.6,119.78,2182264,261391581.92000002,德明利
2025-06-16,sz001309,118.91,124.0,118.91,120.94,3230100,390648294.0,德明利
2025-06-17,sz001309,122.23,127.4,118.6,127.36,6585165,838686614.4,德明利
2025-06-18,sz001309,126.28,136.01,125.77,133.05,8822176,1173790516.8000002,德明利
2025-06-19,sz001309,132.94,134.14,129.51,130.51,4687315,611741480.65,德明利
2025-06-20,sz001309,130.51,132.0,124.01,124.25,4569771,567794046.75,德明利
2025-06-23,sz001309,122.0,126.59,121.52,123.6,4004948,495011572.79999995,德明利
2025-06-24,sz001309,124.58,125.88,121.31,124.04,4401068,545908474.72,德明利
2025-06-25,sz001309,124.35,127.3,122.31,127.3,5099018,649104991.4,德明利
2025-06-26,sz001309,127.8,127.97,123.28,123.88,4586126,568129288.88,德明利
2025-06-27,sz001309,123.89,125.72,122.3,123.5,3830462,473062057.0,德明利
2025-06-30,sz001309,123.2,124.5,117.31,118.34,7240606,856853314.0400001,德明利
2025-07-01,sz001309,118.01,120.5,116.68,118.69,4496565,533697299.84999996,德明利
2025-07-02,sz001309,118.99,124.36,118.0,122.0,6632058,809111076.0,德明利
2025-07-03,sz001309,122.0,122.5,117.58,118.3,6178966,730971677.8,德明利
2025-07-04,sz001309,118.31,123.0,114.36,121.38,7876200,956013156.0,德明利
2025-07-07,sz001309,120.0,125.93,119.21,121.76,6211190,756274494.4,德明利
2025-07-08,sz001309,121.79,122.65,119.6,121.35,4824624,585468122.4,德明利
2025-07-09,sz001309,121.3,124.56,120.0,121.8,4578875,557706975.0,德明利
2025-07-10,sz001309,86.8,86.8,82.51,83.1,7670070,637382817.0,德明利
2025-07-11,sz001309,82.52,82.52,80.53,81.1,7372698,597925807.8,德明利
2025-07-14,sz001309,80.7,84.59,80.02,83.3,6703813,558427622.9,德明利
2025-07-15,sz001309,83.29,83.56,81.2,82.96,4701229,390013957.84,德明利
2025-07-16,sz001309,83.44,86.3,83.23,83.56,6054856,505943767.36,德明利
2025-07-17,sz001309,83.4,85.0,82.03,83.67,5167008,432323559.36,德明利
2025-07-18,sz001309,83.03,84.49,82.02,82.22,4174076,343192528.71999997,德明利
2025-07-21,sz001309,82.23,82.6,81.61,81.7,3376279,275841994.3,德明利
2025-07-22,sz001309,81.6,81.6,78.79,79.13,7559769,598204520.9699999,德明利
2025-07-23,sz001309,79.12,85.5,79.11,83.9,13461450,1129415655.0,德明利
2025-07-24,sz001309,83.91,85.87,81.76,84.19,8596430,723733441.6999999,德明利
2025-07-25,sz001309,83.5,87.8,83.41,87.3,9995964,872647657.1999999,德明利
2025-07-28,sz001309,87.5,88.8,85.5,86.38,8319108,718604549.04,德明利
2025-07-29,sz001309,86.0,87.24,85.56,86.64,6157834,533514737.76,德明利
2025-07-30,sz001309,86.64,87.9,84.63,85.1,7397212,629502741.1999999,德明利
2025-07-31,sz001309,84.25,87.96,84.25,85.45,7863467,671933255.15,德明利
2025-08-01,sz001309,85.45,89.79,84.4,87.93,10066618,885157720.74,德明利
2025-08-04,sz001309,87.24,88.8,87.05,88.53,6260776,554266499.28,德明利
2025-08-05,sz001309,89.21,90.97,87.06,87.88,5931378,521249498.64,德明利
2025-08-06,sz001309,87.9,88.77,87.06,87.5,5026600,439827500.0,德明利
2025-08-07,sz001309,87.06,90.1,86.25,87.89,8509246,747877630.94,德明利
2025-08-08,sz001309,87.1,90.0,86.2,89.64,8871837,795271468.68,德明利
2025-08-11,sz001309,91.61,94.83,91.0,93.93,16073877,1509819266.6100001,德明利
2025-08-12,sz001309,94.16,98.98,94.16,95.78,14285060,1368223046.8,德明利
2025-08-13,sz001309,95.08,95.8,93.8,93.84,9240499,867128426.1600001,德明利
2025-08-14,sz001309,94.31,95.19,92.68,92.71,7379503,684153723.13,德明利
2025-08-15,sz001309,91.78,93.3,91.09,92.75,7635047,708150609.25,德明利
2025-08-18,sz001309,92.79,94.77,92.0,93.11,7838608,729852790.88,德明利
2025-08-19,sz001309,92.0,93.72,89.0,91.02,10002384,910416991.68,德明利
2025-08-20,sz001309,90.8,91.55,89.7,91.55,7606387,696364729.85,德明利
2025-08-21,sz001309,92.0,100.71,91.8,96.6,24275203,2344984609.7999997,德明利
2025-08-22,sz001309,96.11,100.46,94.8,98.92,16903882,1672132007.44,德明利
2025-08-25,sz001309,99.03,102.97,97.14,99.61,14472495,1441605226.95,德明利
2025-08-26,sz001309,99.61,101.7,98.02,98.27,10098132,992343431.64,德明利
2025-08-27,sz001309,98.27,100.22,96.52,96.88,10797758,1046086795.04,德明利
2025-08-28,sz001309,96.0,98.0,93.2,98.0,10897617,1067966466.0,德明利
2025-08-29,sz001309,97.02,97.2,93.88,94.32,9307039,877839918.4799999,德明利
2025-09-01,sz001309,102.02,103.75,96.69,101.97,25301734,2580017815.98,德明利
2025-09-02,sz001309,99.0,100.0,94.23,95.4,16305074,1555504059.6000001,德明利
2025-09-03,sz001309,95.0,95.34,91.88,92.09,8221324,757101727.1600001,德明利
2025-09-04,sz001309,91.29,92.5,85.25,86.88,9461398,822006258.24,德明利
2025-09-05,sz001309,87.72,95.57,86.55,95.57,14430945,1379165413.6499999,德明利
2025-09-08,sz001309,95.1,96.1,93.04,95.72,9951361,952544274.92,德明利
2025-09-09,sz001309,95.24,95.5,92.69,92.85,6368257,591292662.4499999,德明利
2025-09-10,sz001309,93.02,97.3,92.67,94.92,7799949,740371159.08,德明利
2025-09-11,sz001309,94.91,101.0,94.32,99.8,13923767,1389591946.6,德明利
2025-09-12,sz001309,104.7,109.78,104.7,109.78,16532530,1814941143.4,德明利
2025-09-15,sz001309,117.4,120.76,114.0,117.91,35643239,4202694310.49,德明利
2025-09-16,sz001309,120.0,129.0,120.0,125.5,24836424,3116971212.0,德明利
2025-09-17,sz001309,125.5,132.98,123.79,131.49,26817395,3526219268.55,德明利
2025-09-18,sz001309,136.0,138.0,126.0,128.19,25657038,3288975701.22,德明利
2025-09-19,sz001309,135.0,141.01,133.01,141.01,20495733,2890103310.33,德明利
2025-09-22,sz001309,150.0,155.11,148.0,155.11,9373637,1453944835.0700002,德明利
2025-09-23,sz001309,162.96,170.62,159.81,170.62,30417152,5189774474.24,德明利
2025-09-24,sz001309,168.61,185.0,166.9,182.0,28740243,5230724226.0,德明利
2025-09-25,sz001309,174.2,182.3,174.2,177.27,20887398,3702709043.46,德明利
2025-09-26,sz001309,177.27,183.0,172.3,172.3,16911855,2913912616.5,德明利
2025-09-29,sz001309,180.0,189.53,178.0,186.08,19511888,3630772119.0400004,德明利
2025-09-30,sz001309,200.0,204.69,198.0,204.69,6265266,1282437297.54,德明利
2025-10-09,sz001309,222.21,225.09,201.0,208.08,26310257,5474638276.56,德明利
2025-10-10,sz001309,200.07,203.81,187.4,198.0,23594570,4671724860.0,德明利
2025-10-13,sz001309,184.81,198.0,183.58,191.0,22656072,4327309752.0,德明利
2025-10-14,sz001309,202.08,203.0,172.72,174.98,26554724,4646545605.5199995,德明利
2025-10-15,sz001309,177.79,179.99,173.0,178.6,15958134,2850122732.4,德明利
2025-10-16,sz001309,183.96,196.46,183.0,196.46,19097782,3751950251.7200003,德明利
2025-10-17,sz001309,191.11,194.86,181.7,183.03,20575285,3765894413.55,德明利
2025-10-20,sz001309,186.0,189.98,175.0,181.04,15538920,2813166076.7999997,德明利
2025-10-21,sz001309,185.03,195.93,185.0,189.19,16337285,3090850949.15,德明利
2025-10-22,sz001309,187.81,191.0,181.21,189.43,11556700,2189185681.0,德明利
2025-10-23,sz001309,188.51,199.9,186.21,197.2,20210866,3985582775.2,德明利
2025-10-24,sz001309,209.0,216.92,201.43,216.92,23352057,5065528204.44,德明利
2025-10-27,sz001309,229.59,238.61,219.79,238.61,22206875,5298782443.75,德明利
2025-10-28,sz001309,224.5,233.89,222.21,231.11,18492394,4273777177.34,德明利
2025-10-29,sz001309,231.11,247.8,228.0,237.21,19205078,4555636552.38,德明利
2025-10-30,sz001309,247.2,248.21,225.99,226.09,22603276,5110374670.84,德明利
2025-10-31,sz001309,230.01,235.08,216.0,228.24,20096277,4586774262.4800005,德明利
2025-11-03,sz001309,220.0,241.25,216.9,238.0,18488367,4400231346.0,德明利
2025-11-04,sz001309,238.16,238.16,219.88,224.0,15908056,3563404544.0,德明利
2025-11-05,sz001309,207.15,224.67,205.0,224.67,12923498,2903522295.66,德明利
2025-11-06,sz001309,245.0,247.14,240.0,247.14,13774436,3404214113.04,德明利
2025-11-07,sz001309,253.34,271.85,253.34,267.01,22746415,6073520269.15,德明利
2025-11-10,sz001309,277.69,288.0,267.2,282.74,20198268,5710858294.320001,德明利
2025-11-11,sz001309,287.74,298.33,271.97,274.43,19653169,5393419168.67,德明利
2025-11-12,sz001309,272.0,301.28,270.27,291.07,20584542,5991542639.94,德明利
2025-11-13,sz001309,289.0,306.0,286.77,292.03,17804074,5199323730.219999,德明利
2025-11-14,sz001309,262.83,276.23,262.83,270.0,18619580,5027286600.0,德明利
2025-11-17,sz001309,273.88,282.2,262.5,264.08,15609970,4122280877.6,德明利
2025-11-18,sz001309,261.11,266.6,253.3,257.42,15983224,4114401522.0800004,德明利
2025-11-19,sz001309,253.98,272.0,252.74,263.71,15304875,4036048586.2499995,德明利
2025-11-20,sz001309,271.0,271.5,245.0,247.46,17371456,4298740501.76,德明利
2025-11-21,sz001309,222.71,229.99,222.71,222.71,12902806,2873583924.26,德明利
2025-11-24,sz001309,219.31,221.98,210.08,218.11,15480751,3376506600.61,德明利
2025-11-25,sz001309,230.05,232.0,220.13,221.06,14475726,3200003989.56,德明利
2025-11-26,sz001309,219.03,222.7,213.6,217.35,13511713,2936770820.5499997,德明利
2025-11-27,sz001309,217.35,221.99,214.0,214.18,11876880,2543790158.4,德明利
2025-11-28,sz001309,213.15,225.0,210.08,219.9,17144886,3770160431.4,德明利
2025-12-01,sz001309,220.62,222.73,210.11,214.12,16196714,3468040401.6800003,德明利
2025-12-02,sz001309,212.01,213.0,206.0,207.72,12644362,2626486874.64,德明利
2025-12-03,sz001309,207.5,208.35,203.21,205.0,7933134,1626292470.0,德明利
2025-12-04,sz001309,203.7,204.99,199.0,202.41,8606831,1742108662.71,德明利
2025-12-05,sz001309,206.41,207.99,201.66,202.2,9653047,1951846103.3999999,德明利
2025-12-08,sz001309,206.25,222.42,206.25,222.42,17144688,3813321504.9599996,德明利
2025-12-09,sz001309,223.0,233.5,218.55,222.7,22548101,5021462092.7,德明利
2025-12-10,sz001309,221.23,224.9,211.34,217.18,12768901,2773149919.1800003,德明利
2025-12-11,sz001309,221.88,224.19,216.3,217.09,12117834,2630660583.06,德明利
2025-12-12,sz001309,218.0,221.0,210.6,214.69,11526188,2474557301.72,德明利
2025-12-15,sz001309,207.33,207.99,200.3,204.1,11192440,2284377004.0,德明利
2025-12-16,sz001309,205.0,206.18,195.67,199.5,8869099,1769385250.5,德明利
2025-12-17,sz001309,199.58,204.48,198.0,204.38,8025375,1640226142.5,德明利
2025-12-18,sz001309,205.8,209.5,202.0,205.66,11450768,2354964946.88,德明利
2025-12-19,sz001309,209.0,209.89,191.0,191.25,16554066,3165965122.5,德明利
2025-12-22,sz001309,196.5,200.88,195.28,200.45,13265624,2659094330.7999997,德明利
2025-12-23,sz001309,199.8,208.78,199.8,202.51,10107490,2046867799.8999999,德明利
2025-12-24,sz001309,214.07,222.76,210.25,221.0,26285125,5809012625.0,德明利
2025-12-25,sz001309,218.0,232.02,216.0,217.27,20987536,4559961946.72,德明利
2025-12-26,sz001309,213.01,239.0,213.01,239.0,26312752,6288747728.0,德明利
2025-12-29,sz001309,239.2,253.8,239.0,240.76,23426452,5640152583.5199995,德明利
2025-12-30,sz001309,244.29,250.5,238.38,240.67,14862777,3577024540.5899997,德明利
2025-12-31,sz001309,238.38,240.6,228.0,231.89,12503520,2899441252.7999997,德明利
2026-01-05,sz001309,244.09,253.0,243.0,249.9,18199591,4548077790.900001,德明利
2026-01-06,sz001309,246.0,261.0,241.0,255.48,17085627,4365035985.96,德明利
2026-01-07,sz001309,279.98,280.78,244.5,250.0,23455305,5863826250.0,德明利
2026-01-08,sz001309,248.25,251.5,238.84,239.81,14362522,3444276400.82,德明利
2026-01-09,sz001309,236.66,237.35,230.0,235.05,10916515,2565926850.75,德明利
2026-01-12,sz001309,238.5,241.61,233.5,239.99,12273518,2945521584.82,德明利
2026-01-13,sz001309,237.6,242.38,229.5,233.0,10842159,2526223047.0,德明利
2026-01-14,sz001309,242.0,248.0,234.61,238.98,14311682,3420205764.3599997,德明利
2026-01-15,sz001309,235.0,259.77,232.0,254.02,15019417,3815232306.34,德明利
2026-01-16,sz001309,258.0,279.0,253.0,273.03,19333489,5278622501.669999,德明利
2026-01-19,sz001309,270.3,275.0,264.0,272.0,12513800,3403753600.0,德明利
2026-01-20,sz001309,265.86,285.0,265.85,279.94,13126994,3674770700.36,德明利
2026-01-21,sz001309,278.43,288.98,275.8,285.16,12568980,3584170336.8,德明利
2026-01-22,sz001309,300.0,308.0,284.49,287.29,22370497,6426820083.13,德明利
2026-01-23,sz001309,279.0,289.71,275.0,278.7,14962441,4170032306.7,德明利
2026-01-26,sz001309,278.71,284.0,268.24,274.8,10199348,2802780830.4,德明利
2026-01-27,sz001309,272.0,279.5,263.58,278.25,13017606,3622148869.5,德明利
2026-01-28,sz001309,280.88,282.95,272.0,278.22,11796825,3282112651.5000005,德明利
2026-01-29,sz001309,282.0,288.88,270.01,270.24,13455633,3636250261.92,德明利
2026-01-30,sz001309,269.38,280.0,268.0,271.8,11421571,3104382997.8,德明利
2026-02-02,sz001309,263.0,265.57,247.29,248.51,13688968,3401845437.68,德明利
2026-02-03,sz001309,255.03,257.62,248.0,252.59,9087919,2295517460.21,德明利
2026-02-04,sz001309,248.8,248.8,240.65,245.48,7721970,1895589195.6,德明利
2026-02-05,sz001309,238.0,242.72,235.1,237.53,7725956,1835146328.68,德明利
2026-02-06,sz001309,235.0,236.5,229.0,232.94,7171285,1670479127.9,德明利
2026-02-09,sz001309,238.01,241.5,234.32,240.98,6964700,1678353406.0,德明利
2026-02-10,sz001309,238.06,239.86,234.68,237.55,6137482,1457958849.1000001,德明利
2026-02-11,sz001309,234.89,240.68,234.65,235.97,7005197,1653016336.09,德明利
2026-02-12,sz001309,238.98,240.65,235.6,239.88,8846067,2121994551.96,德明利
2026-02-13,sz001309,235.86,254.26,235.01,249.29,12486756,3112823403.24,德明利
2026-02-24,sz001309,254.0,258.86,250.0,255.99,8143393,2084627174.0700002,德明利
2026-02-25,sz001309,252.0,252.33,245.21,250.73,7728473,1937760035.29,德明利
2026-02-26,sz001309,251.03,256.58,246.27,256.48,8082929,2073109629.92,德明利
2026-02-27,sz001309,252.45,256.5,248.2,255.95,8851098,2265438533.1,德明利
2026-03-02,sz001309,249.09,254.0,245.28,246.55,9682537,2387229497.35,德明利
2026-03-03,sz001309,245.0,246.53,227.0,228.7,10294520,2354356724.0,德明利
2026-03-04,sz001309,240.0,251.57,238.68,251.57,19565430,4922075225.099999,德明利
2026-03-05,sz001309,257.0,266.34,254.0,256.11,20027899,5129345212.89,德明利
2026-03-06,sz001309,256.07,277.6,256.07,271.12,17410250,4720266980.0,德明利
2026-03-09,sz001309,267.82,280.0,263.3,280.0,18476932,5173540960.0,德明利
2026-03-10,sz001309,288.0,299.59,281.0,294.81,17665161,5207866114.41,德明利
2026-03-11,sz001309,294.01,309.66,293.0,298.64,21787851,6506723822.639999,德明利
2026-03-12,sz001309,299.92,305.92,289.26,293.5,12698939,3727138596.5,德明利
2026-03-13,sz001309,296.22,322.85,295.02,320.05,22030173,7050756868.650001,德明利
2026-03-16,sz001309,318.0,352.06,309.51,352.06,26626461,9374111859.66,德明利
2026-03-17,sz001309,345.0,359.96,342.0,354.0,19409387,6870922998.0,德明利
2026-03-18,sz001309,359.0,374.0,355.0,374.0,19248257,7198848118.0,德明利
2026-03-19,sz001309,357.0,362.0,342.1,345.0,19516069,6733043805.0,德明利
2026-03-20,sz001309,349.5,351.0,330.33,331.52,15879966,5264526328.32,德明利
2026-03-23,sz001309,320.0,331.8,315.0,321.0,14468103,4644261063.0,德明利
2026-03-24,sz001309,317.79,351.8,306.1,349.63,22242779,7776742821.7699995,德明利
2026-03-25,sz001309,354.94,378.0,350.43,375.17,20221696,7586573688.320001,德明利
2026-03-26,sz001309,361.02,383.0,361.02,378.86,16453710,6233652570.6,德明利
2026-03-27,sz001309,360.09,382.9,357.0,381.89,13805396,5272142678.44,德明利
2026-03-30,sz001309,375.88,401.59,375.88,400.3,16300979,6525281893.7,德明利
2026-03-31,sz001309,380.3,393.17,363.74,380.1,21072084,8009499128.400001,德明利
2026-04-01,sz001309,417.67,417.67,364.46,371.98,30374015,11298526099.7,德明利
2026-04-02,sz001309,378.88,379.6,358.2,360.15,18972555,6832965683.25,德明利
2026-04-03,sz001309,364.8,366.66,352.02,352.02,11475601,4039641064.02,德明利
2026-04-07,sz001309,355.8,382.88,352.0,378.18,15431822,5836006443.96,德明利
2026-04-08,sz001309,390.04,395.5,375.01,393.3,19523686,7678665703.8,德明利
2026-04-09,sz001309,383.19,417.84,380.38,406.58,17821544,7245883359.5199995,德明利
2026-04-10,sz001309,428.0,447.24,423.0,447.24,23225744,10387481746.56,德明利
2026-04-13,sz001309,450.15,488.5,450.15,481.49,21610972,10405466908.28,德明利
2026-04-14,sz001309,485.19,510.9,481.0,500.63,20378092,10201884197.96,德明利
2026-04-15,sz001309,501.2,520.0,496.0,501.2,16700061,8370070573.2,德明利
2026-04-16,sz001309,490.0,529.98,486.0,516.8,16720226,8641012796.8,德明利
2026-04-17,sz001309,510.0,519.24,490.0,513.69,15479344,7951584219.360001,德明利
2026-04-20,sz001309,518.88,538.0,512.0,515.0,13714625,7063031875.0,德明利
2026-04-21,sz001309,515.0,521.6,498.9,514.6,11310284,5820272146.400001,德明利
2026-04-22,sz001309,514.71,530.0,509.96,525.0,14166192,7437250800.0,德明利
2026-04-23,sz001309,539.0,544.93,487.0,494.69,21249848,10512087307.12,德明利
2026-04-24,sz001309,491.0,500.82,482.6,489.88,13257561,6494613982.68,德明利
2026-04-27,sz001309,492.21,495.0,484.0,488.15,11437215,5583076502.25,德明利
2026-04-28,sz001309,496.93,510.0,486.22,496.39,13225231,6564872416.09,德明利
2026-04-29,sz001309,491.22,525.0,485.5,522.93,17581310,9193794438.3,德明利
2026-04-30,sz001309,517.71,535.0,509.01,524.81,19354427,10157396833.869999,德明利
2026-05-06,sz001309,570.0,577.29,560.38,577.29,7883004,4550779379.16,德明利
2026-05-07,sz001309,603.0,633.0,597.0,616.51,25291331,15592358474.81,德明利
2026-05-08,sz001309,599.23,609.98,592.9,597.71,15056256,8999274773.76,德明利
2026-05-11,sz001309,631.11,644.96,616.13,639.21,18051455,11538670550.550001,德明利
2026-05-12,sz001309,630.56,633.5,610.0,618.0,15016643,9280285374.0,德明利
2026-05-13,sz001309,595.24,679.8,595.24,679.8,16873936,11470901692.8,德明利
2026-05-14,sz001309,699.0,739.48,689.0,721.65,19078197,13767780865.05,德明利
2024-01-02,sz301308,91.72,91.72,84.88,85.32,5998601,511800637.31999993,江波龙
2024-01-03,sz301308,84.3,85.39,82.12,83.02,4754523,394720499.46,江波龙
2024-01-04,sz301308,83.09,85.26,81.87,82.3,3830702,315266774.59999996,江波龙
2024-01-05,sz301308,81.99,83.46,81.35,81.97,2608533,213821450.01,江波龙
2024-01-08,sz301308,81.97,82.56,79.12,79.15,2505234,198289271.10000002,江波龙
2024-01-09,sz301308,79.8,80.65,77.24,78.02,3224055,251540771.1,江波龙
2024-01-10,sz301308,78.02,78.69,75.94,77.5,2775347,215089392.5,江波龙
2024-01-11,sz301308,77.86,78.69,77.04,77.34,3823351,295697966.34000003,江波龙
2024-01-12,sz301308,76.55,77.3,75.36,75.5,2960953,223551951.5,江波龙
2024-01-15,sz301308,74.85,79.3,74.58,77.17,4353442,335955119.14,江波龙
2024-01-16,sz301308,76.89,77.86,75.71,76.55,2628759,201231501.45,江波龙
2024-01-17,sz301308,76.1,77.17,74.58,74.58,2208157,164684349.06,江波龙
2024-01-18,sz301308,73.8,75.5,72.71,75.01,3415351,256185478.51000002,江波龙
2024-01-19,sz301308,76.0,77.18,74.08,74.4,3905032,290534380.8,江波龙
2024-01-22,sz301308,75.35,75.53,70.0,71.46,3962696,283174256.15999997,江波龙
2024-01-23,sz301308,71.47,73.25,70.67,72.6,3200969,232390349.39999998,江波龙
2024-01-24,sz301308,72.92,73.3,70.18,72.3,2798116,202303786.79999998,江波龙
2024-01-25,sz301308,72.5,76.5,71.5,75.76,4404965,333720148.40000004,江波龙
2024-01-26,sz301308,74.8,75.55,72.46,72.75,3539245,257480073.75,江波龙
2024-01-29,sz301308,73.75,76.69,72.26,72.26,4363364,315296682.64000005,江波龙
2024-01-30,sz301308,72.88,75.45,71.62,72.89,4365830,318225348.7,江波龙
2024-01-31,sz301308,71.8,72.78,68.4,68.4,5257076,359583998.40000004,江波龙
2024-02-01,sz301308,68.41,77.77,68.41,73.29,7708547,564959409.63,江波龙
2024-02-02,sz301308,73.3,76.18,70.59,73.6,8040153,591755260.8,江波龙
2024-02-05,sz301308,72.96,73.88,65.52,69.0,7046952,486239688.0,江波龙
2024-02-06,sz301308,66.94,75.0,66.82,74.96,6877237,515517685.52,江波龙
2024-02-07,sz301308,74.0,77.0,73.51,76.2,6469379,492966679.8,江波龙
2024-02-08,sz301308,77.0,80.76,76.6,78.94,6758102,533484571.88,江波龙
2024-02-19,sz301308,80.8,83.58,77.77,82.61,7713634,637223304.74,江波龙
2024-02-20,sz301308,80.5,85.6,79.16,83.8,7352158,616110840.4,江波龙
2024-02-21,sz301308,80.68,83.4,79.81,80.72,6785368,547714904.96,江波龙
2024-02-22,sz301308,80.7,82.12,78.77,81.23,6111584,496443968.32000005,江波龙
2024-02-23,sz301308,81.48,81.9,79.78,80.47,4978372,400609594.84,江波龙
2024-02-26,sz301308,80.56,85.2,80.13,83.45,7115123,593757014.35,江波龙
2024-02-27,sz301308,82.89,86.0,82.11,85.7,6676494,572175535.8000001,江波龙
2024-02-28,sz301308,84.99,86.59,77.39,78.0,7207487,562183986.0,江波龙
2024-02-29,sz301308,78.51,84.12,78.51,83.12,6290658,522879492.96000004,江波龙
2024-03-01,sz301308,82.5,87.95,82.5,87.63,7886939,691132464.5699999,江波龙
2024-03-04,sz301308,89.94,90.7,86.04,87.5,7119451,622951962.5,江波龙
2024-03-05,sz301308,87.0,93.5,86.21,88.96,11832478,1052617242.8799999,江波龙
2024-03-06,sz301308,86.8,88.87,84.2,87.65,8027906,703645960.9000001,江波龙
2024-03-07,sz301308,87.97,89.49,83.39,83.53,7626439,637036449.67,江波龙
2024-03-08,sz301308,84.5,87.89,83.38,87.37,7518870,656923671.9,江波龙
2024-03-11,sz301308,85.49,89.0,85.1,88.1,6492249,571967136.9,江波龙
2024-03-12,sz301308,88.99,92.48,86.68,87.39,8008987,699905373.93,江波龙
2024-03-13,sz301308,88.99,89.99,87.57,88.0,7073759,622490792.0,江波龙
2024-03-14,sz301308,87.0,89.0,86.16,87.16,5118262,446107715.91999996,江波龙
2024-03-15,sz301308,87.72,90.1,86.5,90.1,7685410,692455441.0,江波龙
2024-03-18,sz301308,90.29,94.0,88.9,93.85,9269112,869906161.1999999,江波龙
2024-03-19,sz301308,93.81,98.6,93.72,94.3,10533432,993302637.6,江波龙
2024-03-20,sz301308,94.73,96.78,93.66,96.72,7731040,747746188.8,江波龙
2024-03-21,sz301308,102.8,103.8,98.59,99.88,12319330,1230454680.3999999,江波龙
2024-03-22,sz301308,99.4,101.69,96.69,96.69,9061473,876153824.37,江波龙
2024-03-25,sz301308,95.01,96.0,91.08,91.27,7105077,648480377.79,江波龙
2024-03-26,sz301308,92.55,99.28,92.55,94.5,10269276,970446582.0,江波龙
2024-03-27,sz301308,93.55,94.1,89.3,89.55,6252956,559952209.8,江波龙
2024-03-28,sz301308,89.9,92.98,88.25,91.96,6583493,605418016.28,江波龙
2024-03-29,sz301308,90.52,94.51,90.52,93.35,5434846,507342874.09999996,江波龙
2024-04-01,sz301308,93.0,96.8,92.57,95.67,5585406,534355792.02,江波龙
2024-04-02,sz301308,98.5,100.03,91.9,94.17,7900394,743980102.98,江波龙
2024-04-03,sz301308,93.07,105.0,93.07,100.15,13481937,1350215990.5500002,江波龙
2024-04-08,sz301308,99.02,99.5,93.71,94.01,9577331,900364887.3100001,江波龙
2024-04-09,sz301308,94.07,95.19,89.5,92.0,8207979,755134068.0,江波龙
2024-04-10,sz301308,92.5,93.36,84.53,86.3,10922961,942651534.3,江波龙
2024-04-11,sz301308,85.8,89.99,85.3,86.04,8081090,695296983.6,江波龙
2024-04-12,sz301308,86.55,89.38,85.79,87.11,6628101,577373878.11,江波龙
2024-04-15,sz301308,85.5,87.85,84.06,87.16,6503340,566831114.4,江波龙
2024-04-16,sz301308,85.79,89.13,83.68,84.29,6423906,541471036.74,江波龙
2024-04-17,sz301308,88.08,95.25,86.85,95.19,11502055,1094880615.45,江波龙
2024-04-18,sz301308,94.69,95.99,93.38,94.92,7754259,736034264.28,江波龙
2024-04-19,sz301308,94.25,99.19,93.55,98.97,11553876,1143487107.72,江波龙
2024-04-22,sz301308,90.0,98.45,88.0,95.9,10833263,1038909921.7,江波龙
2024-04-23,sz301308,96.72,98.0,92.88,94.8,7908148,749692430.4,江波龙
2024-04-24,sz301308,95.88,98.93,94.0,98.36,10171789,1000497166.04,江波龙
2024-04-25,sz301308,97.52,102.1,96.6,97.84,12213212,1194940662.08,江波龙
2024-04-26,sz301308,99.06,101.65,97.51,97.81,12946635,1266310369.3500001,江波龙
2024-04-29,sz301308,97.99,99.54,96.38,99.3,10119615,1004877769.5,江波龙
2024-04-30,sz301308,99.0,100.88,96.03,96.27,9546654,919056380.5799999,江波龙
2024-05-06,sz301308,98.1,98.38,94.96,96.4,7745045,746622338.0,江波龙
2024-05-07,sz301308,97.3,97.69,94.65,95.21,7064944,672653318.24,江波龙
2024-05-08,sz301308,94.51,96.16,93.56,93.56,5438939,508867132.84000003,江波龙
2024-05-09,sz301308,93.91,96.3,93.52,95.13,6567793,624794148.0899999,江波龙
2024-05-10,sz301308,94.51,94.97,91.0,91.2,6543377,596755982.4,江波龙
2024-05-13,sz301308,90.01,93.17,90.01,90.88,5684175,516577824.0,江波龙
2024-05-14,sz301308,90.86,91.62,89.26,89.56,5248053,470015626.68,江波龙
2024-05-15,sz301308,89.19,90.86,87.62,89.04,4423091,393832022.64000005,江波龙
2024-05-16,sz301308,90.5,90.85,88.5,89.0,4186787,372624043.0,江波龙
2024-05-17,sz301308,88.0,89.5,86.71,89.42,4284268,383099244.56,江波龙
2024-05-20,sz301308,89.11,91.33,87.88,91.32,5026658,459034408.55999994,江波龙
2024-05-21,sz301308,90.99,92.0,89.6,89.9,4159575,373945792.5,江波龙
2024-05-22,sz301308,89.5,90.4,88.76,89.92,3396416,305405726.72,江波龙
2024-05-23,sz301308,90.5,92.5,89.38,90.15,6050550,545457082.5,江波龙
2024-05-24,sz301308,89.51,89.83,83.69,83.69,8668594,725474631.86,江波龙
2024-05-27,sz301308,83.95,87.0,82.03,86.9,6444758,560049470.2,江波龙
2024-05-28,sz301308,86.0,88.97,85.58,85.6,6192303,530061136.79999995,江波龙
2024-05-29,sz301308,84.8,86.25,84.21,84.9,3676983,312175856.70000005,江波龙
2024-05-30,sz301308,84.24,87.78,83.62,86.49,5470592,473151502.08,江波龙
2024-05-31,sz301308,86.5,87.98,85.82,86.79,4336516,376366223.64000005,江波龙
2024-06-03,sz301308,87.68,92.62,87.68,91.05,11047483,1005873327.15,江波龙
2024-06-04,sz301308,90.55,91.6,89.23,91.24,7286979,664863963.9599999,江波龙
2024-06-05,sz301308,90.66,93.6,90.2,91.24,7020100,640513924.0,江波龙
2024-06-06,sz301308,92.18,93.19,90.52,90.99,6374777,580040959.23,江波龙
2024-06-07,sz301308,91.48,92.22,88.0,89.42,6309220,564170452.4,江波龙
2024-06-11,sz301308,89.43,94.38,89.42,94.1,9849946,926879918.5999999,江波龙
2024-06-12,sz301308,93.03,95.2,92.48,94.68,7719622,730893810.96,江波龙
2024-06-13,sz301308,95.01,97.0,93.8,94.0,8502661,799250134.0,江波龙
2024-06-14,sz301308,93.0,95.87,92.45,94.31,7325957,690911004.67,江波龙
2024-06-17,sz301308,93.79,95.71,93.45,95.03,6160902,585470517.0600001,江波龙
2024-06-18,sz301308,94.85,95.42,93.1,93.83,5835915,547583904.45,江波龙
2024-06-19,sz301308,95.28,98.48,93.66,96.61,10392909,1004058938.49,江波龙
2024-06-20,sz301308,95.38,98.42,94.38,94.45,7543851,712516726.95,江波龙
2024-06-21,sz301308,92.5,95.86,91.18,95.37,5626802,536628106.74,江波龙
2024-06-24,sz301308,93.11,96.2,90.8,91.0,7468018,679589638.0,江波龙
2024-06-25,sz301308,90.9,90.99,87.63,88.36,6749253,596363995.08,江波龙
2024-06-26,sz301308,88.92,92.77,87.53,92.5,6318058,584420365.0,江波龙
2024-06-27,sz301308,91.15,95.8,90.67,93.34,7514195,701374961.3000001,江波龙
2024-06-28,sz301308,92.8,96.45,92.76,94.74,7184259,680636697.66,江波龙
2024-07-01,sz301308,94.1,96.28,93.0,95.5,6739989,643668949.5,江波龙
2024-07-02,sz301308,95.51,95.58,93.11,93.82,4910915,460742045.29999995,江波龙
2024-07-03,sz301308,93.82,97.99,92.25,96.62,9036766,873132330.9200001,江波龙
2024-07-04,sz301308,95.8,97.49,93.6,94.32,6016892,567513253.4399999,江波龙
2024-07-05,sz301308,93.34,95.6,91.66,94.41,5443459,513916964.19,江波龙
2024-07-08,sz301308,94.71,96.98,94.42,95.35,6254788,596394035.8,江波龙
2024-07-09,sz301308,95.39,99.57,94.6,99.42,10103407,1004480723.94,江波龙
2024-07-10,sz301308,98.05,99.2,97.26,98.6,7244155,714273683.0,江波龙
2024-07-11,sz301308,99.5,100.86,96.4,98.29,9581241,941740177.8900001,江波龙
2024-07-12,sz301308,96.33,99.3,95.33,99.24,7171994,711748684.56,江波龙
2024-07-15,sz301308,98.72,99.8,95.75,95.88,6154318,590076009.8399999,江波龙
2024-07-16,sz301308,95.0,96.45,92.6,96.03,8340180,800907485.4,江波龙
2024-07-17,sz301308,95.4,95.79,91.6,91.71,6933476,635869083.9599999,江波龙
2024-07-18,sz301308,89.7,93.18,89.2,92.9,6272031,582671679.9,江波龙
2024-07-19,sz301308,91.93,94.93,91.57,93.29,5723790,533972369.1,江波龙
2024-07-22,sz301308,89.0,90.28,87.5,88.58,10195334,903102685.72,江波龙
2024-07-23,sz301308,88.72,88.78,83.5,83.56,8647163,722556940.28,江波龙
2024-07-24,sz301308,82.87,84.35,81.93,81.93,5227881,428320290.33000004,江波龙
2024-07-25,sz301308,81.53,81.75,79.51,79.98,4706964,376462980.72,江波龙
2024-07-26,sz301308,80.0,81.01,79.33,80.72,4025706,324954988.32,江波龙
2024-07-29,sz301308,80.24,81.3,79.78,79.91,3329429,266054671.39,江波龙
2024-07-30,sz301308,80.01,80.94,78.08,80.92,3875291,313588547.72,江波龙
2024-07-31,sz301308,80.71,84.19,80.31,83.98,6229612,523162815.76000005,江波龙
2024-08-01,sz301308,84.51,84.62,82.68,83.44,4949033,412947313.52,江波龙
2024-08-02,sz301308,82.15,82.77,79.84,79.95,4607345,368357232.75,江波龙
2024-08-05,sz301308,78.75,79.44,73.88,73.89,6400930,472964717.7,江波龙
2024-08-06,sz301308,75.6,75.91,73.5,74.48,3733414,278064674.72,江波龙
2024-08-07,sz301308,74.0,74.87,73.1,73.25,3054607,223749962.75,江波龙
2024-08-08,sz301308,72.31,74.38,71.86,73.41,3245764,238271535.23999998,江波龙
2024-08-09,sz301308,74.67,75.0,73.13,73.13,3255166,238050289.57999998,江波龙
2024-08-12,sz301308,72.75,73.6,72.21,72.83,2221714,161807430.62,江波龙
2024-08-13,sz301308,73.05,74.6,72.95,74.28,3063523,227558488.44,江波龙
2024-08-14,sz301308,74.3,74.96,73.77,73.86,2601529,192148931.94,江波龙
2024-08-15,sz301308,73.31,75.3,73.1,74.7,3610150,269678205.0,江波龙
2024-08-16,sz301308,74.96,75.48,74.01,74.01,3027705,224080447.05,江波龙
2024-08-19,sz301308,73.6,74.75,73.26,73.55,2548785,187463136.75,江波龙
2024-08-20,sz301308,73.88,73.88,72.06,72.34,2460014,177957412.76000002,江波龙
2024-08-21,sz301308,71.8,72.72,70.9,71.06,3234463,229840940.78,江波龙
2024-08-22,sz301308,71.31,71.61,69.66,70.78,3192584,225971095.52,江波龙
2024-08-23,sz301308,70.26,71.5,69.69,70.82,2859296,202495342.71999997,江波龙
2024-08-26,sz301308,70.79,71.47,69.3,70.08,2670799,187169593.92,江波龙
2024-08-27,sz301308,70.8,71.76,69.79,70.26,4668676,328021175.76000005,江波龙
2024-08-28,sz301308,69.79,71.16,69.56,70.02,2980100,208666602.0,江波龙
2024-08-29,sz301308,69.75,71.14,69.03,70.72,3797122,268532467.84,江波龙
2024-08-30,sz301308,70.78,74.04,70.58,73.4,6082486,446454472.40000004,江波龙
2024-09-02,sz301308,73.0,73.49,69.2,69.29,5433321,376474812.09000003,江波龙
2024-09-03,sz301308,69.08,70.5,69.07,69.88,3070950,214597986.0,江波龙
2024-09-04,sz301308,68.96,69.97,68.03,68.62,3612200,247869164.00000003,江波龙
2024-09-05,sz301308,68.71,69.58,68.32,68.84,2430200,167294968.0,江波龙
2024-09-06,sz301308,68.7,68.97,66.24,66.3,4116780,272942514.0,江波龙
2024-09-09,sz301308,65.8,66.86,65.65,66.23,2363671,156545930.33,江波龙
2024-09-10,sz301308,66.39,67.33,65.34,66.92,2815093,188386023.56,江波龙
2024-09-11,sz301308,66.51,66.9,66.18,66.64,1859397,123910216.08,江波龙
2024-09-12,sz301308,67.32,67.43,65.56,65.59,2467723,161857951.57000002,江波龙
2024-09-13,sz301308,65.89,66.18,64.5,64.5,2400165,154810642.5,江波龙
2024-09-18,sz301308,64.49,64.76,62.99,63.8,2355791,150299465.79999998,江波龙
2024-09-19,sz301308,64.3,65.47,63.82,64.76,3218808,208450006.08,江波龙
2024-09-20,sz301308,64.69,65.27,63.4,64.02,2734884,175087273.67999998,江波龙
2024-09-23,sz301308,63.5,64.8,63.38,63.44,2251595,142841186.79999998,江波龙
2024-09-24,sz301308,60.9,65.0,60.59,64.97,8006384,520174768.48,江波龙
2024-09-25,sz301308,65.26,67.19,64.5,64.6,7490795,483905356.99999994,江波龙
2024-09-26,sz301308,65.2,70.04,65.01,70.04,10978572,768939182.8800001,江波龙
2024-09-27,sz301308,72.0,76.24,70.2,75.29,12130000,913267700.0000001,江波龙
2024-09-30,sz301308,77.53,88.99,77.52,88.87,14604663,1297916400.8100002,江波龙
2024-10-08,sz301308,106.63,106.64,95.0,106.64,23028065,2455712851.6,江波龙
2024-10-09,sz301308,101.0,116.91,94.7,98.8,21426896,2116977324.8,江波龙
2024-10-10,sz301308,99.5,100.17,90.1,90.5,12276565,1111029132.5,江波龙
2024-10-11,sz301308,89.0,91.29,82.89,84.02,9641485,810077569.6999999,江波龙
2024-10-14,sz301308,84.22,88.79,83.2,88.25,9343906,824599704.5,江波龙
2024-10-15,sz301308,88.26,91.0,86.5,87.0,9910235,862190445.0,江波龙
2024-10-16,sz301308,83.88,87.0,83.51,84.6,6813270,576402642.0,江波龙
2024-10-17,sz301308,86.05,86.88,83.8,83.89,7012356,588266544.84,江波龙
2024-10-18,sz301308,84.7,97.37,83.96,92.86,15522926,1441458908.36,江波龙
2024-10-21,sz301308,94.0,98.25,91.9,93.11,17515875,1630903121.25,江波龙
2024-10-22,sz301308,92.62,95.47,90.75,92.66,10417056,965244408.9599999,江波龙
2024-10-23,sz301308,92.0,93.78,90.8,91.21,8010976,730681120.9599999,江波龙
2024-10-24,sz301308,90.5,94.94,90.06,93.12,9953804,926898228.48,江波龙
2024-10-25,sz301308,94.02,96.0,92.0,95.99,11906506,1142905510.94,江波龙
2024-10-28,sz301308,95.0,95.75,93.3,94.09,8573197,806652105.73,江波龙
2024-10-29,sz301308,91.96,93.0,89.06,89.06,11785937,1049655549.22,江波龙
2024-10-30,sz301308,88.88,90.04,86.5,87.73,8580684,752783407.32,江波龙
2024-10-31,sz301308,87.45,89.33,86.01,88.07,8446988,743926233.16,江波龙
2024-11-01,sz301308,87.0,87.78,83.48,83.48,8419301,702843247.48,江波龙
2024-11-04,sz301308,83.47,85.84,83.11,85.1,5714232,486281143.2,江波龙
2024-11-05,sz301308,85.1,88.5,84.3,88.06,9148437,805611362.22,江波龙
2024-11-06,sz301308,88.16,89.88,87.03,87.76,10307556,904591114.5600001,江波龙
2024-11-07,sz301308,87.75,89.98,87.05,89.71,8075058,724413453.18,江波龙
2024-11-08,sz301308,91.92,94.1,90.63,92.01,12316823,1133270884.23,江波龙
2024-11-11,sz301308,93.06,97.44,92.1,96.68,14095426,1362745785.68,江波龙
2024-11-12,sz301308,97.2,97.8,92.4,93.21,11547732,1076364099.72,江波龙
2024-11-13,sz301308,92.91,96.1,91.65,95.77,10043334,961850097.18,江波龙
2024-11-14,sz301308,95.3,99.63,94.65,95.0,13331340,1266477300.0,江波龙
2024-11-15,sz301308,93.4,95.34,89.6,89.74,9188010,824532017.4,江波龙
2024-11-18,sz301308,89.74,90.59,85.1,85.87,7100361,609707999.07,江波龙
2024-11-19,sz301308,86.5,88.96,85.12,88.96,6348374,564751351.04,江波龙
2024-11-20,sz301308,88.08,89.5,87.66,88.68,5795770,513968883.6,江波龙
2024-11-21,sz301308,88.5,89.47,86.26,87.52,5391113,471830209.76,江波龙
2024-11-22,sz301308,87.58,88.2,83.0,83.0,6821188,566158604.0,江波龙
2024-11-25,sz301308,83.33,84.21,81.01,83.75,5017400,420207250.0,江波龙
2024-11-26,sz301308,83.75,85.64,83.0,84.0,4732100,397496400.0,江波龙
2024-11-27,sz301308,83.7,86.3,82.2,86.26,5069165,437266172.90000004,江波龙
2024-11-28,sz301308,86.1,90.6,85.67,88.87,8439808,750045736.96,江波龙
2024-11-29,sz301308,89.0,90.35,86.31,88.26,9026177,796650382.0200001,江波龙
2024-12-02,sz301308,88.19,89.58,87.37,89.04,5998056,534066906.24,江波龙
2024-12-03,sz301308,88.87,89.91,87.57,88.62,5335271,472811716.02000004,江波龙
2024-12-04,sz301308,90.98,92.73,88.27,88.31,7883028,696150202.6800001,江波龙
2024-12-05,sz301308,86.54,88.65,86.54,87.72,4606300,404064636.0,江波龙
2024-12-06,sz301308,88.0,89.88,86.0,89.67,5999910,538011929.7,江波龙
2024-12-09,sz301308,89.0,89.85,87.15,88.84,4111479,365263794.36,江波龙
2024-12-10,sz301308,93.0,93.0,88.22,88.36,5957638,526416893.68,江波龙
2024-12-11,sz301308,87.78,90.3,87.01,88.99,5068306,451028550.94,江波龙
2024-12-12,sz301308,89.02,89.49,87.6,88.46,4882950,431945756.99999994,江波龙
2024-12-13,sz301308,87.31,93.0,87.15,91.45,15220700,1391933015.0,江波龙
2024-12-16,sz301308,90.5,92.3,87.55,88.06,8247469,726272120.14,江波龙
2024-12-17,sz301308,88.08,90.1,86.5,87.87,5667868,498035561.16,江波龙
2024-12-18,sz301308,88.45,92.9,85.9,92.0,11758962,1081824504.0,江波龙
2024-12-19,sz301308,90.01,94.0,89.5,93.32,12166315,1135360515.8,江波龙
2024-12-20,sz301308,92.4,98.0,92.03,95.26,14173433,1350161227.5800002,江波龙
2024-12-23,sz301308,95.26,98.88,93.51,93.95,10968195,1030461920.25,江波龙
2024-12-24,sz301308,94.16,96.54,90.1,96.5,10446701,1008106646.5,江波龙
2024-12-25,sz301308,95.46,97.3,92.68,92.78,7853848,728680017.44,江波龙
2024-12-26,sz301308,93.0,96.58,91.15,96.16,9226755,887244760.8,江波龙
2024-12-27,sz301308,96.0,97.2,93.19,93.4,8781971,820236091.4000001,江波龙
2024-12-30,sz301308,92.5,93.87,91.36,91.38,5493162,501965143.56,江波龙
2024-12-31,sz301308,91.3,91.79,86.0,86.0,7509084,645781224.0,江波龙
2025-01-02,sz301308,86.0,86.01,81.02,82.26,5628843,463028625.18,江波龙
2025-01-03,sz301308,82.26,83.37,79.97,79.98,4888819,391007743.62,江波龙
2025-01-06,sz301308,79.97,80.85,78.08,78.7,3300459,259746123.3,江波龙
2025-01-07,sz301308,79.0,81.17,78.8,80.82,3883424,313858327.67999995,江波龙
2025-01-08,sz301308,79.98,81.5,77.18,80.75,4694513,379081924.75,江波龙
2025-01-09,sz301308,80.0,85.81,79.42,82.88,7323806,606997041.28,江波龙
2025-01-10,sz301308,81.65,83.99,79.92,79.92,5518419,441032046.48,江波龙
2025-01-13,sz301308,78.3,79.91,77.4,79.3,3194613,253332810.89999998,江波龙
2025-01-14,sz301308,80.0,82.99,79.2,82.44,5567000,458943480.0,江波龙
2025-01-15,sz301308,82.01,82.75,80.79,80.91,4659170,376973444.7,江波龙
2025-01-16,sz301308,81.45,82.62,79.83,80.41,4116347,330995462.27,江波龙
2025-01-17,sz301308,80.32,82.36,79.8,81.21,5166800,419595827.99999994,江波龙
2025-01-20,sz301308,81.88,82.23,81.0,81.48,3663750,298522350.0,江波龙
2025-01-21,sz301308,81.9,83.52,81.52,83.2,5544520,461304064.0,江波龙
2025-01-22,sz301308,82.5,83.44,82.0,82.63,4349400,359390922.0,江波龙
2025-01-23,sz301308,83.51,84.88,82.06,82.06,5131345,421078170.7,江波龙
2025-01-24,sz301308,82.16,85.41,81.5,85.33,7474581,637805996.73,江波龙
2025-01-27,sz301308,84.5,85.5,82.95,83.11,4940548,410608944.28,江波龙
2025-02-05,sz301308,85.0,87.36,84.06,85.55,7153726,612001259.3,江波龙
2025-02-06,sz301308,85.0,88.0,84.61,87.8,7773053,682474053.4,江波龙
2025-02-07,sz301308,87.0,89.5,86.18,87.36,9630401,841311831.36,江波龙
2025-02-10,sz301308,87.66,88.96,87.01,88.39,6004851,530768779.89,江波龙
2025-02-11,sz301308,88.02,88.2,85.69,85.91,5873903,504627006.72999996,江波龙
2025-02-12,sz301308,85.6,87.74,85.23,87.72,6297780,552441261.6,江波龙
2025-02-13,sz301308,87.99,88.45,85.4,85.42,5569880,475779149.6,江波龙
2025-02-14,sz301308,85.2,90.88,84.28,89.88,10453180,939531818.4,江波龙
2025-02-17,sz301308,91.32,94.5,89.14,94.13,15410005,1450543770.6499999,江波龙
2025-02-18,sz301308,92.98,92.98,88.9,89.43,10593838,947406932.34,江波龙
2025-02-19,sz301308,90.0,96.59,89.94,95.67,16764799,1603888320.33,江波龙
2025-02-20,sz301308,95.66,96.05,93.05,95.63,10382801,992907259.63,江波龙
2025-02-21,sz301308,95.63,99.6,94.7,97.3,15475978,1505812659.3999999,江波龙
2025-02-24,sz301308,97.51,104.98,97.5,103.46,21614487,2236234825.02,江波龙
2025-02-25,sz301308,101.0,105.93,99.88,101.72,13095328,1332056764.16,江波龙
2025-02-26,sz301308,101.97,104.33,98.5,103.2,12323956,1271832259.2,江波龙
2025-02-27,sz301308,103.2,107.39,99.52,104.54,13827257,1445501446.78,江波龙
2025-02-28,sz301308,102.98,107.56,100.05,102.3,20004334,2046443368.2,江波龙
2025-03-03,sz301308,103.34,105.0,98.98,101.49,13077829,1327268865.21,江波龙
2025-03-04,sz301308,97.6,107.78,96.5,105.94,15860906,1680304381.6399999,江波龙
2025-03-05,sz301308,104.88,105.88,101.16,103.33,9280138,958916659.54,江波龙
2025-03-06,sz301308,104.0,110.3,103.51,103.63,11579334,1199966382.4199998,江波龙
2025-03-07,sz301308,102.0,111.39,101.0,107.78,16588424,1787900338.72,江波龙
2025-03-10,sz301308,107.85,110.76,105.6,109.9,10877535,1195441096.5,江波龙
2025-03-11,sz301308,107.5,109.6,105.35,107.33,7505555,805571218.15,江波龙
2025-03-12,sz301308,108.03,111.0,106.6,106.6,8169027,870818278.1999999,江波龙
2025-03-13,sz301308,106.0,107.8,101.3,102.22,8332678,851766345.16,江波龙
2025-03-14,sz301308,102.79,108.6,102.36,108.37,10331918,1119669953.66,江波龙
2025-03-17,sz301308,108.0,110.08,106.55,108.99,7682694,837336819.06,江波龙
2025-03-18,sz301308,108.95,113.94,107.0,107.09,9612809,1029435715.8100001,江波龙
2025-03-19,sz301308,106.12,108.8,104.84,105.87,5757393,609535196.91,江波龙
2025-03-20,sz301308,105.0,105.13,102.44,102.87,5546459,570564237.33,江波龙
2025-03-21,sz301308,102.0,102.0,97.88,99.72,9570200,954340344.0,江波龙
2025-03-24,sz301308,98.51,99.73,95.1,97.22,6238600,606516692.0,江波龙
2025-03-25,sz301308,97.1,97.93,93.8,94.5,4336165,409767592.5,江波龙
2025-03-26,sz301308,94.5,97.18,94.5,94.94,4102492,389490590.48,江波龙
2025-03-27,sz301308,94.98,97.92,94.33,94.9,5620900,533423410.00000006,江波龙
2025-03-28,sz301308,94.71,95.3,92.08,92.2,5548950,511613190.0,江波龙
2025-03-31,sz301308,91.95,93.7,90.8,92.56,3803267,352030393.52,江波龙
2025-04-01,sz301308,92.99,93.87,91.72,91.99,4253343,391265022.57,江波龙
2025-04-02,sz301308,92.06,93.77,91.5,92.83,3800169,352769688.27,江波龙
2025-04-03,sz301308,91.44,93.34,88.88,90.6,5053467,457844110.2,江波龙
2025-04-07,sz301308,85.0,85.94,72.48,72.48,10693548,775068359.0400001,江波龙
2025-04-08,sz301308,74.19,76.5,70.01,71.91,11672324,839356818.8399999,江波龙
2025-04-09,sz301308,68.88,74.5,67.26,73.74,9988600,736559364.0,江波龙
2025-04-10,sz301308,76.5,78.46,75.58,76.2,8910912,679011494.4,江波龙
2025-04-11,sz301308,74.92,81.8,74.58,79.64,11062700,881033428.0,江波龙
2025-04-14,sz301308,82.13,82.14,79.6,79.95,7372194,589406910.3000001,江波龙
2025-04-15,sz301308,79.73,80.14,78.5,79.15,3913140,309725031.0,江波龙
2025-04-16,sz301308,78.5,79.79,76.73,77.9,4061994,316429332.6,江波龙
2025-04-17,sz301308,77.0,79.45,77.0,77.42,3831588,296641542.96,江波龙
2025-04-18,sz301308,77.11,77.7,76.01,76.9,2934000,225624600.00000003,江波龙
2025-04-21,sz301308,77.32,79.22,76.3,79.09,4387402,346999624.18,江波龙
2025-04-22,sz301308,78.69,79.09,77.1,77.9,4460402,347465315.8,江波龙
2025-04-23,sz301308,78.69,80.15,77.93,79.21,5207000,412446469.99999994,江波龙
2025-04-24,sz301308,79.47,79.5,76.88,76.98,5405696,416130478.08000004,江波龙
2025-04-25,sz301308,76.98,78.6,76.85,77.45,5402069,418390244.05,江波龙
2025-04-28,sz301308,73.0,74.47,72.0,73.65,7522526,554034039.9000001,江波龙
2025-04-29,sz301308,73.2,75.47,72.72,75.4,4592000,346236800.0,江波龙
2025-04-30,sz301308,75.15,78.27,75.02,77.91,5916400,460946724.0,江波龙
2025-05-06,sz301308,77.14,80.85,77.03,80.08,6513563,521606125.03999996,江波龙
2025-05-07,sz301308,81.68,81.8,78.75,79.5,4807511,382197124.5,江波龙
2025-05-08,sz301308,79.6,80.2,78.9,79.81,2913350,232514463.5,江波龙
2025-05-09,sz301308,79.81,79.88,77.02,77.56,3847470,298409773.2,江波龙
2025-05-12,sz301308,78.6,80.49,78.02,79.25,3137998,248686341.5,江波龙
2025-05-13,sz301308,80.64,81.68,79.22,79.39,4967400,394361886.0,江波龙
2025-05-14,sz301308,80.38,80.8,78.72,79.91,3774500,301620295.0,江波龙
2025-05-15,sz301308,80.45,80.45,76.75,76.9,4016166,308843165.40000004,江波龙
2025-05-16,sz301308,76.51,77.39,76.22,76.52,2650236,202796058.72,江波龙
2025-05-19,sz301308,76.55,76.81,75.3,76.22,2352644,179318525.68,江波龙
2025-05-20,sz301308,76.23,76.8,75.68,76.24,2139501,163115556.23999998,江波龙
2025-05-21,sz301308,76.24,76.43,74.56,75.25,3069356,230969039.0,江波龙
2025-05-22,sz301308,75.01,76.28,74.3,74.42,2254700,167794774.0,江波龙
2025-05-23,sz301308,74.42,75.2,73.1,73.14,2551898,186645819.72,江波龙
2025-05-26,sz301308,72.99,73.78,72.56,73.06,2369698,173130135.88,江波龙
2025-05-27,sz301308,72.98,73.01,71.45,71.67,2355858,168844342.86,江波龙
2025-05-28,sz301308,71.5,72.63,71.44,71.9,2077193,149350176.70000002,江波龙
2025-05-29,sz301308,71.9,73.46,71.9,73.0,4158087,303540351.0,江波龙
2025-05-30,sz301308,72.69,72.89,70.7,71.18,3176702,226117648.36,江波龙
2025-06-03,sz301308,70.13,72.0,70.1,70.75,2565479,181507639.25,江波龙
2025-06-04,sz301308,70.75,72.08,70.65,71.0,4166682,295834422.0,江波龙
2025-06-05,sz301308,71.3,73.2,70.98,72.4,5977784,432791561.6,江波龙
2025-06-06,sz301308,72.45,75.26,71.73,73.47,8416596,618367308.12,江波龙
2025-06-09,sz301308,74.13,74.45,72.96,73.9,4843424,357929033.6,江波龙
2025-06-10,sz301308,73.8,73.85,71.01,72.1,5166700,372519070.0,江波龙
2025-06-11,sz301308,72.0,74.99,72.0,73.33,4956206,363438585.98,江波龙
2025-06-12,sz301308,73.25,74.5,72.75,73.32,4060298,297701049.35999995,江波龙
2025-06-13,sz301308,72.5,73.28,71.02,71.23,4639142,330446084.66,江波龙
2025-06-16,sz301308,71.0,72.88,70.76,71.61,3485334,249584767.74,江波龙
2025-06-17,sz301308,72.47,77.0,72.0,76.5,12804145,979517092.5,江波龙
2025-06-18,sz301308,76.2,81.4,76.0,80.34,15962188,1282402183.92,江波龙
2025-06-19,sz301308,80.4,80.49,78.01,79.45,11056055,878403569.75,江波龙
2025-06-20,sz301308,79.13,80.98,78.11,80.0,11524902,921992160.0,江波龙
2025-06-23,sz301308,79.4,83.0,79.26,81.31,10994167,893935718.77,江波龙
2025-06-24,sz301308,81.97,82.89,79.9,81.9,10159319,832048226.1,江波龙
2025-06-25,sz301308,83.0,83.54,81.5,82.69,9705405,802539939.4499999,江波龙
2025-06-26,sz301308,82.28,83.97,80.6,82.75,9887126,818159676.5,江波龙
2025-06-27,sz301308,83.22,87.5,81.93,84.95,14536442,1234870747.9,江波龙
2025-06-30,sz301308,85.3,89.01,84.3,87.49,11077864,969202321.3599999,江波龙
2025-07-01,sz301308,87.99,92.13,85.05,85.09,14073077,1197478121.93,江波龙
2025-07-02,sz301308,84.1,84.6,81.88,83.2,9226147,767615430.4,江波龙
2025-07-03,sz301308,83.1,85.85,82.81,85.8,7817647,670754112.6,江波龙
2025-07-04,sz301308,85.0,85.5,82.58,83.65,7397925,618836426.25,江波龙
2025-07-07,sz301308,83.62,84.2,81.58,82.5,5417765,446965612.5,江波龙
2025-07-08,sz301308,83.53,84.96,83.03,83.68,5926616,495939226.88000005,江波龙
2025-07-09,sz301308,83.88,83.89,81.61,81.98,5478435,449122101.3,江波龙
2025-07-10,sz301308,81.48,82.18,80.38,80.53,5329159,429157174.27,江波龙
2025-07-11,sz301308,80.56,82.07,79.8,81.59,5393616,440065129.44,江波龙
2025-07-14,sz301308,81.6,83.39,80.69,81.36,4152834,337874574.24,江波龙
2025-07-15,sz301308,81.0,82.57,80.0,81.85,5180700,424040295.0,江波龙
2025-07-16,sz301308,82.01,84.19,81.72,83.27,5891244,490563887.88,江波龙
2025-07-17,sz301308,83.13,83.53,82.5,83.22,4478125,372669562.5,江波龙
2025-07-18,sz301308,83.12,83.73,81.01,81.35,5135242,417751936.7,江波龙
2025-07-21,sz301308,81.87,81.96,80.68,81.38,3858047,313967864.85999995,江波龙
2025-07-22,sz301308,81.53,82.2,80.95,81.21,3495680,283884172.79999995,江波龙
2025-07-23,sz301308,81.3,82.93,81.07,81.68,4594749,375299098.32000005,江波龙
2025-07-24,sz301308,81.8,86.76,81.8,85.79,10460638,897418134.0200001,江波龙
2025-07-25,sz301308,85.65,87.8,85.29,87.2,7890707,688069650.4,江波龙
2025-07-28,sz301308,87.0,87.1,85.28,85.95,4977702,427833486.90000004,江波龙
2025-07-29,sz301308,85.77,92.5,85.32,91.03,12531027,1140699387.81,江波龙
2025-07-30,sz301308,90.0,93.35,89.5,90.69,10003844,907248612.36,江波龙
2025-07-31,sz301308,90.1,93.66,89.01,89.28,8542323,762658597.44,江波龙
2025-08-01,sz301308,88.51,89.8,87.38,87.86,6552615,575712753.9,江波龙
2025-08-04,sz301308,87.0,90.15,86.8,88.3,5518041,487243020.3,江波龙
2025-08-05,sz301308,88.5,89.66,87.8,89.0,4635704,412577656.0,江波龙
2025-08-06,sz301308,89.0,89.48,87.77,89.23,4442447,396399545.81,江波龙
2025-08-07,sz301308,88.7,90.59,87.8,88.51,6360953,563007950.0300001,江波龙
2025-08-08,sz301308,87.94,89.3,87.85,88.48,3663936,324185057.28000003,江波龙
2025-08-11,sz301308,89.25,91.79,89.14,90.08,6998584,630432446.72,江波龙
2025-08-12,sz301308,90.09,92.86,87.29,91.11,8963064,816624761.04,江波龙
2025-08-13,sz301308,91.12,91.36,88.7,89.49,8719451,780303669.99,江波龙
2025-08-14,sz301308,89.49,95.12,89.45,90.26,13102569,1182637877.94,江波龙
2025-08-15,sz301308,89.5,92.56,88.87,91.62,7386180,676721811.6,江波龙
2025-08-18,sz301308,90.79,92.7,89.6,91.5,11774936,1077406644.0,江波龙
2025-08-19,sz301308,91.51,92.58,90.09,90.57,8336771,755061349.4699999,江波龙
2025-08-20,sz301308,90.58,92.78,88.88,92.78,10151256,941833531.6800001,江波龙
2025-08-21,sz301308,91.63,96.65,91.27,93.01,13033272,1212224628.72,江波龙
2025-08-22,sz301308,92.06,96.6,92.05,96.6,13122806,1267663059.6,江波龙
2025-08-25,sz301308,100.0,105.5,95.68,96.73,18244805,1764819987.65,江波龙
2025-08-26,sz301308,97.7,101.7,97.0,98.71,12614442,1245171569.82,江波龙
2025-08-27,sz301308,99.0,102.0,97.3,97.79,14039980,1372969644.2,江波龙
2025-08-28,sz301308,96.88,99.18,94.7,98.64,13267324,1308688839.36,江波龙
2025-08-29,sz301308,98.0,98.0,94.0,95.46,10272975,980658193.4999999,江波龙
2025-09-01,sz301308,98.51,101.96,96.86,100.14,14624162,1464463582.68,江波龙
2025-09-02,sz301308,99.0,99.48,93.12,94.0,11019272,1035811568.0,江波龙
2025-09-03,sz301308,94.89,95.59,91.71,92.07,6237930,574326215.0999999,江波龙
2025-09-04,sz301308,91.65,92.59,85.38,86.88,9423155,818683706.4,江波龙
2025-09-05,sz301308,87.0,94.96,86.31,93.59,10479064,980735599.76,江波龙
2025-09-08,sz301308,93.0,96.99,92.8,96.95,9544016,925292351.2,江波龙
2025-09-09,sz301308,95.9,96.18,92.81,93.06,6050131,563025190.86,江波龙
2025-09-10,sz301308,93.06,96.0,92.01,92.07,5741600,528629111.99999994,江波龙
2025-09-11,sz301308,92.12,97.8,92.12,97.5,11011365,1073608087.5,江波龙
2025-09-12,sz301308,101.0,115.1,100.03,110.98,32197345,3573261348.1,江波龙
2025-09-15,sz301308,116.31,116.6,108.0,111.31,26055177,2900201751.87,江波龙
2025-09-16,sz301308,110.75,119.31,109.14,115.23,23831521,2746106164.83,江波龙
2025-09-17,sz301308,114.01,116.88,111.71,114.73,15657544,1796390023.1200001,江波龙
2025-09-18,sz301308,116.0,120.9,111.65,113.99,22565935,2572290930.65,江波龙
2025-09-19,sz301308,117.01,135.4,117.01,127.95,26965714,3450263106.3,江波龙
2025-09-22,sz301308,130.54,145.15,130.54,140.7,28194254,3966931537.7999997,江波龙
2025-09-23,sz301308,138.88,144.67,137.87,144.3,25350850,3658127655.0000005,江波龙
2025-09-24,sz301308,144.99,157.77,142.67,150.86,25320059,3819784100.7400002,江波龙
2025-09-25,sz301308,145.0,146.88,142.03,143.9,20798988,2992974373.2000003,江波龙
2025-09-26,sz301308,142.52,147.5,140.0,141.0,16485251,2324420391.0,江波龙
2025-09-29,sz301308,145.0,149.6,142.68,148.36,17374104,2577622069.44,江波龙
2025-09-30,sz301308,159.0,178.03,156.05,178.03,25907489,4612310266.67,江波龙
2025-10-09,sz301308,191.86,199.5,182.0,186.2,32442629,6040817519.799999,江波龙
2025-10-10,sz301308,178.0,184.35,171.73,180.01,22172858,3991336168.58,江波龙
2025-10-13,sz301308,167.0,183.99,167.0,182.91,24906365,4555623222.15,江波龙
2025-10-14,sz301308,188.0,193.5,166.46,168.0,25379642,4263779856.0,江波龙
2025-10-15,sz301308,168.42,171.58,163.58,169.5,18616247,3155453866.5,江波龙
2025-10-16,sz301308,169.95,192.42,168.35,181.63,27300037,4958505720.309999,江波龙
2025-10-17,sz301308,180.0,189.52,177.02,177.9,20932167,3723832509.3,江波龙
2025-10-20,sz301308,183.26,186.0,171.6,179.39,17982883,3225949381.37,江波龙
2025-10-21,sz301308,183.0,192.58,181.35,181.91,22394618,4073804960.38,江波龙
2025-10-22,sz301308,177.9,184.0,173.0,180.92,16612071,3005455885.3199997,江波龙
2025-10-23,sz301308,180.74,190.66,178.61,190.19,21302212,4051467700.2799997,江波龙
2025-10-24,sz301308,197.0,223.88,195.18,222.0,29160677,6473670294.0,江波龙
2025-10-27,sz301308,228.52,266.0,218.89,266.0,29909436,7955909976.0,江波龙
2025-10-28,sz301308,249.98,265.99,243.87,257.29,28584418,7354484907.22,江波龙
2025-10-29,sz301308,262.43,285.0,260.13,272.82,24692656,6736650409.92,江波龙
2025-10-30,sz301308,294.0,308.0,281.18,283.0,32662395,9243457785.0,江波龙
2025-10-31,sz301308,275.79,279.33,251.39,261.31,24573679,6421348059.49,江波龙
2025-11-03,sz301308,256.02,281.88,248.25,278.99,21986838,6134107933.62,江波龙
2025-11-04,sz301308,275.0,288.69,262.4,263.77,19888043,5245869102.11,江波龙
2025-11-05,sz301308,250.0,264.35,240.0,259.0,17415250,4510549750.0,江波龙
2025-11-06,sz301308,271.2,280.0,265.59,268.8,18850843,5067106598.400001,江波龙
2025-11-07,sz301308,265.2,290.0,265.0,278.18,24681251,6865830403.18,江波龙
2025-11-10,sz301308,292.0,292.0,262.08,284.07,21601302,6136281859.139999,江波龙
2025-11-11,sz301308,288.99,325.0,278.02,301.72,27714854,8362125748.880001,江波龙
2025-11-12,sz301308,289.0,316.58,280.0,310.0,25102586,7781801660.0,江波龙
2025-11-13,sz301308,311.39,331.5,310.01,326.21,21148648,6898900464.08,江波龙
2025-11-14,sz301308,297.4,308.88,287.0,291.07,21372811,6220984097.7699995,江波龙
2025-11-17,sz301308,300.98,305.0,277.77,287.73,18336785,5276043148.05,江波龙
2025-11-18,sz301308,280.0,283.57,270.33,271.03,17682713,4792545704.389999,江波龙
2025-11-19,sz301308,262.01,275.34,262.01,265.56,16207198,4303983500.88,江波龙
2025-11-20,sz301308,274.5,274.96,256.86,260.72,17406937,4538336614.64,江波龙
2025-11-21,sz301308,234.6,243.1,229.19,239.65,24492779,5869694487.35,江波龙
2025-11-24,sz301308,238.0,241.49,228.83,239.99,17429576,4182923944.2400002,江波龙
2025-11-25,sz301308,250.0,252.8,240.0,241.49,19488783,4706346206.67,江波龙
2025-11-26,sz301308,236.02,250.0,235.14,246.1,16994594,4182369583.4,江波龙
2025-11-27,sz301308,244.02,251.23,238.35,239.09,16479575,3940101586.75,江波龙
2025-11-28,sz301308,236.65,252.0,236.65,249.19,18383566,4581000811.54,江波龙
2025-12-01,sz301308,249.92,253.29,241.0,249.08,15490978,3858492800.2400002,江波龙
2025-12-02,sz301308,246.01,249.0,242.26,245.41,9776484,2399246938.44,江波龙
2025-12-03,sz301308,240.0,246.52,236.1,241.88,11828796,2861149176.48,江波龙
2025-12-04,sz301308,236.01,242.84,232.22,238.73,10747544,2565761179.12,江波龙
2025-12-05,sz301308,240.33,243.0,236.36,238.13,9821745,2338852136.85,江波龙
2025-12-08,sz301308,242.0,275.83,241.58,273.0,25207609,6881677257.0,江波龙
2025-12-09,sz301308,269.03,282.39,267.8,270.37,20675400,5590007898.0,江波龙
2025-12-10,sz301308,269.39,269.69,252.02,258.99,14648830,3793900481.7000003,江波龙
2025-12-11,sz301308,266.02,267.02,255.28,259.0,15621231,4045898829.0,江波龙
2025-12-12,sz301308,260.75,271.2,256.24,265.55,19475080,5171607494.0,江波龙
2025-12-15,sz301308,249.8,251.89,243.51,244.0,15302327,3733767788.0,江波龙
2025-12-16,sz301308,245.99,251.32,238.75,240.42,11043390,2655051823.7999997,江波龙
2025-12-17,sz301308,240.67,252.5,237.0,251.28,12796874,3215598498.72,江波龙
2025-12-18,sz301308,254.0,263.88,253.02,258.54,15106094,3905529542.76,江波龙
2025-12-19,sz301308,267.0,268.6,242.08,243.97,18439114,4498590642.58,江波龙
2025-12-22,sz301308,248.0,250.99,242.98,244.18,11983556,2926144704.08,江波龙
2025-12-23,sz301308,243.0,249.0,237.95,242.66,12282893,2980566815.38,江波龙
2025-12-24,sz301308,247.0,259.9,247.0,255.44,18986958,4850028551.5199995,江波龙
2025-12-25,sz301308,255.01,270.3,253.0,255.22,17131777,4372372125.94,江波龙
2025-12-26,sz301308,254.51,273.45,253.68,266.89,19889568,5308326803.5199995,江波龙
2025-12-29,sz301308,262.63,276.18,255.55,258.86,16915696,4378797066.56,江波龙
2025-12-30,sz301308,255.12,268.9,252.5,254.75,13084484,3333272299.0,江波龙
2025-12-31,sz301308,255.98,257.0,243.99,244.84,11625588,2846408965.92,江波龙
2026-01-05,sz301308,255.69,283.5,255.27,283.36,28255532,8006487547.52,江波龙
2026-01-06,sz301308,280.75,295.53,273.28,287.65,24147521,6946034415.65,江波龙
2026-01-07,sz301308,320.05,326.16,288.88,292.95,27752140,8129989413.0,江波龙
2026-01-08,sz301308,290.03,297.55,282.66,283.9,15743933,4469702578.7,江波龙
2026-01-09,sz301308,276.41,280.49,271.8,277.55,14170256,3932954552.8,江波龙
2026-01-12,sz301308,286.0,288.0,273.53,285.32,18214054,5196833887.28,江波龙
2026-01-13,sz301308,281.2,289.7,274.32,276.49,13025889,3601528049.61,江波龙
2026-01-14,sz301308,287.01,295.66,277.43,284.75,20720355,5900121086.25,江波龙
2026-01-15,sz301308,277.76,320.88,276.9,311.5,24824169,7732728643.5,江波龙
2026-01-16,sz301308,312.88,366.0,306.91,353.48,29503069,10428744830.12,江波龙
2026-01-19,sz301308,343.51,349.5,334.07,336.25,23080763,7760906558.75,江波龙
2026-01-20,sz301308,323.14,348.2,323.14,341.99,22083824,7552446969.76,江波龙
2026-01-21,sz301308,340.5,355.81,336.88,346.62,18468639,6401599650.18,江波龙
2026-01-22,sz301308,365.0,377.0,338.0,361.81,23394841,8464487422.21,江波龙
2026-01-23,sz301308,352.2,375.24,347.88,374.0,20714270,7747136980.0,江波龙
2026-01-26,sz301308,368.0,379.99,356.22,360.5,15713551,5664735135.5,江波龙
2026-01-27,sz301308,351.03,369.88,340.01,368.45,17550503,6466482830.349999,江波龙
2026-01-28,sz301308,368.0,377.89,364.21,371.2,16107486,5979098803.2,江波龙
2026-01-29,sz301308,372.2,389.0,357.54,358.8,17484264,6273353923.2,江波龙
2026-01-30,sz301308,348.0,358.74,330.8,336.0,22751546,7644519456.0,江波龙
2026-02-02,sz301308,324.92,324.92,299.0,299.8,20700178,6205913364.400001,江波龙
2026-02-03,sz301308,311.0,314.0,299.81,306.03,15873735,4857839122.049999,江波龙
2026-02-04,sz301308,300.13,305.8,295.21,302.0,11262369,3401235438.0,江波龙
2026-02-05,sz301308,290.0,295.89,288.88,292.72,9554162,2796694300.6400003,江波龙
2026-02-06,sz301308,288.88,292.46,285.0,288.0,7899010,2274914880.0,江波龙
2026-02-09,sz301308,292.4,295.0,287.02,293.95,11144459,3275913723.0499997,江波龙
2026-02-10,sz301308,291.93,294.39,287.15,288.37,7996769,2306028276.53,江波龙
2026-02-11,sz301308,284.0,288.56,282.01,284.14,6263537,1779721403.1799998,江波龙
2026-02-12,sz301308,289.75,293.06,285.8,292.71,12081123,3536265513.33,江波龙
2026-02-13,sz301308,289.79,312.59,287.03,303.69,16073205,4881271626.45,江波龙
2026-02-24,sz301308,304.47,313.2,301.91,308.5,12254834,3780616289.0,江波龙
2026-02-25,sz301308,301.85,302.0,293.35,297.75,10505182,3127917940.5,江波龙
2026-02-26,sz301308,297.0,304.0,290.0,299.81,11064094,3317126022.14,江波龙
2026-02-27,sz301308,294.0,294.42,289.09,291.7,7997892,2332985096.4,江波龙
2026-03-02,sz301308,281.0,288.87,280.18,282.98,8527113,2413002436.7400002,江波龙
2026-03-03,sz301308,282.02,285.0,262.9,262.9,12119161,3186127426.8999996,江波龙
2026-03-04,sz301308,280.15,306.75,280.15,301.99,26844715,8106835482.85,江波龙
2026-03-05,sz301308,308.02,310.85,295.23,296.3,21507895,6372789288.5,江波龙
2026-03-06,sz301308,294.82,311.95,293.95,306.0,17081397,5226907482.0,江波龙
2026-03-09,sz301308,297.98,330.25,297.5,330.12,24549549,8104297115.88,江波龙
2026-03-10,sz301308,337.0,340.44,324.68,333.51,21807535,7273030997.849999,江波龙
2026-03-11,sz301308,333.0,333.88,323.02,324.59,16485448,5351011566.32,江波龙
2026-03-12,sz301308,323.5,331.2,315.01,319.0,12511184,3991067696.0,江波龙
2026-03-13,sz301308,318.0,337.0,316.03,326.17,18562885,6054656200.450001,江波龙
2026-03-16,sz301308,326.0,355.99,322.0,346.8,21876975,7586934930.0,江波龙
2026-03-17,sz301308,343.0,345.27,330.5,331.9,15373398,5102430796.2,江波龙
2026-03-18,sz301308,342.0,365.0,340.02,359.3,24290372,8727530659.6,江波龙
2026-03-19,sz301308,348.0,368.59,342.56,356.5,21269790,7582680135.0,江波龙
2026-03-20,sz301308,349.85,351.49,328.0,330.1,21820986,7203107478.6,江波龙
2026-03-23,sz301308,310.0,323.88,305.0,306.2,14769881,4522537562.2,江波龙
2026-03-24,sz301308,310.0,325.87,291.4,323.5,17098226,5531276111.0,江波龙
2026-03-25,sz301308,322.88,349.95,320.0,338.16,18420823,6229185505.68,江波龙
2026-03-26,sz301308,325.12,334.58,318.1,327.0,14229661,4653099147.0,江波龙
2026-03-27,sz301308,310.0,327.13,308.02,320.03,11960367,3827676251.0099998,江波龙
2026-03-30,sz301308,310.24,329.8,310.18,315.0,12671352,3991475880.0,江波龙
2026-03-31,sz301308,302.0,304.98,291.0,297.08,15063469,4475055370.5199995,江波龙
2026-04-01,sz301308,319.0,323.0,295.09,299.11,19344610,5786166297.1,江波龙
2026-04-02,sz301308,300.4,305.01,289.0,289.44,11721105,3392556631.2,江波龙
2026-04-03,sz301308,291.5,294.68,285.08,285.57,8367670,2389555521.9,江波龙
2026-04-07,sz301308,290.82,301.33,288.14,297.5,11513118,3425152605.0,江波龙
2026-04-08,sz301308,318.11,323.95,306.69,323.92,16787796,5437902880.320001,江波龙
2026-04-09,sz301308,316.75,331.06,315.0,325.5,14243637,4636303843.5,江波龙
2026-04-10,sz301308,333.0,347.69,330.8,341.3,19047067,6500763967.1,江波龙
2026-04-13,sz301308,340.16,356.99,338.6,354.5,18711892,6633365714.0,江波龙
2026-04-14,sz301308,357.91,393.86,355.0,381.51,24165987,9219565700.369999,江波龙
2026-04-15,sz301308,387.0,387.51,368.55,371.57,19202220,7134968885.4,江波龙
2026-04-16,sz301308,356.0,375.18,356.0,372.06,15440194,5744678579.64,江波龙
2026-04-17,sz301308,366.0,373.73,358.0,370.52,14009134,5190664329.679999,江波龙
2026-04-20,sz301308,369.0,385.78,367.0,375.21,14162717,5313993045.57,江波龙
2026-04-21,sz301308,378.0,379.8,363.33,375.96,10765016,4047215415.3599997,江波龙
2026-04-22,sz301308,378.22,383.29,373.0,382.74,11844403,4533326804.22,江波龙
2026-04-23,sz301308,391.05,393.0,358.02,358.19,18720212,6705392736.28,江波龙
2026-04-24,sz301308,359.01,382.6,353.03,373.19,16498195,6156961392.05,江波龙
2026-04-27,sz301308,374.93,399.88,369.1,393.46,18954788,7457950886.48,江波龙
2026-04-28,sz301308,399.99,411.02,381.5,381.7,26343522,10055322347.4,江波龙
2026-04-29,sz301308,381.1,416.3,380.01,414.3,23187112,9606420501.6,江波龙
2026-04-30,sz301308,410.0,414.0,396.0,401.12,18901278,7581680631.36,江波龙
2026-05-06,sz301308,432.0,481.34,426.12,481.34,26341702,12679314840.679998,江波龙
2026-05-07,sz301308,490.0,508.58,480.77,483.33,30888358,14929270072.14,江波龙
2026-05-08,sz301308,474.64,485.0,472.67,479.99,19197478,9214597465.22,江波龙
2026-05-11,sz301308,528.0,564.95,515.0,556.66,26958078,15006483699.48,江波龙
2026-05-12,sz301308,547.17,572.16,537.47,561.64,22999178,12917258331.92,江波龙
2026-05-13,sz301308,552.0,615.88,538.0,611.9,25899447,15847871619.3,江波龙
2026-05-14,sz301308,605.79,638.5,599.0,599.0,24514213,14684013587.0,江波龙
2024-01-02,sh603986,92.4,92.4,89.85,89.98,8930619,803577097.62,兆易创新
2024-01-03,sh603986,89.8,89.9,84.86,86.06,16606379,1429144976.74,兆易创新
2024-01-04,sh603986,85.72,85.86,80.0,81.3,21178745,1721831968.5,兆易创新
2024-01-05,sh603986,80.65,82.25,78.39,79.7,17185508,1369684987.6000001,兆易创新
2024-01-08,sh603986,79.0,79.88,76.69,77.61,17052819,1323469282.59,兆易创新
2024-01-09,sh603986,78.0,78.79,76.36,77.7,12295609,955368819.3000001,兆易创新
2024-01-10,sh603986,77.13,77.88,75.85,76.58,9530840,729871727.1999999,兆易创新
2024-01-11,sh603986,76.16,78.16,76.13,77.86,10206702,794693817.72,兆易创新
2024-01-12,sh603986,77.37,77.67,76.33,76.6,7963537,610006934.1999999,兆易创新
2024-01-15,sh603986,76.15,78.3,75.5,76.55,9691794,741906830.6999999,兆易创新
2024-01-16,sh603986,76.4,76.92,74.76,76.48,11077803,847230373.44,兆易创新
2024-01-17,sh603986,76.0,76.78,74.32,74.33,8126423,604037021.59,兆易创新
2024-01-18,sh603986,73.87,76.18,72.81,75.93,13784603,1046664905.7900001,兆易创新
2024-01-19,sh603986,75.55,76.49,75.0,75.28,8170013,615038578.64,兆易创新
2024-01-22,sh603986,75.1,75.5,71.3,72.29,12616436,912042158.44,兆易创新
2024-01-23,sh603986,72.3,74.0,72.0,73.23,9923749,726716139.27,兆易创新
2024-01-24,sh603986,73.8,73.94,69.9,72.1,13124861,946302478.0999999,兆易创新
2024-01-25,sh603986,71.87,74.3,71.36,74.16,11939188,885410182.0799999,兆易创新
2024-01-26,sh603986,72.0,72.0,68.0,68.73,29918652,2056308951.96,兆易创新
2024-01-29,sh603986,67.9,69.3,65.71,66.68,19437408,1296086365.44,兆易创新
2024-01-30,sh603986,66.52,67.29,65.05,65.35,9885278,646002917.3,兆易创新
2024-01-31,sh603986,65.0,65.81,62.41,62.5,14230693,889418312.5,兆易创新
2024-02-01,sh603986,62.42,65.69,61.91,63.31,15342504,971333928.24,兆易创新
2024-02-02,sh603986,63.7,64.07,58.0,60.18,18211986,1095997317.48,兆易创新
2024-02-05,sh603986,59.99,60.0,55.2,57.92,18284040,1059011596.8000001,兆易创新
2024-02-06,sh603986,57.63,62.0,57.0,61.96,17348952,1074941065.92,兆易创新
2024-02-07,sh603986,62.15,63.57,61.38,62.3,17746534,1105609068.2,兆易创新
2024-02-08,sh603986,62.78,68.53,62.75,68.53,21011024,1439885474.72,兆易创新
2024-02-19,sh603986,68.55,68.99,64.77,66.95,26161136,1751488055.2,兆易创新
2024-02-20,sh603986,66.19,72.02,64.43,70.15,30158154,2115594503.1000001,兆易创新
2024-02-21,sh603986,67.5,71.6,67.35,69.27,34144703,2365203576.81,兆易创新
2024-02-22,sh603986,68.0,73.04,67.8,72.54,30134313,2185943065.02,兆易创新
2024-02-23,sh603986,72.55,73.31,70.99,71.98,26247608,1889302823.8400002,兆易创新
2024-02-26,sh603986,72.0,72.82,70.8,71.36,18635305,1329815364.8,兆易创新
2024-02-27,sh603986,70.92,74.63,70.26,74.19,23433466,1738528842.54,兆易创新
2024-02-28,sh603986,74.3,75.6,69.81,69.9,24215016,1692629618.4,兆易创新
2024-02-29,sh603986,69.3,73.3,69.11,73.27,22964032,1682574624.6399999,兆易创新
2024-03-01,sh603986,73.37,76.66,73.16,75.76,24492835,1855577179.6000001,兆易创新
2024-03-04,sh603986,76.18,76.66,74.15,74.93,19293767,1445681961.3100002,兆易创新
2024-03-05,sh603986,74.1,75.69,73.79,74.26,16705729,1240567435.5400002,兆易创新
2024-03-06,sh603986,74.0,74.25,72.08,72.83,14820036,1079343221.8799999,兆易创新
2024-03-07,sh603986,72.97,74.2,70.5,70.52,15181523,1070601001.9599999,兆易创新
2024-03-08,sh603986,71.03,72.48,70.47,71.6,12336319,883280440.4,兆易创新
2024-03-11,sh603986,70.72,74.8,70.05,74.63,19419285,1449261239.55,兆易创新
2024-03-12,sh603986,74.97,82.09,74.49,79.0,44915090,3548292110.0,兆易创新
2024-03-13,sh603986,80.0,80.4,77.3,78.35,29531018,2313755260.2999997,兆易创新
2024-03-14,sh603986,77.55,78.62,76.36,77.18,17770735,1371545327.3000002,兆易创新
2024-03-15,sh603986,77.0,77.76,75.38,77.42,18226787,1411117849.54,兆易创新
2024-03-18,sh603986,77.65,78.5,76.66,77.89,21306486,1659562194.54,兆易创新
2024-03-19,sh603986,77.9,79.95,76.9,77.21,22380477,1727996629.1699998,兆易创新
2024-03-20,sh603986,76.77,77.85,75.77,77.1,15425847,1189332803.6999998,兆易创新
2024-03-21,sh603986,79.34,82.32,78.3,80.15,37843922,3033190348.3,兆易创新
2024-03-22,sh603986,81.0,82.43,78.29,78.38,31645246,2480354381.48,兆易创新
2024-03-25,sh603986,77.02,77.42,73.34,73.53,26722382,1964896748.46,兆易创新
2024-03-26,sh603986,74.65,79.66,74.4,76.47,30206875,2309919731.25,兆易创新
2024-03-27,sh603986,75.96,76.23,70.52,70.75,24253899,1715963354.25,兆易创新
2024-03-28,sh603986,70.75,73.46,69.68,72.75,17020041,1238207982.75,兆易创新
2024-03-29,sh603986,72.74,72.74,70.45,71.87,14497340,1041923825.8000001,兆易创新
2024-04-01,sh603986,71.95,72.67,71.0,72.44,17932957,1299063405.08,兆易创新
2024-04-02,sh603986,73.89,74.01,71.45,71.9,16482731,1185108358.9,兆易创新
2024-04-03,sh603986,71.36,73.87,69.38,71.61,23837759,1707021921.99,兆易创新
2024-04-08,sh603986,71.4,72.0,69.74,69.74,15821765,1103409891.1,兆易创新
2024-04-09,sh603986,69.8,70.89,69.0,69.85,11952312,834868993.1999999,兆易创新
2024-04-10,sh603986,70.0,70.26,66.21,66.42,17433099,1157906435.58,兆易创新
2024-04-11,sh603986,66.6,72.33,66.6,70.18,33596868,2357828196.2400002,兆易创新
2024-04-12,sh603986,69.8,76.24,69.6,73.85,35840065,2646788800.25,兆易创新
2024-04-15,sh603986,73.0,73.78,72.07,73.2,20979199,1535677366.8,兆易创新
2024-04-16,sh603986,72.68,72.68,68.8,68.87,18105146,1246901405.02,兆易创新
2024-04-17,sh603986,70.5,75.76,69.8,75.76,34327549,2600655112.2400002,兆易创新
2024-04-18,sh603986,76.51,77.4,75.43,76.0,27641979,2100790404.0,兆易创新
2024-04-19,sh603986,75.3,75.5,72.65,74.09,22347182,1655702714.38,兆易创新
2024-04-22,sh603986,70.35,76.17,69.09,75.96,36890346,2802190682.16,兆易创新
2024-04-23,sh603986,75.7,76.3,74.08,74.5,19473399,1450768225.5,兆易创新
2024-04-24,sh603986,75.25,78.32,75.25,77.9,29444411,2293719616.9,兆易创新
2024-04-25,sh603986,77.11,79.27,77.01,77.11,21455033,1654397594.6299999,兆易创新
2024-04-26,sh603986,77.1,79.68,76.93,78.7,25022732,1969289008.4,兆易创新
2024-04-29,sh603986,78.7,80.97,78.47,78.75,28811533,2268908223.75,兆易创新
2024-04-30,sh603986,78.71,80.6,78.22,78.75,17926047,1411676201.25,兆易创新
2024-05-06,sh603986,80.02,82.93,80.02,81.94,24131969,1977373539.86,兆易创新
2024-05-07,sh603986,81.98,86.99,81.79,84.03,27886862,2343333013.86,兆易创新
2024-05-08,sh603986,84.0,84.0,81.52,81.99,18668070,1530595059.3,兆易创新
2024-05-09,sh603986,81.51,83.5,81.44,82.59,16650087,1375130685.3300002,兆易创新
2024-05-10,sh603986,82.8,85.5,81.89,82.49,23419768,1931896662.32,兆易创新
2024-05-13,sh603986,81.0,87.57,80.77,86.32,27023946,2332707018.72,兆易创新
2024-05-14,sh603986,86.62,87.2,85.1,86.62,18139577,1571250159.74,兆易创新
2024-05-15,sh603986,86.71,86.79,83.04,83.42,17066814,1423713623.88,兆易创新
2024-05-16,sh603986,84.0,84.5,81.0,81.55,18224707,1486224855.85,兆易创新
2024-05-17,sh603986,81.65,83.0,80.8,82.87,13686007,1134159400.0900002,兆易创新
2024-05-20,sh603986,82.85,83.39,81.52,82.68,12259048,1013578088.6400001,兆易创新
2024-05-21,sh603986,82.5,84.33,82.1,82.92,10591201,878222386.9200001,兆易创新
2024-05-22,sh603986,82.92,83.42,81.27,82.53,12437459,1026463491.27,兆易创新
2024-05-23,sh603986,82.53,83.6,81.22,81.26,12084767,982008166.4200001,兆易创新
2024-05-24,sh603986,81.09,81.88,78.31,78.6,18008872,1415497339.1999998,兆易创新
2024-05-27,sh603986,78.84,81.52,77.01,81.48,18354356,1495512926.88,兆易创新
2024-05-28,sh603986,81.39,85.16,81.02,81.69,22107670,1805975562.3,兆易创新
2024-05-29,sh603986,81.02,81.98,80.0,80.44,10737034,863687014.9599999,兆易创新
2024-05-30,sh603986,80.38,82.98,79.35,82.38,15428912,1271033770.56,兆易创新
2024-05-31,sh603986,82.49,84.99,82.03,83.11,16715105,1389192376.55,兆易创新
2024-06-03,sh603986,84.01,87.02,83.5,86.17,24898109,2145470052.53,兆易创新
2024-06-04,sh603986,86.17,86.78,84.18,85.3,14370434,1225798020.2,兆易创新
2024-06-05,sh603986,84.95,86.84,84.72,84.77,12739065,1079890540.05,兆易创新
2024-06-06,sh603986,85.62,86.2,82.88,83.15,18498410,1538142791.5,兆易创新
2024-06-07,sh603986,83.57,85.3,82.4,83.46,13729946,1145901293.1599998,兆易创新
2024-06-11,sh603986,84.0,87.58,83.6,87.56,23333784,2043106127.04,兆易创新
2024-06-12,sh603986,87.02,88.68,86.3,86.6,18921814,1638629092.3999999,兆易创新
2024-06-13,sh603986,87.9,91.33,87.55,89.0,27153434,2416655626.0,兆易创新
2024-06-14,sh603986,88.5,90.68,86.85,90.66,19235018,1743846731.8799999,兆易创新
2024-06-17,sh603986,90.3,94.99,89.99,94.28,24311161,2292056259.08,兆易创新
2024-06-18,sh603986,94.2,95.49,92.43,93.6,19500928,1825286860.8,兆易创新
2024-06-19,sh603986,95.2,97.15,93.65,94.71,21226048,2010319006.08,兆易创新
2024-06-20,sh603986,94.0,95.6,92.75,93.0,16626929,1546304397.0,兆易创新
2024-06-21,sh603986,91.08,95.0,90.5,94.5,17103753,1616304658.5,兆易创新
2024-06-24,sh603986,94.2,96.62,92.23,92.45,18387667,1699939814.15,兆易创新
2024-06-25,sh603986,92.0,93.5,88.97,89.95,21070142,1895259272.9,兆易创新
2024-06-26,sh603986,90.66,93.8,89.36,93.2,15530505,1447443066.0,兆易创新
2024-06-27,sh603986,92.11,96.46,92.0,94.2,20637172,1944021602.4,兆易创新
2024-06-28,sh603986,93.05,96.24,93.01,95.62,16069384,1536554498.0800002,兆易创新
2024-07-01,sh603986,95.06,95.99,90.55,94.41,15848340,1496241779.3999999,兆易创新
2024-07-02,sh603986,94.01,94.01,89.81,90.21,18359135,1656177568.35,兆易创新
2024-07-03,sh603986,90.02,92.5,89.41,91.69,13029988,1194719599.72,兆易创新
2024-07-04,sh603986,91.64,93.99,91.3,91.6,11445590,1048416043.9999999,兆易创新
2024-07-05,sh603986,91.6,92.5,88.58,91.84,14475001,1329384091.8400002,兆易创新
2024-07-08,sh603986,92.97,93.59,91.67,91.96,11883652,1092820637.9199998,兆易创新
2024-07-09,sh603986,92.0,97.0,90.7,96.42,20846816,2010049998.72,兆易创新
2024-07-10,sh603986,96.46,97.92,95.78,97.04,14493568,1406455838.72,兆易创新
2024-07-11,sh603986,98.3,99.86,95.52,97.82,15758720,1541517990.3999999,兆易创新
2024-07-12,sh603986,96.61,98.2,95.3,97.35,10475798,1019818935.3,兆易创新
2024-07-15,sh603986,97.0,98.35,96.55,97.2,7949222,772664378.4,兆易创新
2024-07-16,sh603986,96.7,98.6,95.32,97.99,14101155,1381772178.4499998,兆易创新
2024-07-17,sh603986,98.0,98.19,95.91,96.0,10274739,986374944.0,兆易创新
2024-07-18,sh603986,94.31,95.9,90.0,94.0,20597174,1936134356.0,兆易创新
2024-07-19,sh603986,93.01,97.29,92.9,96.0,16018096,1537737216.0,兆易创新
2024-07-22,sh603986,96.07,96.71,93.58,94.37,12213376,1152576293.1200001,兆易创新
2024-07-23,sh603986,94.38,94.66,88.88,88.88,19479001,1731293608.8799999,兆易创新
2024-07-24,sh603986,88.7,90.01,86.0,86.3,16962596,1463872034.8,兆易创新
2024-07-25,sh603986,86.25,86.25,83.7,84.4,12745554,1075724757.6000001,兆易创新
2024-07-26,sh603986,84.7,85.52,83.26,84.41,11913837,1005646981.17,兆易创新
2024-07-29,sh603986,84.41,85.17,82.5,82.55,12616257,1041472015.3499999,兆易创新
2024-07-30,sh603986,82.22,83.66,80.6,82.99,12352303,1025117625.9699999,兆易创新
2024-07-31,sh603986,82.4,86.05,82.0,85.98,16042966,1379374216.68,兆易创新
2024-08-01,sh603986,86.3,87.67,85.6,86.74,13555527,1175806411.98,兆易创新
2024-08-02,sh603986,85.24,86.07,82.91,83.06,13156249,1092758041.94,兆易创新
2024-08-05,sh603986,81.03,82.5,77.61,77.66,23258132,1806226531.12,兆易创新
2024-08-06,sh603986,78.98,79.48,76.93,78.18,12730323,995256652.1400001,兆易创新
2024-08-07,sh603986,78.05,78.4,76.66,76.95,9295136,715260715.2,兆易创新
2024-08-08,sh603986,76.27,78.15,75.08,77.57,14485945,1123674753.6499999,兆易创新
2024-08-09,sh603986,78.8,79.5,78.0,78.12,11723319,915825680.2800001,兆易创新
2024-08-12,sh603986,77.77,78.65,77.55,78.19,6011610,470047785.9,兆易创新
2024-08-13,sh603986,78.6,79.16,77.58,78.96,7006975,553270746.0,兆易创新
2024-08-14,sh603986,79.0,79.31,78.11,78.23,6314456,493979892.88000005,兆易创新
2024-08-15,sh603986,78.2,80.27,77.82,78.75,9914579,780773096.25,兆易创新
2024-08-16,sh603986,79.08,80.09,78.66,78.9,8424192,664668748.8000001,兆易创新
2024-08-19,sh603986,78.6,79.79,78.32,78.98,6817317,538431696.6600001,兆易创新
2024-08-20,sh603986,79.47,79.8,78.35,79.23,8279687,655999601.01,兆易创新
2024-08-21,sh603986,78.57,78.57,73.97,73.99,27929610,2066511843.8999999,兆易创新
2024-08-22,sh603986,74.38,74.74,72.61,73.65,14704266,1082969190.9,兆易创新
2024-08-23,sh603986,73.0,73.5,72.02,72.36,11164297,807848530.92,兆易创新
2024-08-26,sh603986,72.62,72.88,71.02,71.28,10119834,721341767.52,兆易创新
2024-08-27,sh603986,71.27,71.56,70.0,70.23,9216904,647303167.9200001,兆易创新
2024-08-28,sh603986,70.23,70.74,69.65,69.95,7639058,534352107.1,兆易创新
2024-08-29,sh603986,69.7,71.05,68.77,70.0,10725590,750791300.0,兆易创新
2024-08-30,sh603986,70.0,72.93,69.88,72.38,17053794,1234353609.72,兆易创新
2024-09-02,sh603986,72.38,72.38,68.52,68.54,15040989,1030909386.0600001,兆易创新
2024-09-03,sh603986,69.21,70.67,68.92,70.02,9534208,667585244.16,兆易创新
2024-09-04,sh603986,69.03,69.88,68.57,68.84,9824716,676333449.44,兆易创新
2024-09-05,sh603986,69.0,70.05,68.82,69.39,7572898,525483392.22,兆易创新
2024-09-06,sh603986,69.44,69.59,67.88,67.88,7428440,504242507.2,兆易创新
2024-09-09,sh603986,67.37,68.79,67.26,67.64,6195010,419030476.4,兆易创新
2024-09-10,sh603986,67.88,68.4,66.4,67.93,10247245,696095352.85,兆易创新
2024-09-11,sh603986,67.6,68.09,67.0,67.64,7740953,523598060.92,兆易创新
2024-09-12,sh603986,68.0,68.46,66.8,66.8,7182167,479768755.59999996,兆易创新
2024-09-13,sh603986,66.8,67.08,65.3,65.3,10362866,676695149.8,兆易创新
2024-09-18,sh603986,65.35,66.0,64.13,64.78,8693296,563151714.88,兆易创新
2024-09-19,sh603986,65.3,66.35,64.44,65.51,10680573,699684337.23,兆易创新
2024-09-20,sh603986,65.67,66.02,64.6,65.29,8135227,531148970.83000004,兆易创新
2024-09-23,sh603986,65.29,66.46,64.84,65.13,7621567,496392658.71,兆易创新
2024-09-24,sh603986,65.81,68.41,65.0,68.4,19155435,1310231754.0,兆易创新
2024-09-25,sh603986,69.21,71.54,68.93,69.45,21660755,1504339434.75,兆易创新
2024-09-26,sh603986,69.98,75.28,69.81,75.27,28858952,2172213317.04,兆易创新
2024-09-27,sh603986,76.4,80.43,75.74,80.4,18296278,1471020751.2,兆易创新
2024-09-30,sh603986,85.35,88.44,82.01,88.37,41920744,3704536147.28,兆易创新
2024-10-08,sh603986,97.21,97.21,91.45,97.21,42265565,4108635573.6499996,兆易创新
2024-10-09,sh603986,97.1,101.14,92.0,93.1,60829780,5663252518.0,兆易创新
2024-10-10,sh603986,93.51,94.77,86.52,88.08,43039970,3790960557.6,兆易创新
2024-10-11,sh603986,86.5,87.89,82.87,84.0,26759269,2247778596.0,兆易创新
2024-10-14,sh603986,84.0,86.28,81.48,86.12,28720800,2473435296.0,兆易创新
2024-10-15,sh603986,86.13,88.45,84.55,85.0,24654037,2095593145.0,兆易创新
2024-10-16,sh603986,83.0,84.47,82.15,83.08,18382604,1527226740.32,兆易创新
2024-10-17,sh603986,83.68,85.2,82.38,82.39,17252313,1421418068.07,兆易创新
2024-10-18,sh603986,82.2,90.0,82.01,87.74,36143165,3171201297.1,兆易创新
2024-10-21,sh603986,92.49,93.09,89.68,89.92,48779368,4386240770.56,兆易创新
2024-10-22,sh603986,88.83,90.48,87.8,88.8,25415141,2256864520.7999997,兆易创新
2024-10-23,sh603986,88.0,89.55,87.76,88.0,19867696,1748357248.0,兆易创新
2024-10-24,sh603986,87.52,89.55,87.01,88.3,18743117,1655017231.1,兆易创新
2024-10-25,sh603986,88.55,90.3,87.2,89.15,21559241,1922006335.15,兆易创新
2024-10-28,sh603986,89.14,91.64,88.28,90.76,24488105,2222540409.8,兆易创新
2024-10-29,sh603986,91.0,91.84,88.6,88.6,25767835,2283030181.0,兆易创新
2024-10-30,sh603986,88.08,90.44,87.74,88.76,19984518,1773825817.68,兆易创新
2024-10-31,sh603986,88.75,90.8,87.2,90.17,28035452,2527956706.84,兆易创新
2024-11-01,sh603986,89.48,89.9,86.18,86.3,22223191,1917861383.3,兆易创新
2024-11-04,sh603986,86.6,90.89,86.3,90.0,24716399,2224475910.0,兆易创新
2024-11-05,sh603986,90.2,92.74,89.51,92.08,28777210,2649805496.7999997,兆易创新
2024-11-06,sh603986,101.26,101.26,93.75,94.52,49902103,4716746775.559999,兆易创新
2024-11-07,sh603986,94.68,97.18,94.01,96.64,29854689,2885157144.96,兆易创新
2024-11-08,sh603986,97.64,99.29,95.0,95.48,36673219,3501558950.1200004,兆易创新
2024-11-11,sh603986,95.68,99.69,95.66,99.14,40235612,3988958573.68,兆易创新
2024-11-12,sh603986,99.22,99.49,96.05,96.86,29664817,2873334174.62,兆易创新
2024-11-13,sh603986,95.93,96.8,93.9,96.31,21244900,2046096319.0,兆易创新
2024-11-14,sh603986,95.9,95.9,92.0,92.22,19403530,1789393536.6,兆易创新
2024-11-15,sh603986,92.26,94.23,89.15,89.59,21198816,1899201925.44,兆易创新
2024-11-18,sh603986,89.5,90.33,85.89,86.46,20314058,1756353454.6799998,兆易创新
2024-11-19,sh603986,87.07,88.95,85.89,88.76,16317517,1448342808.92,兆易创新
2024-11-20,sh603986,88.31,88.92,87.51,88.31,12417981,1096631902.1100001,兆易创新
2024-11-21,sh603986,88.32,89.17,87.38,88.32,12234407,1080542826.24,兆易创新
2024-11-22,sh603986,88.33,88.98,84.3,84.38,17145648,1446749778.24,兆易创新
2024-11-25,sh603986,85.0,85.44,82.2,83.91,14196156,1191199449.96,兆易创新
2024-11-26,sh603986,83.2,84.37,83.12,83.22,8780355,730701143.1,兆易创新
2024-11-27,sh603986,83.02,85.0,81.9,85.0,13866877,1178684545.0,兆易创新
2024-11-28,sh603986,85.29,86.45,84.5,85.24,14304781,1219339532.4399998,兆易创新
2024-11-29,sh603986,84.81,87.32,83.91,85.78,16104599,1381452502.22,兆易创新
2024-12-02,sh603986,84.0,85.3,83.43,84.78,23990197,2033888901.66,兆易创新
2024-12-03,sh603986,85.06,85.11,83.01,83.72,16622375,1391625235.0,兆易创新
2024-12-04,sh603986,85.82,87.6,85.36,85.87,31331614,2690445694.1800003,兆易创新
2024-12-05,sh603986,85.88,86.15,84.55,85.08,15354915,1306396168.2,兆易创新
2024-12-06,sh603986,85.05,86.2,84.31,85.98,15601840,1341446203.2,兆易创新
2024-12-09,sh603986,85.11,85.78,82.8,83.32,21996964,1832787040.4799998,兆易创新
2024-12-10,sh603986,85.88,86.24,83.33,83.69,22781053,1906546325.57,兆易创新
2024-12-11,sh603986,83.3,85.0,83.08,84.21,13704544,1154059650.24,兆易创新
2024-12-12,sh603986,84.22,85.06,83.38,84.53,15534949,1313169238.97,兆易创新
2024-12-13,sh603986,84.0,92.98,83.82,92.98,80388117,7474487118.66,兆易创新
2024-12-16,sh603986,91.58,100.0,91.09,96.66,89943490,8693937743.4,兆易创新
2024-12-17,sh603986,95.2,97.0,93.16,93.68,39121516,3664903618.88,兆易创新
2024-12-18,sh603986,93.3,103.05,93.3,103.05,57622684,5938017586.2,兆易创新
2024-12-19,sh603986,106.5,113.36,105.0,112.15,104783629,11751483992.35,兆易创新
2024-12-20,sh603986,110.7,114.6,109.55,113.2,66829266,7565072911.2,兆易创新
2024-12-23,sh603986,116.66,117.0,107.25,107.25,59923433,6426788189.25,兆易创新
2024-12-24,sh603986,108.0,108.99,102.82,108.0,56896208,6144790464.0,兆易创新
2024-12-25,sh603986,109.0,114.0,107.96,109.76,49478897,5430803734.72,兆易创新
2024-12-26,sh603986,108.5,115.88,107.99,115.0,48428440,5569270600.0,兆易创新
2024-12-27,sh603986,114.99,117.5,111.49,111.96,40396885,4522835244.599999,兆易创新
2024-12-30,sh603986,113.21,115.76,110.29,113.82,32104010,3654078418.2,兆易创新
2024-12-31,sh603986,114.0,114.08,106.8,106.8,36654416,3914691628.7999997,兆易创新
2025-01-02,sh603986,106.25,107.2,101.76,102.99,30243055,3114732234.45,兆易创新
2025-01-03,sh603986,103.6,106.6,100.09,103.1,34128860,3518685466.0,兆易创新
2025-01-06,sh603986,103.64,104.8,98.63,99.54,31342042,3119786860.6800003,兆易创新
2025-01-07,sh603986,100.44,106.33,99.65,105.2,33877141,3563875233.2000003,兆易创新
2025-01-08,sh603986,104.16,115.72,103.8,114.65,62000544,7108362369.6,兆易创新
2025-01-09,sh603986,113.32,125.29,113.11,122.9,63692089,7827757738.1,兆易创新
2025-01-10,sh603986,120.0,123.86,119.88,120.5,35924514,4328903937.0,兆易创新
2025-01-13,sh603986,119.0,121.9,116.03,117.85,31307714,3689614094.8999996,兆易创新
2025-01-14,sh603986,117.99,129.64,114.51,129.64,50403030,6534248809.199999,兆易创新
2025-01-15,sh603986,129.79,137.8,128.21,132.86,53533607,7112475026.02,兆易创新
2025-01-16,sh603986,132.07,133.88,125.17,128.2,39402398,5051387423.599999,兆易创新
2025-01-17,sh603986,128.9,137.76,128.44,134.79,41894466,5646955072.139999,兆易创新
2025-01-20,sh603986,134.8,134.88,131.0,133.0,27594094,3670014502.0,兆易创新
2025-01-21,sh603986,134.03,139.8,128.12,132.1,44660065,5899594586.5,兆易创新
2025-01-22,sh603986,130.0,139.3,128.6,136.21,40713332,5545562951.72,兆易创新
2025-01-23,sh603986,137.0,141.0,129.65,130.47,39825455,5196027113.85,兆易创新
2025-01-24,sh603986,129.79,131.68,127.45,130.5,33673487,4394390053.5,兆易创新
2025-01-27,sh603986,129.34,131.45,126.49,127.4,22323026,2843953512.4,兆易创新
2025-02-05,sh603986,133.98,138.71,133.25,135.35,35421388,4794284865.8,兆易创新
2025-02-06,sh603986,133.1,143.4,133.0,140.63,36858239,5183374150.57,兆易创新
2025-02-07,sh603986,139.5,143.55,135.47,138.56,35777905,4957386516.8,兆易创新
2025-02-10,sh603986,138.5,138.5,133.91,134.63,26470460,3563718029.7999997,兆易创新
2025-02-11,sh603986,134.6,136.38,131.99,134.0,20152162,2700389708.0,兆易创新
2025-02-12,sh603986,133.5,135.44,130.99,134.98,25482693,3439653901.14,兆易创新
2025-02-13,sh603986,134.88,134.88,127.0,127.68,36499480,4660253606.400001,兆易创新
2025-02-14,sh603986,127.27,128.44,125.04,127.32,26186191,3334025838.12,兆易创新
2025-02-17,sh603986,127.3,128.8,125.81,127.49,27084377,3452987223.73,兆易创新
2025-02-18,sh603986,127.4,127.46,122.68,123.47,28645241,3536827906.27,兆易创新
2025-02-19,sh603986,123.46,128.44,123.0,127.51,34409434,4387546929.34,兆易创新
2025-02-20,sh603986,127.5,130.01,125.0,128.39,23578672,3027265698.0799994,兆易创新
2025-02-21,sh603986,128.41,140.2,127.6,138.05,49534145,6838188717.250001,兆易创新
2025-02-24,sh603986,138.8,147.56,137.05,143.0,39675449,5673589207.0,兆易创新
2025-02-25,sh603986,139.0,141.75,135.36,137.0,35920869,4921159053.0,兆易创新
2025-02-26,sh603986,137.0,137.5,131.31,136.77,27619535,3777523801.9500003,兆易创新
2025-02-27,sh603986,136.0,138.49,130.51,133.74,27343186,3656877695.6400003,兆易创新
2025-02-28,sh603986,131.99,140.77,131.11,131.83,44693919,5891999341.77,兆易创新
2025-03-03,sh603986,135.0,135.0,126.39,129.58,27599626,3576359537.0800004,兆易创新
2025-03-04,sh603986,126.86,137.64,124.01,134.5,35213977,4736279906.5,兆易创新
2025-03-05,sh603986,135.4,137.88,133.0,135.88,24585421,3340667005.48,兆易创新
2025-03-06,sh603986,135.9,139.83,135.21,137.73,27212285,3747948013.0499997,兆易创新
2025-03-07,sh603986,136.34,136.35,131.2,134.68,28299207,3811337198.76,兆易创新
2025-03-10,sh603986,132.21,134.01,130.64,132.52,17774324,2355453416.48,兆易创新
2025-03-11,sh603986,129.11,130.8,127.3,128.18,21403793,2743538186.7400002,兆易创新
2025-03-12,sh603986,129.39,131.19,127.15,128.48,19880842,2554290580.16,兆易创新
2025-03-13,sh603986,127.55,128.19,123.0,124.28,21533469,2676179527.32,兆易创新
2025-03-14,sh603986,123.96,130.44,123.8,129.89,24206585,3144193325.6499996,兆易创新
2025-03-17,sh603986,129.28,130.11,127.5,128.03,12371773,1583958097.19,兆易创新
2025-03-18,sh603986,128.78,132.2,128.02,129.91,19766333,2567844320.0299997,兆易创新
2025-03-19,sh603986,129.0,131.98,128.11,130.95,18851352,2468584544.3999996,兆易创新
2025-03-20,sh603986,130.31,132.89,128.13,128.4,15136489,1943525187.6000001,兆易创新
2025-03-21,sh603986,127.0,128.13,123.18,123.61,16610566,2053232063.26,兆易创新
2025-03-24,sh603986,123.81,125.2,121.85,125.12,15131146,1893208987.52,兆易创新
2025-03-25,sh603986,124.36,124.8,118.96,119.31,20542677,2450946792.87,兆易创新
2025-03-26,sh603986,119.31,120.14,116.58,116.96,19642505,2297387384.7999997,兆易创新
2025-03-27,sh603986,116.55,120.29,116.55,117.63,14242454,1675339864.02,兆易创新
2025-03-28,sh603986,117.0,118.22,116.65,117.01,8404063,983359411.63,兆易创新
2025-03-31,sh603986,117.05,117.89,114.1,116.88,12308461,1438612921.6799998,兆易创新
2025-04-01,sh603986,117.5,118.98,115.8,117.49,12079635,1419236316.1499999,兆易创新
2025-04-02,sh603986,117.49,118.68,116.7,117.59,7960755,936105180.45,兆易创新
2025-04-03,sh603986,115.65,118.3,114.9,115.75,9981755,1155388141.25,兆易创新
2025-04-07,sh603986,105.0,111.99,104.18,104.2,25454171,2652324618.2000003,兆易创新
2025-04-08,sh603986,105.86,106.66,100.88,103.48,26951963,2788989131.2400002,兆易创新
2025-04-09,sh603986,101.99,107.5,98.87,104.96,27581007,2894902494.72,兆易创新
2025-04-10,sh603986,108.99,110.52,106.68,107.9,21466858,2316273978.2000003,兆易创新
2025-04-11,sh603986,107.69,116.8,106.1,112.32,32246519,3621929014.08,兆易创新
2025-04-14,sh603986,114.32,114.49,110.38,111.73,18581758,2076139821.3400002,兆易创新
2025-04-15,sh603986,111.0,111.74,108.8,110.0,12675010,1394251100.0,兆易创新
2025-04-16,sh603986,110.11,110.6,107.0,109.19,12639317,1380087023.23,兆易创新
2025-04-17,sh603986,108.93,111.01,108.28,109.2,11004359,1201676002.8,兆易创新
2025-04-18,sh603986,108.88,108.88,107.39,108.3,6922479,749704475.6999999,兆易创新
2025-04-21,sh603986,108.91,113.0,108.01,112.46,13940203,1567715229.3799999,兆易创新
2025-04-22,sh603986,112.39,115.78,111.95,112.35,13886010,1560093223.5,兆易创新
2025-04-23,sh603986,112.99,115.1,112.21,114.6,15109330,1731529218.0,兆易创新
2025-04-24,sh603986,115.1,115.1,110.2,111.16,15513043,1724429859.8799999,兆易创新
2025-04-25,sh603986,111.2,114.88,110.68,112.63,16191299,1823626006.37,兆易创新
2025-04-28,sh603986,112.63,115.5,109.81,115.2,21757291,2506439923.2000003,兆易创新
2025-04-29,sh603986,116.2,126.72,116.12,126.72,43808595,5551425158.4,兆易创新
2025-04-30,sh603986,126.88,129.7,125.5,128.69,33476045,4308032231.05,兆易创新
2025-05-06,sh603986,130.56,135.04,130.3,131.85,30197967,3981601948.95,兆易创新
2025-05-07,sh603986,132.06,132.77,129.35,130.35,18104363,2359903717.0499997,兆易创新
2025-05-08,sh603986,129.11,130.0,127.03,127.52,16185154,2063930838.08,兆易创新
2025-05-09,sh603986,126.32,126.94,123.71,124.4,16554790,2059415876.0,兆易创新
2025-05-12,sh603986,125.51,126.62,123.87,125.48,12913098,1620335537.04,兆易创新
2025-05-13,sh603986,127.03,128.52,125.16,125.51,17563257,2204364386.07,兆易创新
2025-05-14,sh603986,125.53,127.64,123.48,124.49,14648376,1823576328.24,兆易创新
2025-05-15,sh603986,124.0,124.59,121.5,122.0,12437269,1517346818.0,兆易创新
2025-05-16,sh603986,122.03,123.38,121.75,122.29,8363431,1022763976.99,兆易创新
2025-05-19,sh603986,122.97,127.79,121.86,126.3,22365434,2824754314.2,兆易创新
2025-05-20,sh603986,125.8,128.55,124.51,126.15,15810718,1994522075.7,兆易创新
2025-05-21,sh603986,124.55,124.57,117.08,118.14,31614537,3734941401.18,兆易创新
2025-05-22,sh603986,118.0,120.53,117.5,117.66,13129832,1544856033.12,兆易创新
2025-05-23,sh603986,117.09,118.21,115.4,115.4,13879993,1601751192.2,兆易创新
2025-05-26,sh603986,115.48,117.08,114.63,116.03,11203011,1299885366.33,兆易创新
2025-05-27,sh603986,115.43,115.87,112.85,112.9,11410597,1288256401.3,兆易创新
2025-05-28,sh603986,113.65,115.29,113.23,113.5,11295866,1282080791.0,兆易创新
2025-05-29,sh603986,113.77,114.44,112.52,113.75,11502557,1308415858.75,兆易创新
2025-05-30,sh603986,113.2,114.3,111.49,112.3,10283849,1154876242.7,兆易创新
2025-06-03,sh603986,111.11,115.14,111.01,112.88,11756415,1327064125.2,兆易创新
2025-06-04,sh603986,113.26,116.86,112.87,115.58,13662958,1579164685.6399999,兆易创新
2025-06-05,sh603986,115.99,118.48,114.78,117.9,14671663,1729789067.7,兆易创新
2025-06-06,sh603986,117.66,127.78,117.01,123.44,29191812,3603437273.2799997,兆易创新
2025-06-09,sh603986,123.0,123.9,121.37,122.63,16133930,1978503835.8999999,兆易创新
2025-06-10,sh603986,122.9,122.91,117.71,119.4,14136792,1687932964.8000002,兆易创新
2025-06-11,sh603986,119.56,121.8,119.0,119.15,10358003,1234156057.45,兆易创新
2025-06-12,sh603986,119.88,122.2,119.0,119.95,12892656,1546474087.2,兆易创新
2025-06-13,sh603986,118.9,119.97,117.78,118.9,11264907,1339397442.3,兆易创新
2025-06-16,sh603986,119.0,124.32,119.0,121.01,16911704,2046485301.0400002,兆易创新
2025-06-17,sh603986,122.61,125.0,120.18,122.32,14441268,1766455901.76,兆易创新
2025-06-18,sh603986,121.99,124.62,119.0,122.62,14672043,1799085912.66,兆易创新
2025-06-19,sh603986,122.38,126.49,122.2,123.21,18263988,2250305961.48,兆易创新
2025-06-20,sh603986,122.61,123.25,117.5,118.96,16593917,1974012366.32,兆易创新
2025-06-23,sh603986,117.71,121.69,117.39,120.21,11257924,1353315044.04,兆易创新
2025-06-24,sh603986,122.26,124.9,121.9,123.91,16749954,2075486800.1399999,兆易创新
2025-06-25,sh603986,124.98,125.79,122.6,125.5,17473194,2192885847.0,兆易创新
2025-06-26,sh603986,125.2,125.65,123.0,123.25,13130452,1618328209.0,兆易创新
2025-06-27,sh603986,124.3,127.5,122.3,126.34,20986705,2651460309.7000003,兆易创新
2025-06-30,sh603986,128.37,128.5,125.2,126.53,14143399,1789564275.47,兆易创新
2025-07-01,sh603986,126.0,126.55,123.51,124.02,14287587,1771946539.74,兆易创新
2025-07-02,sh603986,123.28,123.3,120.1,120.98,13068106,1580979463.88,兆易创新
2025-07-03,sh603986,120.58,121.55,119.0,119.72,12859007,1539480318.04,兆易创新
2025-07-04,sh603986,119.19,120.3,117.51,118.85,14182695,1685613300.75,兆易创新
2025-07-07,sh603986,118.98,120.81,117.86,120.81,11458495,1384300780.95,兆易创新
2025-07-08,sh603986,123.0,123.5,121.01,121.71,15187786,1848505434.06,兆易创新
2025-07-09,sh603986,120.91,120.99,119.29,119.47,12605642,1505996049.74,兆易创新
2025-07-10,sh603986,119.02,119.87,118.04,118.06,11158331,1317352557.8600001,兆易创新
2025-07-11,sh603986,117.9,119.1,117.37,118.36,12977402,1536005300.72,兆易创新
2025-07-14,sh603986,118.61,119.2,117.46,117.59,11279153,1326315601.27,兆易创新
2025-07-15,sh603986,117.1,117.56,114.0,115.0,23620259,2716329785.0,兆易创新
2025-07-16,sh603986,115.0,116.4,114.0,114.24,15874283,1813478089.9199998,兆易创新
2025-07-17,sh603986,114.05,118.19,113.82,117.99,24127542,2846808680.58,兆易创新
2025-07-18,sh603986,117.86,120.3,116.23,117.16,20323308,2381078765.2799997,兆易创新
2025-07-21,sh603986,116.82,117.53,115.4,117.11,11594394,1357819481.34,兆易创新
2025-07-22,sh603986,116.97,117.33,115.8,115.87,14392733,1667685972.71,兆易创新
2025-07-23,sh603986,115.77,118.36,115.5,116.99,14911076,1744446781.24,兆易创新
2025-07-24,sh603986,116.6,118.0,115.14,117.89,17225398,2030702170.22,兆易创新
2025-07-25,sh603986,117.9,122.0,117.9,121.94,35693376,4352450269.44,兆易创新
2025-07-28,sh603986,122.0,122.2,119.71,120.26,19101197,2297109951.2200003,兆易创新
2025-07-29,sh603986,120.0,121.5,119.4,120.28,16994065,2044046138.2,兆易创新
2025-07-30,sh603986,124.06,129.67,123.31,123.99,47298744,5864571268.559999,兆易创新
2025-07-31,sh603986,121.0,126.8,120.28,121.13,30874773,3739861253.49,兆易创新
2025-08-01,sh603986,120.5,122.1,117.09,117.31,24781348,2907099933.88,兆易创新
2025-08-04,sh603986,116.3,120.2,116.3,118.84,16078264,1910740893.76,兆易创新
2025-08-05,sh603986,119.0,119.3,117.3,118.0,12485055,1473236490.0,兆易创新
2025-08-06,sh603986,118.0,118.65,117.01,118.28,11448567,1354136504.76,兆易创新
2025-08-07,sh603986,117.98,119.2,117.32,117.67,16994088,1999694334.96,兆易创新
2025-08-08,sh603986,117.68,117.68,116.4,116.4,12151300,1414411320.0,兆易创新
2025-08-11,sh603986,116.79,118.5,116.48,117.95,12798173,1509544505.3500001,兆易创新
2025-08-12,sh603986,118.31,121.5,117.6,120.47,25275618,3044953700.46,兆易创新
2025-08-13,sh603986,120.49,123.0,119.94,121.46,24098654,2927022514.8399997,兆易创新
2025-08-14,sh603986,121.7,125.49,120.55,121.01,31400325,3799753328.25,兆易创新
2025-08-15,sh603986,120.01,123.5,120.01,122.9,21150022,2599337703.8,兆易创新
2025-08-18,sh603986,123.33,127.98,121.51,125.7,32849852,4129226396.4,兆易创新
2025-08-19,sh603986,125.48,128.88,122.85,123.26,32317520,3983457515.2000003,兆易创新
2025-08-20,sh603986,123.0,127.25,122.01,127.01,35989759,4571059290.59,兆易创新
2025-08-21,sh603986,132.09,139.71,132.09,137.16,85897149,11781652956.84,兆易创新
2025-08-22,sh603986,135.12,150.88,135.08,150.88,78079054,11780567667.52,兆易创新
2025-08-25,sh603986,159.0,163.5,152.88,157.8,83619760,13195198128.0,兆易创新
2025-08-26,sh603986,157.8,157.8,152.62,154.4,38225332,5901991260.8,兆易创新
2025-08-27,sh603986,155.87,168.5,152.18,158.63,62381058,9895507230.539999,兆易创新
2025-08-28,sh603986,161.0,165.8,159.01,164.45,49432831,8129229057.95,兆易创新
2025-08-29,sh603986,161.8,162.0,156.4,158.98,39800586,6327497162.28,兆易创新
2025-09-01,sh603986,164.11,174.88,157.0,174.88,61279712,10716596034.56,兆易创新
2025-09-02,sh603986,179.28,188.0,173.05,176.0,76285237,13426201712.0,兆易创新
2025-09-03,sh603986,176.26,177.73,168.55,171.09,44127598,7549790741.82,兆易创新
2025-09-04,sh603986,169.0,171.07,153.98,153.98,45498053,7005790200.94,兆易创新
2025-09-05,sh603986,150.0,163.99,145.8,159.56,69948770,11161025741.2,兆易创新
2025-09-08,sh603986,161.93,169.0,159.15,163.83,52371475,8580018749.250001,兆易创新
2025-09-09,sh603986,161.0,162.8,154.62,157.15,32732034,5143839143.1,兆易创新
2025-09-10,sh603986,157.14,163.25,155.7,161.29,33465697,5397682269.13,兆易创新
2025-09-11,sh603986,161.26,177.42,160.0,177.42,55442395,9836589720.9,兆易创新
2025-09-12,sh603986,179.99,195.16,177.5,190.21,71035704,13511701257.84,兆易创新
2025-09-15,sh603986,193.51,194.5,186.62,190.94,49548307,9460753738.58,兆易创新
2025-09-16,sh603986,189.0,196.8,186.89,189.16,40856221,7728362764.36,兆易创新
2025-09-17,sh603986,188.99,192.58,182.97,186.6,33924537,6330318604.2,兆易创新
2025-09-18,sh603986,189.39,200.85,186.8,190.88,59041052,11269756005.76,兆易创新
2025-09-19,sh603986,194.31,195.88,184.91,185.2,37191821,6887925249.2,兆易创新
2025-09-22,sh603986,188.88,198.09,186.28,195.01,41197769,8033976932.69,兆易创新
2025-09-23,sh603986,196.0,201.59,188.69,194.07,39994566,7761745423.62,兆易创新
2025-09-24,sh603986,194.6,208.23,193.0,199.8,50702069,10130273386.2,兆易创新
2025-09-25,sh603986,199.0,204.5,193.1,197.41,40427591,7980810739.309999,兆易创新
2025-09-26,sh603986,196.01,206.02,190.21,190.21,43520085,8277955367.85,兆易创新
2025-09-29,sh603986,196.5,203.63,195.1,197.13,43487798,8572749619.74,兆易创新
2025-09-30,sh603986,204.34,216.84,203.0,213.3,59786499,12752460236.7,兆易创新
2025-10-09,sh603986,222.0,234.63,218.6,225.49,58538977,13199953923.730001,兆易创新
2025-10-10,sh603986,225.5,230.5,212.12,215.02,44303098,9526052131.960001,兆易创新
2025-10-13,sh603986,201.5,214.9,201.5,207.85,42481514,8829782684.9,兆易创新
2025-10-14,sh603986,215.45,220.53,193.0,196.0,52201780,10231548880.0,兆易创新
2025-10-15,sh603986,195.55,202.4,186.41,202.01,39044231,7887325104.309999,兆易创新
2025-10-16,sh603986,201.44,214.8,198.53,208.13,45866618,9546219204.34,兆易创新
2025-10-17,sh603986,208.12,211.5,201.0,201.21,32935784,6627009098.64,兆易创新
2025-10-20,sh603986,207.73,215.0,203.03,208.35,36724406,7651529990.099999,兆易创新
2025-10-21,sh603986,211.0,222.0,209.66,219.01,40511722,8872472235.22,兆易创新
2025-10-22,sh603986,214.0,214.0,205.3,210.93,37182952,7843000065.360001,兆易创新
2025-10-23,sh603986,205.98,208.1,200.39,206.96,27405848,5671914302.08,兆易创新
2025-10-24,sh603986,214.0,221.88,212.0,221.08,45061812,9962265396.960001,兆易创新
2025-10-27,sh603986,230.0,243.19,222.83,243.19,52091618,12668160581.42,兆易创新
2025-10-28,sh603986,236.5,254.44,234.58,246.95,52729642,13021585091.9,兆易创新
2025-10-29,sh603986,246.96,252.63,236.0,241.15,50374463,12147801752.45,兆易创新
2025-10-30,sh603986,246.24,247.0,231.78,232.0,43365443,10060782776.0,兆易创新
2025-10-31,sh603986,231.0,234.68,216.0,220.0,49242882,10833434040.0,兆易创新
2025-11-03,sh603986,217.0,230.68,216.66,230.1,46261349,10644736404.9,兆易创新
2025-11-04,sh603986,231.0,231.22,222.5,224.99,29336781,6600482357.190001,兆易创新
2025-11-05,sh603986,213.0,220.49,210.95,218.39,33513145,7318935736.549999,兆易创新
2025-11-06,sh603986,224.5,228.0,222.25,227.2,34334670,7800837024.0,兆易创新
2025-11-07,sh603986,222.68,227.89,219.55,220.95,27898918,6164265932.099999,兆易创新
2025-11-10,sh603986,228.49,231.45,212.5,218.96,38583223,8448182508.08,兆易创新
2025-11-11,sh603986,223.6,227.01,216.71,216.99,34192490,7419428405.1,兆易创新
2025-11-12,sh603986,213.0,218.58,207.01,209.5,34952308,7322508526.0,兆易创新
2025-11-13,sh603986,212.0,230.45,211.88,227.5,62663858,14256027695.0,兆易创新
2025-11-14,sh603986,216.0,216.49,205.78,205.78,54863327,11289775430.06,兆易创新
2025-11-17,sh603986,207.81,214.74,206.36,207.5,33506074,6952510355.0,兆易创新
2025-11-18,sh603986,205.28,207.58,201.57,202.5,27437846,5556163815.0,兆易创新
2025-11-19,sh603986,200.25,205.5,199.03,202.52,23881863,4836554894.76,兆易创新
2025-11-20,sh603986,207.5,208.0,198.66,199.1,21760535,4332522518.5,兆易创新
2025-11-21,sh603986,189.0,190.57,182.51,182.51,40441609,7380998058.589999,兆易创新
2025-11-24,sh603986,183.75,184.75,176.0,179.18,34049949,6101069861.820001,兆易创新
2025-11-25,sh603986,185.0,191.6,184.19,190.62,36402147,6938977261.14,兆易创新
2025-11-26,sh603986,187.01,198.88,186.8,196.5,29768530,5849516145.0,兆易创新
2025-11-27,sh603986,198.88,208.0,198.88,200.86,31973175,6422131930.5,兆易创新
2025-11-28,sh603986,199.0,204.35,196.66,203.0,21565225,4377740675.0,兆易创新
2025-12-01,sh603986,204.04,215.45,201.2,212.82,38267003,8143983578.46,兆易创新
2025-12-02,sh603986,211.78,216.79,208.1,210.5,24924369,5246579674.5,兆易创新
2025-12-03,sh603986,210.42,210.99,206.19,207.6,17070813,3543900778.7999997,兆易创新
2025-12-04,sh603986,206.0,212.98,201.99,210.41,24700726,5197279757.66,兆易创新
2025-12-05,sh603986,210.92,211.0,205.5,206.81,16981736,3511992822.16,兆易创新
2025-12-08,sh603986,208.62,216.97,207.53,213.89,31130702,6658545850.78,兆易创新
2025-12-09,sh603986,212.0,215.3,209.3,210.95,21058596,4442310826.2,兆易创新
2025-12-10,sh603986,209.09,210.2,203.5,208.84,19181021,4005764425.64,兆易创新
2025-12-11,sh603986,211.88,213.0,207.5,207.81,18824603,3911940749.43,兆易创新
2025-12-12,sh603986,206.0,214.44,204.01,209.89,21503384,4513345267.759999,兆易创新
2025-12-15,sh603986,205.02,208.68,203.5,204.16,17506942,3574217278.72,兆易创新
2025-12-16,sh603986,203.0,205.46,196.13,197.86,20482472,4052661909.92,兆易创新
2025-12-17,sh603986,197.01,202.87,195.95,202.18,19050158,3851560944.44,兆易创新
2025-12-18,sh603986,203.5,218.88,203.5,214.45,41852471,8975262405.949999,兆易创新
2025-12-19,sh603986,220.0,221.0,208.2,210.21,33239480,6987271090.8,兆易创新
2025-12-22,sh603986,213.51,219.5,213.51,216.46,25370057,5491602538.22,兆易创新
2025-12-23,sh603986,216.99,221.33,215.0,217.38,25429787,5527927098.059999,兆易创新
2025-12-24,sh603986,220.0,225.0,216.2,224.1,29840962,6687359584.2,兆易创新
2025-12-25,sh603986,223.0,228.83,217.33,222.0,25940049,5758690878.0,兆易创新
2025-12-26,sh603986,221.0,230.0,220.0,226.97,29663127,6732639935.19,兆易创新
2025-12-29,sh603986,225.71,234.44,225.0,227.93,29601901,6747161294.93,兆易创新
2025-12-30,sh603986,226.0,229.54,219.1,220.22,27160988,5981392777.36,兆易创新
2025-12-31,sh603986,228.01,228.88,212.58,214.25,35457119,7596687745.75,兆易创新
2026-01-05,sh603986,221.32,235.68,221.0,235.68,49928382,11767121069.76,兆易创新
2026-01-06,sh603986,238.0,253.33,234.0,250.78,50753550,12727975269.0,兆易创新
2026-01-07,sh603986,270.0,273.77,256.78,262.5,54516179,14310496987.5,兆易创新
2026-01-08,sh603986,259.0,267.0,256.91,258.75,31410913,8127573738.75,兆易创新
2026-01-09,sh603986,254.55,254.55,244.32,250.05,39523831,9882933941.550001,兆易创新
2026-01-12,sh603986,255.22,264.04,254.0,261.83,40381307,10573037611.81,兆易创新
2026-01-13,sh603986,266.0,275.0,257.49,263.5,46151776,12160992976.0,兆易创新
2026-01-14,sh603986,270.0,271.0,249.05,253.0,44732134,11317229902.0,兆易创新
2026-01-15,sh603986,249.61,257.55,248.2,254.96,28389837,7238272841.52,兆易创新
2026-01-16,sh603986,260.03,280.46,257.5,280.46,55336213,15519594297.98,兆易创新
2026-01-19,sh603986,280.6,292.0,278.88,288.45,46322995,13361867907.75,兆易创新
2026-01-20,sh603986,282.9,297.1,282.88,292.0,38978232,11381643744.0,兆易创新
2026-01-21,sh603986,295.0,314.8,293.01,307.65,40465397,12449179387.05,兆易创新
2026-01-22,sh603986,320.0,320.02,296.7,301.47,45061697,13584749794.590002,兆易创新
2026-01-23,sh603986,296.0,310.68,295.0,297.25,34937969,10385311285.25,兆易创新
2026-01-26,sh603986,300.0,308.0,290.5,292.6,27267478,7978464062.8,兆易创新
2026-01-27,sh603986,290.0,312.42,286.67,307.26,38004368,11677222111.68,兆易创新
2026-01-28,sh603986,313.88,328.58,313.88,323.68,37717992,12208559650.56,兆易创新
2026-01-29,sh603986,329.88,331.07,306.99,307.5,33424581,10278058657.5,兆易创新
2026-01-30,sh603986,315.0,320.88,308.01,314.88,37619944,11845767966.72,兆易创新
2026-02-02,sh603986,300.8,306.09,283.39,283.39,41628829,11797193850.31,兆易创新
2026-02-03,sh603986,294.01,296.6,285.2,292.57,30221354,8841861539.78,兆易创新
2026-02-04,sh603986,285.99,289.5,279.0,282.33,27095763,7649946767.79,兆易创新
2026-02-05,sh603986,269.94,279.52,268.21,277.74,22905352,6361732464.4800005,兆易创新
2026-02-06,sh603986,271.0,280.51,268.2,276.17,18626714,5144139605.38,兆易创新
2026-02-09,sh603986,283.97,294.44,280.2,292.98,28305521,8292951542.580001,兆易创新
2026-02-10,sh603986,287.13,291.5,284.17,289.9,21596554,6260841004.599999,兆易创新
2026-02-11,sh603986,285.0,286.5,280.5,284.59,17341550,4935231714.5,兆易创新
2026-02-12,sh603986,290.5,305.0,285.0,303.24,30067434,9117648686.16,兆易创新
2026-02-13,sh603986,303.24,317.6,301.0,308.7,29925371,9237962027.699999,兆易创新
2026-02-24,sh603986,317.5,331.16,311.0,323.05,30254540,9773729147.0,兆易创新
2026-02-25,sh603986,316.0,317.01,301.96,311.32,28572801,8895284407.32,兆易创新
2026-02-26,sh603986,316.0,316.0,306.05,309.4,23105285,7148775178.999999,兆易创新
2026-02-27,sh603986,303.5,306.0,296.69,300.0,22096892,6629067600.0,兆易创新
2026-03-02,sh603986,290.87,299.98,290.55,293.15,18513228,5427152788.2,兆易创新
2026-03-03,sh603986,295.0,296.1,272.59,272.89,33329365,9095250414.85,兆易创新
2026-03-04,sh603986,272.89,290.0,272.89,279.07,32691632,9123253742.24,兆易创新
2026-03-05,sh603986,288.16,289.88,280.23,282.8,25529973,7219876364.400001,兆易创新
2026-03-06,sh603986,277.9,288.88,277.56,284.99,20857577,5944200869.2300005,兆易创新
2026-03-09,sh603986,273.0,277.7,264.0,276.09,28354565,7828411850.849999,兆易创新
2026-03-10,sh603986,284.1,286.5,281.18,285.44,23353742,6666092116.48,兆易创新
2026-03-11,sh603986,288.04,290.83,281.32,281.53,21649869,6095087619.57,兆易创新
2026-03-12,sh603986,279.83,283.83,272.43,274.78,17232747,4735214220.66,兆易创新
2026-03-13,sh603986,270.78,285.67,270.78,278.33,22613749,6294084759.17,兆易创新
2026-03-16,sh603986,280.0,306.16,277.0,306.16,46273564,14167114354.240002,兆易创新
2026-03-17,sh603986,306.5,313.0,295.88,296.0,39000085,11544025160.0,兆易创新
2026-03-18,sh603986,305.1,313.68,302.0,311.25,42051352,13088483310.0,兆易创新
2026-03-19,sh603986,300.0,309.71,297.0,303.68,31214567,9479239706.56,兆易创新
2026-03-20,sh603986,305.55,306.7,290.0,290.2,31253644,9069807488.8,兆易创新
2026-03-23,sh603986,277.0,282.88,271.0,273.35,28214191,7712349109.85,兆易创新
2026-03-24,sh603986,277.99,278.0,256.88,273.71,33691468,9221691706.279999,兆易创新
2026-03-25,sh603986,275.15,285.8,275.14,278.4,28376275,7899954959.999999,兆易创新
2026-03-26,sh603986,268.0,268.7,260.0,262.0,35077307,9190254434.0,兆易创新
2026-03-27,sh603986,248.98,260.18,240.25,258.66,28977343,7495279540.380001,兆易创新
2026-03-30,sh603986,252.0,259.54,250.03,255.85,21469645,5493008673.25,兆易创新
2026-03-31,sh603986,249.9,252.0,236.86,238.1,42762334,10181711725.4,兆易创新
2026-04-01,sh603986,250.0,256.1,243.7,255.0,38795783,9892924665.0,兆易创新
2026-04-02,sh603986,257.86,259.8,245.6,246.99,25297431,6248212482.690001,兆易创新
2026-04-03,sh603986,250.99,254.6,247.5,249.1,19747197,4919026772.7,兆易创新
2026-04-07,sh603986,253.1,255.96,248.81,249.66,19847158,4955041466.28,兆易创新
2026-04-08,sh603986,250.11,256.96,243.08,255.96,75332537,19282116170.52,兆易创新
2026-04-09,sh603986,250.0,253.49,243.9,250.49,44468257,11138853695.93,兆易创新
2026-04-10,sh603986,255.49,268.32,255.24,265.09,53476682,14176133631.38,兆易创新
2026-04-13,sh603986,261.0,269.84,260.9,262.14,41242092,10811201996.88,兆易创新
2026-04-14,sh603986,269.5,281.23,266.39,280.01,46620521,13054212085.21,兆易创新
2026-04-15,sh603986,285.0,287.65,271.98,274.0,39697260,10877049240.0,兆易创新
2026-04-16,sh603986,270.1,287.0,268.59,286.73,40933672,11736911772.560001,兆易创新
2026-04-17,sh603986,284.0,295.66,282.9,288.96,40632112,11741055083.519999,兆易创新
2026-04-20,sh603986,293.0,295.96,287.12,290.54,32564280,9461225911.2,兆易创新
2026-04-21,sh603986,290.8,309.0,288.25,306.27,42583406,13042019755.619999,兆易创新
2026-04-22,sh603986,303.5,314.58,302.51,313.98,34166195,10727501906.1,兆易创新
2026-04-23,sh603986,326.01,326.02,301.9,304.8,44199730,13472077704.0,兆易创新
2026-04-24,sh603986,305.0,310.0,292.81,297.7,34910537,10392866864.9,兆易创新
2026-04-27,sh603986,301.59,309.58,297.75,303.42,31635478,9598836734.76,兆易创新
2026-04-28,sh603986,305.0,319.33,302.02,307.5,36794294,11314245405.0,兆易创新
2026-04-29,sh603986,303.01,311.66,297.0,308.89,41919980,12948662622.199999,兆易创新
2026-04-30,sh603986,320.0,321.0,306.48,312.99,58796514,18402720916.86,兆易创新
2026-05-06,sh603986,330.0,344.29,330.0,344.29,42342550,14578116539.5,兆易创新
2026-05-07,sh603986,347.0,357.36,339.0,350.16,52387882,18344140761.120003,兆易创新
2026-05-08,sh603986,341.0,343.3,331.8,334.1,44083273,14728221509.300001,兆易创新
2026-05-11,sh603986,350.1,367.51,347.01,362.13,57507907,20825338361.91,兆易创新
2026-05-12,sh603986,362.14,362.2,349.2,353.55,40559551,14339829256.050001,兆易创新
2026-05-13,sh603986,344.0,366.71,339.33,365.0,48498284,17701873660.0,兆易创新
2026-05-14,sh603986,365.05,373.5,354.99,356.19,40836464,14545540112.16,兆易创新
